"date","quintile","n_stocks","n_universe","mean_ret","median_ret","sd_ret","pct_positive","min_ret","max_ret"
2014-08-28,1,44,223,0.0357648745912791,0.0351196888689109,0.0946651424099185,75,-0.296411856474259,0.344310451453309
2014-08-28,2,44,223,0.0185094898080697,0.00314007563207708,0.0983587176850553,56.8181818181818,-0.160854539742381,0.293498427038799
2014-08-28,3,44,223,-0.0278656637907587,-0.0182506766275596,0.110315412837085,34.0909090909091,-0.45067497403946,0.281981981981982
2014-08-28,4,44,223,-0.02455942345531,-0.0206529036016082,0.112606223911013,38.6363636363636,-0.303067484662576,0.331319614876344
2014-08-28,5,47,223,0.0146545690032092,-0.0149847094801223,0.145114884211556,42.5531914893617,-0.178038379530917,0.705521472392639
2014-09-30,1,46,234,0.0465219889469062,0.0406957008120046,0.0741636315174533,78.2608695652174,-0.100909038934309,0.267552182163188
2014-09-30,2,46,234,0.0485847757556552,0.0476122453617495,0.074910637470015,69.5652173913043,-0.120144209103199,0.235748792270531
2014-09-30,3,46,234,0.0475129649099848,0.0487066228453727,0.0754583632408119,69.5652173913043,-0.0845347313237226,0.196268262629818
2014-09-30,4,46,234,0.0581605393811964,0.0676398862442826,0.0797796626301394,82.6086956521739,-0.170484416072099,0.227941176470588
2014-09-30,5,50,234,0.0344805074663051,0.0288629609997356,0.099952847214053,62,-0.198442972858785,0.30243161094225
2014-10-31,1,46,230,0.0271877295844735,0.0286727004365068,0.108983105839014,65.2173913043478,-0.214348206474191,0.335689045936395
2014-10-31,2,46,230,0.0230171476349282,0.00899958237193743,0.0792310236337749,54.3478260869565,-0.153033088235294,0.242704955998147
2014-10-31,3,46,230,0.034620246416752,0.0191422401314602,0.107773871555508,63.0434782608696,-0.17342073897497,0.418181818181819
2014-10-31,4,46,230,0.0432726367606548,0.0451196507065016,0.0938778984852086,65.2173913043478,-0.106014862981886,0.30212929215423
2014-10-31,5,46,230,0.00835411194890609,-0.00683063066963996,0.130731215177736,43.4782608695652,-0.283315392895587,0.458393632416788
2014-11-28,1,46,231,0.035871594328514,0.0279270602063472,0.0961879338797822,65.2173913043478,-0.176196032672112,0.276014890976777
2014-11-28,2,46,231,0.0196164674774851,-0.00200584535777121,0.0936313983471982,47.8260869565217,-0.185050568900126,0.247412008281573
2014-11-28,3,46,231,-0.00145943197462549,0.00112821016716713,0.0851260150774562,52.1739130434783,-0.193452380952381,0.162544169611308
2014-11-28,4,46,231,-0.00792851251103564,-0.00421446355128624,0.0734989655058631,45.6521739130435,-0.199099549774888,0.224073668055251
2014-11-28,5,47,231,0.00749610007685437,0.00414221608560594,0.0781028789963195,57.4468085106383,-0.139550155967821,0.266180492251595
2014-12-31,1,48,241,0.0284694580064228,0.0162676499775832,0.0943662351361431,62.5,-0.136570718575274,0.224602626123013
2014-12-31,2,48,241,0.0478536916088836,0.0411126702953217,0.0988982491886672,64.5833333333333,-0.132698445921197,0.28032786885246
2014-12-31,3,48,241,0.0326424238261681,0.0180236324314281,0.0872819311242142,62.5,-0.143053645116919,0.212055192447349
2014-12-31,4,48,241,0.0419962293562623,0.032603914221537,0.108508356880263,58.3333333333333,-0.225788497217069,0.320405101275319
2014-12-31,5,49,241,0.00799909868196808,-0.00740846274398055,0.102117357485165,46.9387755102041,-0.260605440087369,0.255916992584622
2015-01-30,1,46,230,0.00899064438213052,-0.010196402119623,0.106116287797731,36.9565217391304,-0.154406070930773,0.491
2015-01-30,2,46,230,0.0476442993332041,0.00248152350257602,0.158341353572933,50,-0.138112596192791,0.717633136094675
2015-01-30,3,46,230,-0.00360896738570525,-0.010797090463926,0.0957539081356556,43.4782608695652,-0.191571871768356,0.359868421052632
2015-01-30,4,46,230,-0.00380208603439135,-0.00198997135781936,0.0802253211905951,50,-0.278557599225556,0.17146017699115
2015-01-30,5,46,230,-0.0292661269042557,-0.0374423601105196,0.0940061920334678,32.6086956521739,-0.247948289636139,0.271489361702127
2015-02-28,1,48,241,-0.033510849267946,-0.0505268132815788,0.127038158957121,33.3333333333333,-0.236934642900449,0.476644423260247
2015-02-28,2,48,241,-0.0606261029927248,-0.0762950255895348,0.0687930346347154,18.75,-0.17585848074922,0.117671610228443
2015-02-28,3,48,241,-0.0499457506958809,-0.0588755847158088,0.0705803013663104,20.8333333333333,-0.20019436345967,0.123771528656223
2015-02-28,4,48,241,-0.0206450823574653,-0.0315327084055756,0.0880181972534454,33.3333333333333,-0.169789107289107,0.211894543225015
2015-02-28,5,49,241,-0.0292587760366347,-0.0344293337923914,0.0871388062822823,32.6530612244898,-0.207514811350172,0.157676348547718
2015-03-31,1,47,236,-0.0548566294012123,-0.0492952494593182,0.100764914304005,27.6595744680851,-0.3281677301732,0.184820193637621
2015-03-31,2,47,236,-0.041732508927322,-0.0487121624776284,0.0737752592998989,23.4042553191489,-0.212297989751675,0.129402453502176
2015-03-31,3,47,236,-0.0347084485010698,-0.0300289435600579,0.0547322812954862,23.4042553191489,-0.155572957452362,0.113414886999792
2015-03-31,4,47,236,-0.042865051628544,-0.0457404230989135,0.0532055793047343,19.1489361702128,-0.161354127044504,0.10091743119266
2015-03-31,5,48,236,-0.0568808523125374,-0.0462191929470338,0.107364244344173,22.9166666666667,-0.442356526155409,0.151815181518152
2015-04-30,1,48,240,0.00223637527084005,0.00658056523266048,0.0745807340147994,58.3333333333333,-0.233984457046839,0.17879746835443
2015-04-30,2,48,240,0.00143525839796793,-0.00632641785653854,0.0762610575738635,43.75,-0.129016786570743,0.232272969610805
2015-04-30,3,48,240,0.00142202091517823,-0.00161006205501085,0.0687098126029056,47.9166666666667,-0.157744468236974,0.179165951604599
2015-04-30,4,48,240,0.0167932620877342,0.0132582104139508,0.0934865970367668,58.3333333333333,-0.171415850400712,0.323634439888904
2015-04-30,5,48,240,0.0106219435083081,-0.00522344300295086,0.101753802547138,47.9166666666667,-0.211761654671594,0.257645619648067
2015-05-29,1,44,220,0.0254366991172971,0.0239609498398443,0.113907746801504,54.5454545454545,-0.224283744047464,0.427841237388329
2015-05-29,2,44,220,-0.00134020544480307,-0.0068118666845613,0.0731113527927324,38.6363636363636,-0.151245895306162,0.244285714285714
2015-05-29,3,44,220,-0.0291635679338942,-0.0243074703874719,0.113506879570126,38.6363636363636,-0.617441755053939,0.10841332580463
2015-05-29,4,44,220,-0.0413860525086521,-0.0353109753065403,0.10555241449474,34.0909090909091,-0.313054499366286,0.237776484284051
2015-05-29,5,44,220,-0.0301306324765218,-0.0214665922533084,0.0943627896427293,40.9090909090909,-0.221554705989441,0.196774193548387
2015-06-30,1,40,204,0.0608427449790236,0.0417866152696711,0.125881522637257,62.5,-0.214693790378557,0.568874868559411
2015-06-30,2,40,204,0.0205768666997057,0.0116833333333333,0.0785016582032536,55,-0.131227529532614,0.202074982315491
2015-06-30,3,40,204,0.0393850009807869,0.0370966782578478,0.0964528772918065,62.5,-0.148767188240872,0.292741165234002
2015-06-30,4,40,204,0.0385452546154649,0.0152578328981723,0.0917244014936867,60,-0.0997097242380259,0.427312775330396
2015-06-30,5,44,204,0.077172188484746,0.0265223494063729,0.166730958103769,65.9090909090909,-0.188109009431504,0.522205494919081
2015-07-31,1,42,213,-0.0877603498881829,-0.0913824589603751,0.156372010558369,21.4285714285714,-0.5704,0.306104993050359
2015-07-31,2,42,213,-0.0737945869734843,-0.0773471723814963,0.117899407958375,19.047619047619,-0.340616689427155,0.250572956455309
2015-07-31,3,42,213,-0.0807319725207921,-0.0795125977590228,0.0717539172914936,14.2857142857143,-0.223988938817836,0.0927119925296813
2015-07-31,4,42,213,-0.0547068677110181,-0.076304106841077,0.0959499881869967,26.1904761904762,-0.242937853107345,0.166719193192562
2015-07-31,5,45,213,-0.0655628156094159,-0.07799300281594,0.099392599850134,22.2222222222222,-0.364678453468039,0.222908478382931
2015-08-31,1,51,258,0.0529075615142835,0.0444604835799347,0.0672307217087783,84.3137254901961,-0.118754398311049,0.247851002865329
2015-08-31,2,51,258,0.0199283001703471,0.026412027631044,0.0778764562825989,56.8627450980392,-0.148435200627882,0.298107255520505
2015-08-31,3,51,258,0.0448437894164097,0.04162875254404,0.109022495375767,68.6274509803922,-0.205927835051547,0.380861331148138
2015-08-31,4,51,258,0.0262205395611944,0.0158333333333338,0.0784350448939168,60.7843137254902,-0.111327175498299,0.252065049044915
2015-08-31,5,54,258,0.0579159367179639,0.0417128342083678,0.0984123508531835,66.6666666666667,-0.101341937376256,0.338582677165355
2015-09-30,1,46,232,0.021611754201628,0.0423674772229227,0.123689314996511,65.2173913043478,-0.450148957298908,0.261053914434338
2015-09-30,2,46,232,0.00308491362150618,-0.00268817204301086,0.0917510114419163,47.8260869565217,-0.38267776096823,0.222753854332802
2015-09-30,3,46,232,0.0192419110936233,0.0265511318645194,0.08541182764844,60.8695652173913,-0.187550648298217,0.331649831649832
2015-09-30,4,46,232,0.0350058208791639,0.00930680535372364,0.103587351858335,52.1739130434783,-0.106817467797675,0.458735262593783
2015-09-30,5,48,232,0.0303081665161473,0.0319153961021353,0.110937200673618,62.5,-0.215787869551966,0.326238978412892
2015-10-30,1,45,226,0.0499183402596861,0.0277868584504739,0.113346987998218,62.2222222222222,-0.14004829251466,0.34273428607563
2015-10-30,2,45,226,0.0163809336276825,0.00687500000000019,0.0587664374038484,53.3333333333333,-0.120399707531075,0.137635636778983
2015-10-30,3,45,226,0.0117895423373983,0.00231749710312856,0.0692605333333701,51.1111111111111,-0.131289439883845,0.235890932149652
2015-10-30,4,45,226,-0.0115506382404053,-0.0101407022436307,0.0794095619602031,42.2222222222222,-0.276678356713427,0.180597925564369
2015-10-30,5,46,226,0.00375683162245189,-0.00706044674695294,0.0911512801423904,45.6521739130435,-0.212137433406364,0.191448439118213
2015-11-30,1,46,231,-0.00842559107083887,-0.0135753968685213,0.0745521877187459,41.304347826087,-0.16132341626058,0.223033949290933
2015-11-30,2,46,231,-0.00545968427276155,0.00135802363352999,0.062243431871004,52.1739130434783,-0.183237414830985,0.124635295877909
2015-11-30,3,46,231,-0.0107240079248239,-0.0146485441414243,0.0740694704080729,36.9565217391304,-0.195434212555915,0.210865993898146
2015-11-30,4,46,231,0.0353572939797161,0.0183890048311918,0.0971131472566427,54.3478260869565,-0.0930467126295299,0.450061274509804
2015-11-30,5,47,231,0.00947103504869845,0.00436999271667893,0.0609901845762439,53.1914893617021,-0.142495977936106,0.165405405405405
2015-12-31,1,46,234,-0.093937213081265,-0.0983211775035993,0.0953848693015339,13.0434782608696,-0.318622174381055,0.236863379143088
2015-12-31,2,46,234,-0.0903808548591355,-0.073492655250799,0.0933862164727723,10.8695652173913,-0.31401766004415,0.0623145400593472
2015-12-31,3,46,234,-0.0975853825599396,-0.0912452963103249,0.0906154482794181,13.0434782608696,-0.347085096379878,0.108171206225681
2015-12-31,4,46,234,-0.105636157263295,-0.105704506942614,0.0836726709768834,8.69565217391304,-0.233375688267683,0.0703726001739244
2015-12-31,5,50,234,-0.101658131414563,-0.103389758171579,0.101974340558311,14,-0.392289753680222,0.294781382228491
2016-01-29,1,48,244,-0.110445490534071,-0.109700506610908,0.0846054079188086,6.25,-0.411895910780669,0.0305424216616252
2016-01-29,2,48,244,-0.0725990504360049,-0.070915729164356,0.0761376083028218,16.6666666666667,-0.259149357072206,0.107003766839047
2016-01-29,3,48,244,-0.0882281128248002,-0.0720076783557926,0.0947017874239151,16.6666666666667,-0.270952927669346,0.119195430841817
2016-01-29,4,48,244,-0.128786015315965,-0.128699389058623,0.080003664105025,4.16666666666667,-0.387384176764077,0.0374042361424067
2016-01-29,5,52,244,-0.178194381293108,-0.181492666091458,0.107735745546859,1.92307692307692,-0.395701643489254,0.00153351832919513
2016-02-29,1,42,214,0.109830506375058,0.119991724061687,0.0975856430924041,85.7142857142857,-0.108064181478664,0.305438564365501
2016-02-29,2,42,214,0.0698041728646265,0.0854114204831304,0.0828030780774018,83.3333333333333,-0.160232756173715,0.221503388786198
2016-02-29,3,42,214,0.101626277361097,0.0906208263352768,0.0950879121809769,90.4761904761905,-0.110745697896749,0.397265268915223
2016-02-29,4,42,214,0.0919027151849408,0.0968641010891421,0.0819412489993296,85.7142857142857,-0.118049664255827,0.2381667918858
2016-02-29,5,45,214,0.106542345345803,0.0910020449897755,0.0766637727768093,93.3333333333333,-0.035315466219989,0.272290809327847
2016-03-31,1,41,207,0.0559466883559147,0.0530434782608697,0.111720499599742,80.4878048780488,-0.239113377795214,0.274851761423091
2016-03-31,2,41,207,0.0488463667241521,0.0431621990004543,0.0676115150778641,80.4878048780488,-0.104419746704575,0.232895839151075
2016-03-31,3,41,207,0.027964376812626,0.0208316768704782,0.0799282155835052,56.0975609756098,-0.0860691332291121,0.235980148883375
2016-03-31,4,41,207,0.0255790524774985,0.0175943698016636,0.0543804225643793,63.4146341463415,-0.0930099155945259,0.140086206896552
2016-03-31,5,43,207,0.0231174771203943,0.0332050577240239,0.0612706235074405,72.0930232558139,-0.129409647228222,0.184302325581395
2016-04-29,1,44,221,0.00954514492552194,0.00767022738214196,0.0549524326615431,59.0909090909091,-0.104347826086956,0.134650905060953
2016-04-29,2,44,221,-0.00907079471694619,-0.0107541667165831,0.0781883696367715,45.4545454545455,-0.201643674787203,0.226715098348296
2016-04-29,3,44,221,0.0154536187364945,0.020729747288195,0.0755930023072635,70.4545454545455,-0.16195856873823,0.178159301998312
2016-04-29,4,44,221,0.0321286223903931,0.0265316468000146,0.115366238811591,61.3636363636364,-0.175045289855072,0.511851851851852
2016-04-29,5,45,221,-0.00228947461800309,-0.0114523685580425,0.100772894626575,46.6666666666667,-0.210807918673087,0.237029985721085
2016-05-31,1,44,220,0.0796880183136889,0.0407583682581653,0.171226015913671,77.2727272727273,-0.0947806137080582,0.964581178903827
2016-05-31,2,44,220,0.0535092512107377,0.0537998613237044,0.0867651274826041,81.8181818181818,-0.23335069039197,0.290873460246361
2016-05-31,3,44,220,0.045920540863341,0.0256267703271169,0.074515693703833,79.5454545454545,-0.0632675846669146,0.380566801619434
2016-05-31,4,44,220,0.0367563264771309,0.0270552138007049,0.0733843027462374,63.6363636363636,-0.122286125089863,0.204430260934861
2016-05-31,5,44,220,0.0509832120311301,0.0372247294991174,0.10239473722613,68.1818181818182,-0.135126429376711,0.376205202837912
2016-06-30,1,45,227,0.0680571006099428,0.0421729807005005,0.105745372457936,77.7777777777778,-0.235241502683363,0.347769028871391
2016-06-30,2,45,227,0.0512400291995129,0.0426464235018207,0.06600090053099,82.2222222222222,-0.0803021824286515,0.280667140702771
2016-06-30,3,45,227,0.0361168913044776,0.0425625274243087,0.0879617413215092,64.4444444444444,-0.152753108348135,0.353356890459364
2016-06-30,4,45,227,0.0457924417393772,0.0425632537242844,0.0671075693920012,82.2222222222222,-0.137400773035202,0.175771971496437
2016-06-30,5,47,227,0.0408733757796123,0.0381913398901521,0.0956110698069388,61.7021276595745,-0.164268585131894,0.282602777021508
2016-07-29,1,51,257,0.0299242579707265,0.0222893298820819,0.175542837003831,60.7843137254902,-0.402360346184107,0.654014468161115
2016-07-29,2,51,257,0.0441819331911152,0.0296874999999999,0.131363267900051,60.7843137254902,-0.230109115708116,0.585783238262397
2016-07-29,3,51,257,0.0390918901332318,0.0377358490566035,0.0761997324179763,66.6666666666667,-0.0933333333333332,0.212658227848101
2016-07-29,4,51,257,0.0313653499064487,0.0334390695215443,0.0807983779799097,64.7058823529412,-0.140429727143561,0.24407072013799
2016-07-29,5,53,257,0.00981337154594948,0.0101954120645711,0.0952532687843281,52.8301886792453,-0.191250298828592,0.197674418604651
2016-08-31,1,53,269,0.010137134227533,-0.0174744027303755,0.10516187247099,41.5094339622642,-0.129292115597623,0.369776760160275
2016-08-31,2,53,269,0.0131797908307725,-0.00220905713425046,0.0885617724033717,47.1698113207547,-0.165259884495779,0.366515837104072
2016-08-31,3,53,269,-0.00570230933607204,-0.0161666407585883,0.0903017563443869,30.188679245283,-0.175268012964348,0.488115870264916
2016-08-31,4,53,269,0.0151911212459211,0.00521124139214613,0.0820477465318257,52.8301886792453,-0.136998340005859,0.245129079396006
2016-08-31,5,57,269,0.0203556551939898,0.00840284213778197,0.0861218683637927,56.140350877193,-0.133466497185401,0.25028441410694
2016-09-30,1,62,312,0.0353659486901146,0.0246032021693626,0.108887799606858,66.1290322580645,-0.226147989531287,0.442360633172746
2016-09-30,2,62,312,0.0112222642434907,-0.00427414869487841,0.0745870601013837,45.1612903225806,-0.109674290794472,0.298018411608675
2016-09-30,3,62,312,-0.00631598018871325,-0.00880097838566379,0.0551312010091314,40.3225806451613,-0.114717816303947,0.12969786293294
2016-09-30,4,62,312,0.0181952185537687,-0.00481400012125077,0.0768469375694412,46.7741935483871,-0.116448326055313,0.311579980372915
2016-09-30,5,64,312,0.0501299895543722,0.0272461570693489,0.112524410498755,59.375,-0.107880937692782,0.547394193774047
2016-10-30,1,67,339,-0.103319223621401,-0.095931997571342,0.0892343393279328,10.4477611940298,-0.329163688348821,0.159574468085106
2016-10-30,2,67,339,-0.0835306767328563,-0.092936802973978,0.101393833982603,22.3880597014925,-0.354246871992301,0.102019856213625
2016-10-30,3,67,339,-0.0724565634931838,-0.0740143813538309,0.0853360217502642,17.910447761194,-0.34375,0.119701593760597
2016-10-30,4,67,339,-0.0700025844561737,-0.077272727272727,0.0792521995624653,14.9253731343284,-0.276591375770021,0.244658119658119
2016-10-30,5,71,339,-0.087850959033142,-0.0741778774289987,0.102724997320526,11.2676056338028,-0.718973972086005,0.0859896686405444
2016-11-30,1,64,320,-0.0184863141437466,-0.0150649175683529,0.053798972663612,32.8125,-0.166505246166263,0.118041543026707
2016-11-30,2,64,320,-0.0250163178884182,-0.012211412406725,0.0620196128645897,35.9375,-0.319327731092437,0.0987673109115808
2016-11-30,3,64,320,-0.0155732440840638,-0.0205057008320473,0.0646819805295369,35.9375,-0.113995485327314,0.204335352247371
2016-11-30,4,64,320,-0.0149560499642965,-0.0186519076431231,0.0600827757999376,34.375,-0.223360655737705,0.136585365853659
2016-11-30,5,64,320,-0.0340305459033367,-0.026421208102243,0.087663120209576,29.6875,-0.491596638655462,0.14756182112318
2016-12-30,1,54,270,0.0440875209759526,0.0346768721323992,0.0725754055117254,72.2222222222222,-0.0872048743335875,0.198351502260037
2016-12-30,2,54,270,0.0524118496644631,0.0566695115776724,0.0926452583615546,68.5185185185185,-0.14636140637776,0.468963993814888
2016-12-30,3,54,270,0.0705094776187099,0.0631405116836136,0.0674072657714716,87.037037037037,-0.0622743682310468,0.219617547806524
2016-12-30,4,54,270,0.0616908326762131,0.0672061675425287,0.0733551553047139,79.6296296296296,-0.122558922558923,0.256593652212785
2016-12-30,5,54,270,0.0648334925215774,0.0631508818886589,0.0809239217681011,77.7777777777778,-0.124383708467309,0.282743524261219
2017-01-31,1,56,282,0.025998211839379,0.0153819450521882,0.105202338027984,57.1428571428571,-0.220300646096904,0.369350079964705
2017-01-31,2,56,282,0.0482985932790869,0.0381513523663332,0.0929390845866337,67.8571428571429,-0.111637487126674,0.352209944751381
2017-01-31,3,56,282,0.054075800671853,0.0359710314672813,0.0922792739112898,71.4285714285714,-0.1994191547134,0.304886602758943
2017-01-31,4,56,282,0.0316691284040009,0.0228939477252198,0.0675252083515236,66.0714285714286,-0.157574812967581,0.188972301320217
2017-01-31,5,58,282,0.0557972829931167,0.0385400765124829,0.106974811349888,68.9655172413793,-0.0668495029139523,0.506082725060828
2017-02-28,1,62,313,0.0630461772131109,0.0462814917878014,0.119963033368293,72.5806451612903,-0.241959064327485,0.611085235211924
2017-02-28,2,62,313,0.0406409311354985,0.0349106958098847,0.0642610990447594,72.5806451612903,-0.0728682170542634,0.17925478348439
2017-02-28,3,62,313,0.0369947202606196,0.0400344743145032,0.0479902444052617,77.4193548387097,-0.0600787238450382,0.154010181538757
2017-02-28,4,62,313,0.0315517601711233,0.022463111877677,0.0833205786878192,59.6774193548387,-0.121438289601554,0.395008605851979
2017-02-28,5,65,313,0.0229338257373855,0.0148574167265758,0.101345047187554,63.0769230769231,-0.290752615592305,0.398336577596886
2017-03-31,1,66,334,0.0451204951371159,0.0351513483696668,0.100237888286586,66.6666666666667,-0.254661800729891,0.27591881513988
2017-03-31,2,66,334,0.045691121079926,0.0320045638337112,0.0815431440379971,71.2121212121212,-0.116816431322208,0.28942071125028
2017-03-31,3,66,334,0.0433648171161617,0.0302027976299555,0.0905015901336635,68.1818181818182,-0.11154704208016,0.340047193662566
2017-03-31,4,66,334,0.0364368982396462,0.0258734776980407,0.107009259669902,66.6666666666667,-0.0890410958904111,0.717478510028653
2017-03-31,5,70,334,0.0351970967125859,0.0190858580007337,0.0792644070304823,61.4285714285714,-0.0994928761168797,0.286631716906947
2017-04-28,1,74,371,-0.0242553248845961,-0.0337296384398783,0.118283300342479,36.4864864864865,-0.330184435447593,0.610113107119095
2017-04-28,2,74,371,-0.0325198902368942,-0.0300678423642795,0.0843220775452832,32.4324324324324,-0.230818414322251,0.176096464752569
2017-04-28,3,74,371,-0.0141234776596702,-0.00816074297390273,0.0968700232042981,47.2972972972973,-0.288194444444444,0.184699915469147
2017-04-28,4,74,371,-0.0301242833375034,-0.030012524318051,0.0966931587675279,36.4864864864865,-0.254651606918754,0.22758749766049
2017-04-28,5,75,371,-0.0162528125285819,-0.0169371912491179,0.112485166589769,44,-0.408618127786033,0.478122283396117
2017-05-31,1,80,400,0.00706175338131308,-0.00417479081999284,0.114270745294527,47.5,-0.230986483760339,0.534303182449633
2017-05-31,2,80,400,-0.00850390272686603,-0.00896804345080199,0.0590457650971295,43.75,-0.130999435347262,0.167987856299544
2017-05-31,3,80,400,0.00966803895984142,-0.00438175554309644,0.083115839292339,47.5,-0.151757188498402,0.393519974834854
2017-05-31,4,80,400,0.0171088602922374,0.0158588853891464,0.0726405464844457,58.75,-0.141414141414141,0.302698145025295
2017-05-31,5,80,400,0.00626988585925653,2.43661661806227e-05,0.0765792315131298,50,-0.143846153846154,0.212927756653992
2017-06-30,1,71,358,0.0312504786038787,0.0129045558275855,0.0949340082114429,63.3802816901408,-0.117552334943639,0.458715596330274
2017-06-30,2,71,358,0.0495092985970908,0.0398650720637841,0.0777820973331394,77.4647887323944,-0.0815090824406149,0.352564102564103
2017-06-30,3,71,358,0.0466431561288843,0.0528143082588113,0.0787423993590206,69.0140845070423,-0.167098445595855,0.243810323122115
2017-06-30,4,71,358,0.0432676971716222,0.0384516790566527,0.054364031836214,81.6901408450704,-0.0882722455891192,0.192277383766746
2017-06-30,5,74,358,0.0401338727772692,0.0328783248083745,0.0906689826413537,59.4594594594595,-0.116946160635481,0.283792090704187
2017-07-31,1,71,358,0.0560606744002408,0.0100441944556042,0.141061317763226,57.7464788732394,-0.174854288093255,0.524291497975709
2017-07-31,2,71,358,0.00880239398082678,-0.0097734340293204,0.100175257126486,47.887323943662,-0.25608806849772,0.381280541285554
2017-07-31,3,71,358,0.00214698150870527,-0.0193539593839447,0.0989153351617086,40.8450704225352,-0.166982955037061,0.412512320153733
2017-07-31,4,71,358,-0.00647744702816089,-0.0124928612221588,0.0806233053758426,36.6197183098592,-0.179491181520212,0.2625290408231
2017-07-31,5,74,358,-0.0121547366845444,-0.0292713617888571,0.095070039005502,40.5405405405405,-0.157956136257583,0.449507550886409
2017-08-31,1,73,366,0.00650349073509237,-0.011439985473034,0.102067954968478,42.4657534246575,-0.17859339758048,0.402851619139681
2017-08-31,2,73,366,-0.0153042224719487,-0.0161208213134229,0.0697264548857944,38.3561643835616,-0.173663087102722,0.14804310833806
2017-08-31,3,73,366,-0.0198408288175514,-0.0110682436278537,0.0697870444074673,38.3561643835616,-0.314310798946444,0.213546039742514
2017-08-31,4,73,366,-0.00804441101725759,-0.0162462392964593,0.0995681961483883,34.2465753424658,-0.217083786724701,0.40158376203796
2017-08-31,5,74,366,0.0175434138849527,-0.00911103156136289,0.11981102040265,47.2972972972973,-0.17375,0.438153532262178
2017-09-29,1,75,376,0.121775797461283,0.0766871165644172,0.145805417324983,88,-0.087207122774133,0.69118065433855
2017-09-29,2,75,376,0.0978326311251012,0.0728751150659712,0.124034075987173,76,-0.0623856263516888,0.612386648659078
2017-09-29,3,75,376,0.0921399492639425,0.0689929047972044,0.109240295186585,82.6666666666667,-0.0903553299492384,0.452540106951872
2017-09-29,4,75,376,0.0752405591166732,0.0430295950155761,0.106494622489952,85.3333333333333,-0.10481124661641,0.521266581086864
2017-09-29,5,76,376,0.116438210479451,0.0768908341867246,0.148975810008418,82.8947368421053,-0.0749068033550795,0.746182040317654
2017-10-31,1,79,398,0.0427744678345318,0.0181153109214425,0.130935856191513,56.9620253164557,-0.162973408541499,0.448125836680054
2017-10-31,2,79,398,0.00290058850780332,-0.0122899423125156,0.0893251206157009,44.3037974683544,-0.158765159867696,0.297409238831833
2017-10-31,3,79,398,0.00520425547539585,-0.0157837624543752,0.0851890408185861,48.1012658227848,-0.249166629627983,0.284581141238365
2017-10-31,4,79,398,-0.0081860188916144,-0.0124888492417485,0.0881814474617417,39.2405063291139,-0.271719038817005,0.200864968765017
2017-10-31,5,82,398,0.0205492513618974,-0.00685129327979356,0.133019222564137,47.5609756097561,-0.245133819951338,0.431316434995912
2017-11-30,1,86,431,0.0675895371481439,0.0395787439297033,0.0945766669671796,81.3953488372093,-0.0779816513761468,0.435328185328185
2017-11-30,2,86,431,0.0579354492396634,0.0592234529541517,0.100769232704551,75.5813953488372,-0.187993680884676,0.401038511466898
2017-11-30,3,86,431,0.0617180969057853,0.0470328790505724,0.0772048649302346,81.3953488372093,-0.083794466403162,0.325150532654006
2017-11-30,4,86,431,0.0537435986832333,0.0449368981069553,0.0699612477074813,83.7209302325581,-0.163651046974446,0.371902332361515
2017-11-30,5,87,431,0.0598615421716997,0.0465530161109033,0.102874503988625,74.7126436781609,-0.227511037527594,0.581106870229007
2017-12-29,1,96,482,-0.0359419618774333,-0.053225615908035,0.104270419382074,29.1666666666667,-0.393258426966292,0.215328467153284
2017-12-29,2,96,482,-0.0241717379689014,-0.0337133992791552,0.113394214272996,34.375,-0.295019157088123,0.367142857142857
2017-12-29,3,96,482,-0.0254616888476733,-0.0341068818284902,0.083721744018938,32.2916666666667,-0.265086206896552,0.249184512835059
2017-12-29,4,96,482,0.00117570597634031,-0.0134362529824678,0.0885574696653048,39.5833333333333,-0.181950198607611,0.308922558922559
2017-12-29,5,98,482,-0.0312468579238032,-0.0365715213969803,0.0866431898529897,34.6938775510204,-0.244135086362465,0.212059620596206
2018-01-31,1,96,483,-0.0182500137915519,-0.0220083648329977,0.0947551514160446,39.5833333333333,-0.241621769701397,0.360535931790499
2018-01-31,2,96,483,-0.0371901261292316,-0.0426546954056873,0.0682632561934496,22.9166666666667,-0.187150837988827,0.196493791088385
2018-01-31,3,96,483,-0.0285280727902954,-0.0367119534087205,0.0732879528074679,29.1666666666667,-0.312099965532136,0.254716981132076
2018-01-31,4,96,483,-0.0427052389768066,-0.0405519882747318,0.0874356729646223,26.0416666666667,-0.442431000836353,0.171148738379814
2018-01-31,5,99,483,-0.0320438881625526,-0.0465940744492274,0.0841171952139926,28.2828282828283,-0.256722041445453,0.401157646364843
2018-02-28,1,92,461,-0.0563942394135622,-0.0569770352873545,0.0723428388074428,20.6521739130435,-0.327021494370522,0.163100242007387
2018-02-28,2,92,461,-0.0425474115353734,-0.0389369500310267,0.0630410573166569,28.2608695652174,-0.287330454351925,0.0753365175857577
2018-02-28,3,92,461,-0.0541708822195118,-0.0596051233427604,0.0714888317924997,17.3913043478261,-0.356028368794326,0.113575226775102
2018-02-28,4,92,461,-0.0771556894405812,-0.0878715022603544,0.0971683631434184,18.4782608695652,-0.305449936628644,0.431782304743291
2018-02-28,5,93,461,-0.0870211523121459,-0.0915351024521327,0.0952484944061092,13.9784946236559,-0.350309510410805,0.185148514851485
2018-03-28,1,83,418,0.0516883751859842,0.0432469304229197,0.107767146791059,74.6987951807229,-0.207403375068046,0.562342342342343
2018-03-28,2,83,418,0.0591396602874236,0.0607380242952096,0.155987776091336,83.1325301204819,-0.538633488332047,0.929389625265914
2018-03-28,3,83,418,0.0668257120806132,0.0507692132761777,0.0756092676766484,85.5421686746988,-0.129132231404958,0.284247374562427
2018-03-28,4,83,418,0.046677650482297,0.0472245236122617,0.10171851709036,75.9036144578313,-0.494145199063232,0.317926296064959
2018-03-28,5,86,418,0.0535203424274416,0.0530106026953056,0.10717395079828,73.2558139534884,-0.348134991119005,0.338067520372527
2018-04-30,1,81,407,-0.0564092867519934,-0.0608665749656119,0.108377536104772,24.6913580246914,-0.299833887043189,0.299149453219927
2018-04-30,2,81,407,-0.0493915695414756,-0.067543859649123,0.112392131466848,23.4567901234568,-0.358821335322641,0.43823673870334
2018-04-30,3,81,407,-0.0407139104185774,-0.0426450276243091,0.0881147854679394,33.3333333333333,-0.323216370253382,0.154495315303342
2018-04-30,4,81,407,-0.0313615900479827,-0.0352112676056341,0.0842986690448896,35.8024691358025,-0.265495363591996,0.233928387163348
2018-04-30,5,83,407,-0.0461402926921965,-0.0599489795918365,0.125734979438096,25.3012048192771,-0.656880733944954,0.498418186265728
2018-05-31,1,73,369,-0.042864989465039,-0.0483085428458605,0.0655274891344266,21.9178082191781,-0.183597594313833,0.122668375338175
2018-05-31,2,73,369,-0.0204004831861001,-0.0257056063985233,0.0684007748453466,31.5068493150685,-0.177380952380952,0.18228791941919
2018-05-31,3,73,369,-0.0450762219768528,-0.0610369450481213,0.0818315223700858,20.5479452054795,-0.254326328800989,0.164375907922673
2018-05-31,4,73,369,-0.0598732124078197,-0.0555066079295155,0.0890690880416865,21.9178082191781,-0.439384615384615,0.129956312558757
2018-05-31,5,77,369,-0.0650344675313696,-0.0468381525958712,0.0922675700806943,25.974025974026,-0.364191872899481,0.156666666666667
2018-06-29,1,70,350,0.0374871622899674,0.0371527339295304,0.0937801340457277,67.1428571428571,-0.329654561716293,0.326612903225807
2018-06-29,2,70,350,0.0643831156685555,0.0686661815564213,0.0904239088550513,72.8571428571428,-0.114216867469879,0.349282786885245
2018-06-29,3,70,350,0.0687668112384426,0.0603837786589617,0.120184603305515,78.5714285714286,-0.0973101265822781,0.864498644986451
2018-06-29,4,70,350,0.047592100646689,0.0432824434195638,0.069512261671467,78.5714285714286,-0.116084501150387,0.276695856750752
2018-06-29,5,70,350,0.0564879760515857,0.0379870732441723,0.0967399657051779,70,-0.211928934010153,0.384047267355982
2018-07-31,1,66,332,0.0515809965804198,0.0279335048626191,0.122337143697662,62.1212121212121,-0.132387022016222,0.581155015197569
2018-07-31,2,66,332,0.0464675334977813,0.0380388980122751,0.0885996612903522,65.1515151515152,-0.0997468659594982,0.240828402366863
2018-07-31,3,66,332,0.0537609512053294,0.0503732464297763,0.0860622983778662,74.2424242424242,-0.137924382716049,0.279818956336529
2018-07-31,4,66,332,0.042866767035198,0.0313618017580538,0.0809529697833375,65.1515151515152,-0.106217301374863,0.294942108470445
2018-07-31,5,68,332,0.0336259590195169,0.0243852162695464,0.111591619194288,57.3529411764706,-0.197355769230769,0.366815509085282
2018-08-31,1,67,337,-0.159648204342504,-0.148335974643423,0.0996341732558155,4.47761194029851,-0.369970788704966,0.131678832116788
2018-08-31,2,67,337,-0.152300233388776,-0.148428600147424,0.0888066691771348,4.47761194029851,-0.315738341968912,0.0801409070893877
2018-08-31,3,67,337,-0.158926825762716,-0.165204951172483,0.100458587385787,7.46268656716418,-0.411330874958096,0.0810929925077128
2018-08-31,4,67,337,-0.110242480998142,-0.0952284263959389,0.10915567769142,11.9402985074627,-0.39000270197244,0.124423203691497
2018-08-31,5,69,337,-0.142585191835553,-0.122093520259874,0.134124671146698,10.1449275362319,-0.747389969293756,0.0440414507772018
2018-09-28,1,75,376,-0.00767102641486376,-0.0176485210042253,0.11413774572571,37.3333333333333,-0.203181234741902,0.462528387585163
2018-09-28,2,75,376,-0.0252147791666436,-0.0220207253886009,0.0875602394973371,32,-0.219233603537214,0.179122468659595
2018-09-28,3,75,376,0.00613477019172459,0.00311942959001787,0.105292698733097,50.6666666666667,-0.293249607535322,0.275687472719337
2018-09-28,4,75,376,-0.0142220497129167,-0.00334850176010992,0.116486994698413,45.3333333333333,-0.519121813031161,0.193312284730195
2018-09-28,5,76,376,-0.0322503685918123,-0.0180650100252892,0.108444917491732,39.4736842105263,-0.344089519224514,0.247305009511731
2018-10-31,1,66,330,0.000546227244025372,0.00266641922056965,0.0823627260485805,51.5151515151515,-0.176407697790449,0.199151343705799
2018-10-31,2,66,330,0.0252470510173927,0.036330084254686,0.0777762603782567,63.6363636363636,-0.156419529837251,0.150356974904879
2018-10-31,3,66,330,0.0202329053706663,0.0145351710740641,0.0755160251588852,57.5757575757576,-0.152236960966101,0.19059405940594
2018-10-31,4,66,330,0.00233246747633878,-0.000256841177711742,0.0846148183021746,50,-0.381288678558428,0.175184135977337
2018-10-31,5,66,330,-0.0180826572775217,-0.0217008640617066,0.0900031648901332,37.8787878787879,-0.297708656187735,0.217826935588809
2018-11-30,1,61,306,0.0261532845980995,0.0146590184831106,0.0695518585800415,59.0163934426229,-0.0948081264108356,0.317487266553481
2018-11-30,2,61,306,0.0228709806316844,0.0256064690026951,0.0862932983980249,62.2950819672131,-0.238430583501006,0.257958862521952
2018-11-30,3,61,306,0.0400657372985797,0.0290909090909086,0.061029550557981,77.0491803278689,-0.0723501138375915,0.244026068066619
2018-11-30,4,61,306,0.0161420923262878,0.0125542113672676,0.0561973041012077,57.3770491803279,-0.0936273593720803,0.152874564459931
2018-11-30,5,62,306,0.00310717758063948,0.00124574904365071,0.0517710345973366,51.6129032258064,-0.118585343531412,0.142127659574468
2018-12-31,1,60,300,-0.0491114108411348,-0.0381501872214786,0.0950106679869858,23.3333333333333,-0.299696509863429,0.178718258766626
2018-12-31,2,60,300,-0.0473192036391475,-0.0376869259182728,0.0955759806736174,35,-0.43773272652048,0.221703197987783
2018-12-31,3,60,300,-0.0213897186224598,-0.0213427463200612,0.0797246690533754,38.3333333333333,-0.210858688083942,0.16542268375791
2018-12-31,4,60,300,-0.0578947159555729,-0.0627296854541367,0.0928885836439703,25,-0.383311603650587,0.0885034467422725
2018-12-31,5,60,300,-0.059905015202517,-0.0580320492713516,0.0744518268564083,18.3333333333333,-0.23434294678412,0.155632411067193
2019-01-31,1,57,289,-0.014173092258745,-0.0299769408147579,0.116435425844351,29.8245614035088,-0.222558667676003,0.473229970213091
2019-01-31,2,57,289,-0.0157418608361363,-0.0209580838323354,0.0780879164026881,38.5964912280702,-0.167252833137945,0.305901461829994
2019-01-31,3,57,289,0.00802351477686316,-0.0142690622613448,0.0819278735028666,42.1052631578947,-0.14946551527371,0.316874039707168
2019-01-31,4,57,289,-0.0055351618731239,0.00116050705231197,0.11659793752624,50.8771929824561,-0.540247098464995,0.245398437926703
2019-01-31,5,61,289,-0.00902393081444951,-0.0286099865047235,0.130587550083533,36.0655737704918,-0.316267984817725,0.598360655737706
2019-02-28,1,56,282,0.0828941250763477,0.0572415323880543,0.0973221481165043,87.5,-0.0857517864955523,0.435673839184598
2019-02-28,2,56,282,0.0668413764114941,0.0720756523533117,0.0789655624708701,82.1428571428571,-0.0957285429141719,0.277349186781723
2019-02-28,3,56,282,0.0838136859693346,0.0687801015857294,0.0807072780085979,89.2857142857143,-0.0820170109356015,0.26233349777997
2019-02-28,4,56,282,0.100604632702021,0.0962711780605185,0.100331922507458,85.7142857142857,-0.146816451720187,0.417000266880171
2019-02-28,5,58,282,0.0704406822203672,0.063199743868815,0.0854050242006045,79.3103448275862,-0.0817079599367424,0.278447444551591
2019-03-29,1,60,303,-0.046220887198744,-0.0456046509041279,0.0879773998216039,21.6666666666667,-0.393446920052425,0.205308056872038
2019-03-29,2,60,303,-0.0370889467583115,-0.0424759446005564,0.0899136138311738,31.6666666666667,-0.352411105698977,0.160008322929672
2019-03-29,3,60,303,-0.0380105470212975,-0.0381967907589355,0.101817799949872,28.3333333333333,-0.391079104971158,0.441550575408843
2019-03-29,4,60,303,-0.0140891755334423,-0.00835030682883414,0.0752152935030836,41.6666666666667,-0.23155737704918,0.143888137122237
2019-03-29,5,63,303,-0.0125431502428943,-0.0182223698571631,0.0739952202501407,38.0952380952381,-0.168872843963097,0.225908372827804
2019-04-30,1,65,325,0.0336906132025506,0.0413916391639166,0.0983337063545973,61.5384615384615,-0.242868462757528,0.256518404907975
2019-04-30,2,65,325,0.0105105727411564,0.0121416948303916,0.0952570483202067,55.3846153846154,-0.177873254564984,0.30548213828971
2019-04-30,3,65,325,0.00779840401312902,0.00202224469160761,0.0998366325117589,53.8461538461538,-0.323090430201932,0.448344635021939
2019-04-30,4,65,325,0.0112154186420961,0.0261614794767702,0.0852535736268231,56.9230769230769,-0.260476878612717,0.199714693295292
2019-04-30,5,65,325,0.0164622312560743,0.00468933177022279,0.0949042660382864,53.8461538461538,-0.18241917907737,0.293879723257051
2019-05-31,1,62,311,-0.0370731126242163,-0.0361991711632798,0.0768567977046728,35.4838709677419,-0.394666666666667,0.155456761795497
2019-05-31,2,62,311,-0.0417080372709187,-0.0258083327446226,0.0882986871022499,30.6451612903226,-0.452587991718427,0.11272240504211
2019-05-31,3,62,311,-0.0645724019290572,-0.0596404237577332,0.0813973060226476,22.5806451612903,-0.36351590106007,0.134532990574122
2019-05-31,4,62,311,-0.0502615368558491,-0.023691177697518,0.104663047181901,32.258064516129,-0.480472873126451,0.0736842105263158
2019-05-31,5,63,311,-0.0619076380816946,-0.0582877959927142,0.0772998949613943,17.4603174603175,-0.210267445434983,0.160863168219715
2019-06-28,1,59,297,-0.0929725870250788,-0.0790496944836133,0.0957331388223469,15.2542372881356,-0.31890270038577,0.0839064649243471
2019-06-28,2,59,297,-0.0967943115124123,-0.111037234042553,0.0884972473309552,16.9491525423729,-0.310929853181077,0.0961653684841222
2019-06-28,3,59,297,-0.0819222171446357,-0.0827955968874551,0.0784124786429981,10.1694915254237,-0.377116632378541,0.123489248155705
2019-06-28,4,59,297,-0.0950822328480437,-0.0941079446531657,0.0824495438741782,11.864406779661,-0.367206587639128,0.0854461639776094
2019-06-28,5,61,297,-0.0824902602668382,-0.0969505621438472,0.123227679323311,22.9508196721311,-0.330163043478261,0.390625
2019-07-31,1,54,273,-0.0296359384805572,-0.0145977083892081,0.135631578024389,44.4444444444444,-0.688681602398601,0.224726775956284
2019-07-31,2,54,273,0.00506545128935414,0.0031391660901533,0.0858068197166748,53.7037037037037,-0.249014972419228,0.243549117247623
2019-07-31,3,54,273,0.0102936357861241,0.0333226008324587,0.101489979691229,61.1111111111111,-0.32183257918552,0.184377461752146
2019-07-31,4,54,273,-0.0170225572296436,-0.00967969028157806,0.103667696271065,44.4444444444444,-0.247229326513214,0.206009823750361
2019-07-31,5,57,273,-0.00361705247496773,-0.0141592920353986,0.0984235452669514,43.859649122807,-0.367288511267086,0.212455830388693
2019-08-30,1,51,257,0.0690788763104624,0.073111606709978,0.117079276667268,78.4313725490196,-0.288857759878597,0.485788113695091
2019-08-30,2,51,257,0.0636738122918883,0.0735464634752359,0.096183326518748,72.5490196078431,-0.17067231339333,0.24159445407279
2019-08-30,3,51,257,0.0653760417042549,0.0724765258215965,0.0984062354921646,80.3921568627451,-0.264552588428203,0.431940868698613
2019-08-30,4,51,257,0.024212650246227,0.0365296803652964,0.148923224054536,66.6666666666667,-0.437020252088939,0.32
2019-08-30,5,53,257,0.082490255940514,0.0888934370309733,0.140264961355074,75.4716981132076,-0.29601226993865,0.474095102909865
2019-09-30,1,54,270,0.0574608934141059,0.0628105972514971,0.136242784033561,85.1851851851852,-0.493163602074493,0.363013698630137
2019-09-30,2,54,270,0.0785302380564875,0.0843246261883803,0.105718549977785,79.6296296296296,-0.238140872065165,0.390295358649789
2019-09-30,3,54,270,0.0813873806775711,0.0582249595642453,0.190594112104968,75.9259259259259,-0.22094268880557,1.2
2019-09-30,4,54,270,0.0789287959282863,0.0728357347656545,0.0918625409400066,88.8888888888889,-0.227760404137599,0.301794916586601
2019-09-30,5,54,270,0.0599037618777697,0.0273405496212044,0.134341852769461,68.5185185185185,-0.136465324384787,0.584302866033249
2019-10-31,1,55,275,0.00334422457478462,-0.0111966410076977,0.119899584450426,41.8181818181818,-0.216031552049772,0.523333333333333
2019-10-31,2,55,275,0.00642435642438626,-0.00161336790550237,0.0782239138309263,47.2727272727273,-0.120572627421942,0.255443357526034
2019-10-31,3,55,275,0.0214749889512629,0.00699508855484465,0.0856844172294195,52.7272727272727,-0.109203755352163,0.304847986852917
2019-10-31,4,55,275,0.00382445375141028,-0.00296108291032171,0.0667973019559309,49.0909090909091,-0.130017362884282,0.205090067757395
2019-10-31,5,55,275,0.0216144916190853,-0.029463500439754,0.15123676655226,38.1818181818182,-0.192422731804586,0.617881494285988
2019-11-29,1,57,287,0.00153515911035937,-0.00380283750182808,0.079177614905455,49.1228070175439,-0.197130957889866,0.182578008915305
2019-11-29,2,57,287,-0.0107016010333742,0.00191938579654494,0.0965193666683675,52.6315789473684,-0.462890173410405,0.226458129683936
2019-11-29,3,57,287,-0.00808268402773765,0.00181028240405512,0.0484424453680229,54.3859649122807,-0.142857142857143,0.0728243920241534
2019-11-29,4,57,287,0.00455592937260053,-0.000800320128051313,0.0494270923902909,47.3684210526316,-0.0850189633375479,0.205154639175258
2019-11-29,5,59,287,0.029180001346865,0.0127713920817367,0.0950496788644023,61.0169491525424,-0.141592920353983,0.40113074204947
2019-12-31,1,61,309,0.0239450850802222,0.00311886915840831,0.133071547461288,52.4590163934426,-0.346200241254523,0.486301369863014
2019-12-31,2,61,309,0.0210747150846465,0.0158824697240418,0.0947471221845973,60.655737704918,-0.149119738836423,0.311663879598662
2019-12-31,3,61,309,0.00747040811263237,0.00278370054489474,0.0780523427371632,52.4590163934426,-0.176638176638176,0.236450268016676
2019-12-31,4,61,309,0.0113620455173356,0.00590841949778431,0.0952103881724402,54.0983606557377,-0.171066525871172,0.30084985835694
2019-12-31,5,65,309,0.0412241667585283,0.0315524583817268,0.113579023535827,58.4615384615385,-0.161043921069383,0.348101265822785
2020-01-31,1,63,317,-0.0689928203136541,-0.0747327249022165,0.143951041164706,25.3968253968254,-0.401654081265732,0.596358639642733
2020-01-31,2,63,317,-0.0508675432048003,-0.0493251704466399,0.118023898181624,33.3333333333333,-0.303339281162376,0.276052512449072
2020-01-31,3,63,317,-0.0603337827023742,-0.062805651150154,0.0902109331953561,20.6349206349206,-0.300657755145343,0.241830065359477
2020-01-31,4,63,317,-0.0297410997576472,-0.0372807017543864,0.117649880828604,28.5714285714286,-0.236040609137056,0.472763507528786
2020-01-31,5,65,317,-0.0562288494230618,-0.0458149779735684,0.13651074129574,27.6923076923077,-0.578640776699029,0.282959048877147
2020-02-28,1,74,371,-0.248094444876053,-0.217412530306258,0.127046438904347,0,-0.633572828216852,-0.0179372197309414
2020-02-28,2,74,371,-0.246037104138747,-0.23890698344436,0.152782982795149,4.05405405405405,-0.674514703055929,0.0741007194244605
2020-02-28,3,74,371,-0.270321892093814,-0.265821137519869,0.143465454344559,2.7027027027027,-0.659796437659033,0.0816201913291266
2020-02-28,4,74,371,-0.310324280355865,-0.319006004820034,0.158573623573595,2.7027027027027,-0.743950294310007,0.151766004415011
2020-02-28,5,75,371,-0.330202321404809,-0.345979247730221,0.134745112028488,2.66666666666667,-0.607620164126612,0.0331316623451454
2020-03-31,1,65,327,0.185563373153373,0.176123802505527,0.12894495158367,93.8461538461538,-0.0432966412644652,0.595489316802954
2020-03-31,2,65,327,0.169462829433396,0.159181858603824,0.11366106457035,95.3846153846154,-0.0399909111565553,0.420331239291833
2020-03-31,3,65,327,0.184961324987791,0.181053097835115,0.151806570507576,90.7692307692308,-0.0492274523895077,0.668556185395133
2020-03-31,4,65,327,0.157887447738084,0.139600564857777,0.180927064397307,83.0769230769231,-0.227103499627699,0.583599574014909
2020-03-31,5,67,327,0.153272453028816,0.143817204301075,0.159797288083088,80.5970149253731,-0.241145970647685,0.584189723320159
2020-04-30,1,60,303,0.0173433090517588,0.00072595281306731,0.106097120356893,51.6666666666667,-0.329534662867996,0.285395030892599
2020-04-30,2,60,303,0.0214004599132123,0.0183897502020105,0.105104685384854,55,-0.176598049837487,0.244343891402715
2020-04-30,3,60,303,0.0457191304457272,0.0340127368031703,0.104465353679046,66.6666666666667,-0.242801556420233,0.398459383753501
2020-04-30,4,60,303,0.039496071745132,0.0323213845198929,0.0999578967434042,65,-0.234196496572734,0.253718411552347
2020-04-30,5,63,303,0.0429532583699709,0.0306152927120669,0.101916304656951,66.6666666666667,-0.167349579469484,0.423990498812352
2020-05-29,1,59,299,0.137514295118193,0.117776554760594,0.138677286412502,88.135593220339,-0.224876441515651,0.511179910560715
2020-05-29,2,59,299,0.0881334995586328,0.0718456461030719,0.125036616346998,74.5762711864407,-0.147747747747748,0.411861313868613
2020-05-29,3,59,299,0.0865344265123542,0.0474074074074069,0.128626001876973,71.1864406779661,-0.079604253141525,0.61906108597285
2020-05-29,4,59,299,0.0461092400196817,0.0359557467732019,0.068569868409421,81.3559322033898,-0.0811769616026713,0.309997416688194
2020-05-29,5,63,299,0.0938758693828114,0.0800691244239631,0.138811306342733,79.3650793650794,-0.144577114427861,0.645296167247386
2020-06-30,1,61,305,0.0213259962824419,0.0107414849544789,0.127391659113482,55.7377049180328,-0.341597796143251,0.371037911746426
2020-06-30,2,61,305,0.0532866169434008,0.0222568439795232,0.129915275581315,59.0163934426229,-0.248257550614006,0.367131447136862
2020-06-30,3,61,305,0.0360695848837898,0.0117694805194806,0.125282764153176,59.0163934426229,-0.208943530404388,0.575811900249356
2020-06-30,4,61,305,0.05858963845982,0.0544129133038271,0.0940014667745345,73.7704918032787,-0.153348554033485,0.343293138405719
2020-06-30,5,61,305,0.0756996604239106,0.0423423423423424,0.146689395245932,68.8524590163934,-0.143440948099714,0.76997578692494
2020-07-31,1,77,385,0.104154947246947,0.0640295005028493,0.169303149290289,80.5194805194805,-0.131506849315069,0.794586577678903
2020-07-31,2,77,385,0.105312104774699,0.0870403525685171,0.126693811747772,84.4155844155844,-0.145696969696969,0.550620821394461
2020-07-31,3,77,385,0.0714767730090758,0.0538384845463606,0.102140459040826,74.025974025974,-0.0741435945565462,0.508341818751468
2020-07-31,4,77,385,0.039468100526169,0.0174950298210732,0.0878868950651871,62.3376623376623,-0.105720862818654,0.28103385511467
2020-07-31,5,77,385,0.116054562181779,0.0933396992122226,0.141993212406314,83.1168831168831,-0.113127001067236,0.622817229336438
2020-08-31,1,82,411,0.010087012057963,-0.00262692180068591,0.139952441828101,48.780487804878,-0.397163120567376,0.438368860055607
2020-08-31,2,82,411,0.0274689742582913,0.00818743258924193,0.12519583827407,53.6585365853659,-0.219842164599774,0.491004649282394
2020-08-31,3,82,411,0.0124138346548533,0.000538415722979524,0.114687878484334,51.219512195122,-0.242105263157895,0.321523828695083
2020-08-31,4,82,411,-0.0151985358733306,-0.00360239814335261,0.0890695702773905,46.3414634146341,-0.236417980425482,0.238661939570179
2020-08-31,5,83,411,0.0119591380154403,0.00683176771989746,0.119768922930635,51.8072289156626,-0.262852008872168,0.786240269303597
2020-09-30,1,84,420,-0.0291335629064916,-0.021837369968897,0.120566472029687,38.0952380952381,-0.590450928381963,0.515914351851852
2020-09-30,2,84,420,0.00205036393721234,0.00102134931864262,0.0725284670484044,50,-0.17839292579777,0.185549132947977
2020-09-30,3,84,420,0.00253475029310349,-0.000962184448596026,0.0662855526716219,48.8095238095238,-0.108367780136298,0.202009299236134
2020-09-30,4,84,420,0.000794875218489432,-0.0168768471187487,0.117883965371314,39.2857142857143,-0.211197339246119,0.654324118691352
2020-09-30,5,84,420,-0.0121065794648588,-0.020787480905015,0.0769229765238117,40.4761904761905,-0.16906607604282,0.209926224010731
2020-10-30,1,71,357,0.131834765475145,0.104072907290729,0.135406097572596,91.5492957746479,-0.10287610619469,0.795186408683342
2020-10-30,2,71,357,0.161199236409753,0.143378288746407,0.118997952060746,94.3661971830986,-0.0357366771159874,0.554046406338427
2020-10-30,3,71,357,0.145238495804115,0.143063706727907,0.128595489125223,87.3239436619718,-0.0695045482645943,0.536220403133527
2020-10-30,4,71,357,0.117283317476916,0.0962497290266633,0.0964693748983641,94.3661971830986,-0.00957420005039078,0.435357492654261
2020-10-30,5,73,357,0.107243035888938,0.098850270913176,0.157145820718359,84.9315068493151,-0.458759372869802,0.58607305936073
2020-11-27,1,72,362,0.0870388003526661,0.0690643347916685,0.107904250130552,79.1666666666667,-0.0779447745543518,0.359884836852207
2020-11-27,2,72,362,0.0678083988346448,0.0561552114929506,0.0805311017325759,77.7777777777778,-0.0697099439184709,0.340725096796902
2020-11-27,3,72,362,0.0690887927636592,0.071399477154542,0.0663882065806783,86.1111111111111,-0.0681253107906511,0.2504548211037
2020-11-27,4,72,362,0.073803968950401,0.0518213585063014,0.135913654819961,81.9444444444444,-0.160429082240763,0.935587761674718
2020-11-27,5,74,362,0.0605850522760209,0.0426322196954195,0.0929003940648234,74.3243243243243,-0.125,0.367928401346581
2020-12-31,1,87,438,-0.0248568715018316,-0.0412087912087916,0.101496690143196,27.5862068965517,-0.204750957854406,0.568220101066816
2020-12-31,2,87,438,-0.0138583731106517,-0.0326009197751662,0.105834936554827,36.7816091954023,-0.183491737306276,0.649002064693737
2020-12-31,3,87,438,-0.0236211729822124,-0.0386795126098045,0.0925636980015725,31.0344827586207,-0.272983811079757,0.341676016784813
2020-12-31,4,87,438,-0.0164143523409608,-0.0260785673369717,0.0937099091925803,32.183908045977,-0.135638588440948,0.430341952566053
2020-12-31,5,90,438,-0.0274549850264523,-0.0299384840290216,0.0894104298567504,33.3333333333333,-0.222974448569557,0.297030624592758
2021-01-29,1,97,486,0.0923559081421193,0.060200668896321,0.133150671563805,73.1958762886598,-0.101071134303763,0.542037925519762
2021-01-29,2,97,486,0.0922776158430228,0.0654205607476637,0.136994894601405,74.2268041237113,-0.108171977435584,0.687877125617115
2021-01-29,3,97,486,0.0674001961405907,0.0163860628432524,0.161247404829519,53.6082474226804,-0.372792568990657,0.599079754601227
2021-01-29,4,97,486,0.075655611440629,0.0374999999999996,0.14202622384246,62.8865979381443,-0.135738016136687,0.629335451416468
2021-01-29,5,98,486,0.119036092662594,0.0639190321604977,0.202713463108137,77.5510204081633,-0.195426809941013,1.33600641539695
2021-02-26,1,96,480,-0.0206905811450048,-0.0191725202795132,0.132653042455921,37.5,-0.530970982142857,0.733822468126052
2021-02-26,2,96,480,0.00536218755670603,0.00732979869827322,0.0822804678996316,52.0833333333333,-0.208810572687225,0.211071849234394
2021-02-26,3,96,480,-0.0200700718330063,-0.0211554505751131,0.100364602543255,35.4166666666667,-0.434731246308328,0.282056040081648
2021-02-26,4,96,480,-0.0080800535587372,-0.00859736774049868,0.133947238280603,45.8333333333333,-0.385003604902668,0.829298513152879
2021-02-26,5,96,480,-0.0138189102669038,-0.0323254779809868,0.123780589682119,38.5416666666667,-0.24300491775479,0.464738711314054
2021-03-31,1,98,491,0.0181531356656345,-0.00559993232915545,0.121482460426881,46.9387755102041,-0.182058047493404,0.624577226606538
2021-03-31,2,98,491,0.0144999135875613,0.001187037267948,0.0982531367366017,50,-0.207870517296097,0.449249627677855
2021-03-31,3,98,491,0.0105207149836856,-0.0171997037622796,0.106642082512743,40.8163265306122,-0.207770270270271,0.42527305405779
2021-03-31,4,98,491,0.0379223915673109,-0.0068707014656087,0.142242865541658,45.9183673469388,-0.152408339324227,0.658228655231779
2021-03-31,5,99,491,0.0389292404783014,0.0196078431372546,0.117005232686501,55.5555555555556,-0.179423459244533,0.389598942265315
2021-04-30,1,98,492,0.0804648784625474,0.080655778626285,0.130396981914773,73.469387755102,-0.264490988796882,0.382363977485929
2021-04-30,2,98,492,0.062872421661077,0.0518056595798898,0.0921199893220018,76.530612244898,-0.106797138047138,0.396471311327236
2021-04-30,3,98,492,0.0867342774696771,0.0747820840722483,0.104129257547686,83.6734693877551,-0.124096965805105,0.508894702419882
2021-04-30,4,98,492,0.0988244579167639,0.0702976912226868,0.141802414646038,86.734693877551,-0.196021064950263,0.742991019133151
2021-04-30,5,100,492,0.0946493999962192,0.0777227841870139,0.0962268627774291,88,-0.0857104231445177,0.419934467815242
2021-05-31,1,106,530,0.0878756344044974,0.0499490083581995,0.155541490045134,76.4150943396226,-0.336607142857143,0.658917303221521
2021-05-31,2,106,530,0.0835690104692731,0.0773082289564962,0.11001560251121,75.4716981132076,-0.134893537773915,0.416879202411314
2021-05-31,3,106,530,0.0449731548249533,0.0362788496721955,0.0887849429359869,70.7547169811321,-0.185029117939491,0.339307048984468
2021-05-31,4,106,530,0.0353619433166233,0.029507253733932,0.0819333479331571,68.8679245283019,-0.291927409261577,0.293326978074356
2021-05-31,5,106,530,0.0727189664823171,0.0493020312253593,0.120435262573921,74.5283018867924,-0.293440928340392,0.54580427987497
2021-06-30,1,119,598,0.0743303980547325,0.0329531051964511,0.138854105512273,68.9075630252101,-0.152892561983471,0.669277322890708
2021-06-30,2,119,598,0.0608086680536835,0.0284450063211124,0.123794580138295,65.546218487395,-0.174417516608964,0.580958346382712
2021-06-30,3,119,598,0.0569155990218141,0.0273008241758241,0.106436997161449,64.7058823529412,-0.146421129695331,0.393726338561384
2021-06-30,4,119,598,0.028805733703436,0.00927561837455837,0.0962617333066045,54.6218487394958,-0.203836930455635,0.393431001890359
2021-06-30,5,122,598,0.0644176532569595,0.049166256056009,0.128921794291616,70.4918032786885,-0.186122692078618,0.52355602874634
2021-07-30,1,124,621,-0.0469129303531178,-0.0612198230419472,0.121224170151147,23.3870967741935,-0.305096418732783,0.635026210472917
2021-07-30,2,124,621,-0.0382516091462567,-0.0466790688895742,0.103886975704149,32.258064516129,-0.309370988446727,0.3503549031769
2021-07-30,3,124,621,0.00785970499633107,0.00239527397113803,0.0946119350781187,50.8064516129032,-0.219534586676246,0.253276940822818
2021-07-30,4,124,621,-0.0154376058120196,-0.0203331635145573,0.113278302738053,37.9032258064516,-0.244356239146614,0.615407265633627
2021-07-30,5,125,621,-0.0409349104772687,-0.0575448219818171,0.1278294569918,30.4,-0.395776566757493,0.423181641384675
2021-08-31,1,122,611,0.0674981784853918,0.0373926185992186,0.140095029504995,66.3934426229508,-0.233772438741383,0.557757261877956
2021-08-31,2,122,611,0.0331510211544328,0.019859231594056,0.080577132334788,64.7540983606557,-0.120309556539891,0.384981894415857
2021-08-31,3,122,611,0.0551797747696691,0.0389814335205607,0.107560002462964,65.5737704918033,-0.0789330430048995,0.769506345254722
2021-08-31,4,122,611,0.0677858712841571,0.0388485189753491,0.115322142155081,72.9508196721311,-0.12664078387872,0.50487685930261
2021-08-31,5,123,611,0.076825197968917,0.0514800514800515,0.117647124448944,74.7967479674797,-0.126199975819127,0.552272727272727
2021-09-30,1,117,586,0.00194871932527966,-0.0256737226897902,0.123519218414859,37.6068376068376,-0.196028994642294,0.579133858267716
2021-09-30,2,117,586,-0.0116473362485617,-0.0238893092638635,0.0978332624318111,39.3162393162393,-0.237396175391153,0.318683638587935
2021-09-30,3,117,586,-0.0117079920736151,-0.0108203816643715,0.0769904647701064,46.1538461538462,-0.264513427210386,0.231910402251671
2021-09-30,4,117,586,0.0012655496123276,-0.0163415531836583,0.0922328145412388,43.5897435897436,-0.112350197525689,0.470318887980376
2021-09-30,5,118,586,0.000827145546178811,-0.00864834392085562,0.0951922515382078,44.9152542372881,-0.203778040141676,0.332708857795211
2021-10-29,1,121,605,-0.046647356298281,-0.0774082568807337,0.104110104534202,23.1404958677686,-0.23816724633298,0.432126696832579
2021-10-29,2,121,605,-0.0351454358226136,-0.0445592959910601,0.0919685619235149,29.7520661157025,-0.281635737677387,0.374677002583979
2021-10-29,3,121,605,-0.0345925234461044,-0.0430751531147429,0.0788604706537684,28.099173553719,-0.226346091175725,0.194573174827053
2021-10-29,4,121,605,-0.0360485020811825,-0.0463805808409189,0.0937277849341887,28.099173553719,-0.207672413793104,0.343916830570384
2021-10-29,5,121,605,-0.021981699619572,-0.0501900833131114,0.159344111063437,33.0578512396694,-0.313416009019166,1.03894927536232
2021-11-30,1,114,573,0.0398754587888083,0.0167354581206933,0.121533916935093,60.5263157894737,-0.172316002700878,0.746508675412612
2021-11-30,2,114,573,0.0222659493424982,0.0267341970340532,0.0752152099263241,65.7894736842105,-0.33739729658097,0.231012485687804
2021-11-30,3,114,573,0.0276875399089098,0.0153299043052239,0.0877902852102262,56.140350877193,-0.144767018080321,0.318790496760259
2021-11-30,4,114,573,0.0418876452570214,0.0275719012302797,0.0878551905037834,71.9298245614035,-0.222750865051903,0.321782784376148
2021-11-30,5,117,573,0.0292249593735487,0.0133416718782569,0.0923704117607402,61.5384615384615,-0.166304039352947,0.494519832985386
2021-12-31,1,102,516,0.0050431622686994,-0.00545156903689509,0.119001558504757,47.0588235294118,-0.25719902856482,0.332200905941913
2021-12-31,2,103,516,-0.0308126996447027,-0.03555022967845,0.0836850640577833,33.9805825242718,-0.284074605451937,0.206583839666274
2021-12-31,3,103,516,-0.0203920341555697,-0.027039590919656,0.108788853099556,33.9805825242718,-0.311331640895454,0.394238622020937
2021-12-31,4,103,516,-0.00672518903548855,-0.0170770944190073,0.117930249710858,43.6893203883495,-0.360452776795189,0.413195342820181
2021-12-31,5,104,516,0.00861097110086043,-0.0101362863996342,0.105240043901097,46.1538461538462,-0.184104315429991,0.549476135040745
2022-01-31,1,105,528,-0.116458900395006,-0.122050147492625,0.0861320844903334,8.57142857142857,-0.330587589236683,0.191146149181322
2022-01-31,2,105,528,-0.101054523668009,-0.0997150997150998,0.074272729679145,6.66666666666667,-0.401370906321402,0.0533203195604237
2022-01-31,3,105,528,-0.0734709025150678,-0.0782934466831456,0.0792294331541202,16.1904761904762,-0.278789962186318,0.125373134328358
2022-01-31,4,105,528,-0.0665672675386546,-0.0586631774070439,0.0823124020646131,15.2380952380952,-0.304962464658282,0.229516051748922
2022-01-31,5,108,528,-0.0994089021714388,-0.11003515701146,0.0941127279693578,9.25925925925926,-0.291617473435655,0.348292151162791
2022-02-28,1,114,572,0.0684134722531049,0.0489953892870362,0.117432160383166,77.1929824561403,-0.204749493194324,0.465494505494505
2022-02-28,2,113,572,0.0537787707981777,0.0361972683845793,0.109709067938637,70.7964601769911,-0.33705469141997,0.449265558562041
2022-02-28,3,114,572,0.0433146407732008,0.0436954515215759,0.0917897963127309,64.9122807017544,-0.18632855567806,0.329785336266872
2022-02-28,4,114,572,0.0552672918255781,0.0359943634206423,0.128061467199801,64.9122807017544,-0.19025974025974,0.544802867383513
2022-02-28,5,116,572,0.0504843766393579,0.0427789670551064,0.10271258430181,64.6551724137931,-0.139909608960503,0.355465936914878
2022-03-31,1,111,557,0.0249757674491542,0.000520291363163006,0.132904345088289,52.2522522522522,-0.210840033268644,0.713081185256565
2022-03-31,2,111,557,0.0138300528862666,-0.000951474785917839,0.110062492922721,47.7477477477478,-0.285619174434088,0.480055020632737
2022-03-31,3,111,557,0.00226676746836984,-0.00252820824944988,0.0922908167786765,48.6486486486487,-0.202678571428571,0.437986219159813
2022-03-31,4,111,557,-0.00420901517314187,-0.0223373534907423,0.0985150885451481,41.4414414414414,-0.21613609334873,0.482083183383888
2022-03-31,5,113,557,-0.01058239106192,-0.0128791026173665,0.0794901789282493,41.5929203539823,-0.201714285714286,0.202629438872323
2022-04-29,1,111,559,-0.0871475967049997,-0.0891931902294597,0.0879466835049434,12.6126126126126,-0.260659819483349,0.135638297872341
2022-04-29,2,111,559,-0.0627330493976729,-0.0670391061452515,0.098833786875685,22.5225225225225,-0.37697963800905,0.183242168075585
2022-04-29,3,111,559,-0.0601329762920838,-0.0599574769666902,0.0865195436978987,23.4234234234234,-0.3326031656303,0.122662422554425
2022-04-29,4,111,559,-0.0562363338158111,-0.0537052456286425,0.0820524206913063,26.1261261261261,-0.24700415749572,0.13469068128426
2022-04-29,5,115,559,-0.0762631567356451,-0.0692937790568963,0.10269171524882,20.8695652173913,-0.484685618079389,0.177245634215204
2022-05-31,1,99,498,-0.0458170906429878,-0.049697993354018,0.081246912836839,24.2424242424242,-0.273710744669677,0.216098226466575
2022-05-31,2,99,498,-0.0683344226472194,-0.0652355263889661,0.0795769993932459,16.1616161616162,-0.294452347083926,0.294324460070316
2022-05-31,3,99,498,-0.0713053890103328,-0.0626541687222497,0.0706314899780093,13.1313131313131,-0.279116465863454,0.0899354229012446
2022-05-31,4,99,498,-0.0741642045403794,-0.0803983981928329,0.0940031978288204,22.2222222222222,-0.48595041322314,0.139511201629328
2022-05-31,5,102,498,-0.0732887223350082,-0.0762592412376055,0.0839301404415043,16.6666666666667,-0.249214659685864,0.211818181818182
2022-06-30,1,87,439,0.101478767793001,0.082435479829617,0.125468455272967,87.3563218390805,-0.203706852576093,0.576537609452474
2022-06-30,2,87,439,0.0900890516391518,0.0875858657846871,0.0798574798478648,88.5057471264368,-0.147870541205412,0.285400658616904
2022-06-30,3,87,439,0.108559237265907,0.107769423558898,0.0841679725493078,91.9540229885057,-0.0630562868246205,0.501685565430585
2022-06-30,4,87,439,0.105777038254518,0.110807721615443,0.0887670500653256,88.5057471264368,-0.182799013563502,0.328965425649653
2022-06-30,5,91,439,0.095813052564832,0.0986028820130203,0.100593613986908,85.7142857142857,-0.306245982429826,0.390134529147982
2022-07-29,1,89,447,0.0332275382327708,0.00627049873448082,0.127596662293593,56.1797752808989,-0.337137286386053,0.507497116493656
2022-07-29,2,89,447,0.0408157502001599,0.0275542290678461,0.105888118900205,67.4157303370787,-0.192809466019417,0.395054629097183
2022-07-29,3,89,447,0.0487124445406778,0.0435935428526866,0.0771344000055874,74.1573033707865,-0.112456071846935,0.272486772486772
2022-07-29,4,89,447,0.0380419213269036,0.0307044477585754,0.0746635207239244,70.7865168539326,-0.151324027268933,0.286158148205686
2022-07-29,5,91,447,0.0260031536216162,0.0345110087045573,0.0767034283182276,64.8351648351648,-0.195751546114547,0.314401622718053
2022-08-30,1,98,494,-0.0162363693015246,-0.037699639922139,0.10731203921002,38.7755102040816,-0.294815579055971,0.232608695652174
2022-08-30,2,98,494,-0.0234628024387136,-0.0219648970488761,0.0781087923578844,26.530612244898,-0.254363887310222,0.214835549335199
2022-08-30,3,98,494,-0.023366772720416,-0.0348078738311263,0.0708134471885403,32.6530612244898,-0.158014477766287,0.215343347639485
2022-08-30,4,98,494,-0.0223987318422436,-0.0269241564556585,0.0656083348192193,28.5714285714286,-0.163350998777008,0.258256766823938
2022-08-30,5,102,494,-0.0198573567603412,-0.0303208061335,0.0926801936180249,35.2941176470588,-0.300291545189504,0.37820363013165
2022-09-30,1,114,572,0.0287056549135665,0.0135876072360583,0.0943778049849221,59.6491228070175,-0.239166666666667,0.25956204379562
2022-09-30,2,114,572,0.0363894195917023,0.028243241311372,0.0774556093622955,68.4210526315789,-0.205234460196292,0.273591632992631
2022-09-30,3,114,572,0.0470237510936592,0.0383738736553623,0.0798015040962337,73.6842105263158,-0.158394878128702,0.30601233299075
2022-09-30,4,114,572,0.00611775986866758,0.000911300121506753,0.0957773134078225,50.8771929824561,-0.393212869105333,0.340524781341108
2022-09-30,5,116,572,0.0042303569908083,0.000369889586111061,0.0880951865233881,50.8620689655172,-0.302949508415264,0.318910256410256
2022-10-31,1,100,500,-0.00230722847413237,-0.00806532557650497,0.100459542593391,44,-0.261458146735931,0.440247476392055
2022-10-31,2,100,500,0.0156492730816818,0.0151041012763486,0.0622493515186014,62,-0.14902145720349,0.225157955198162
2022-10-31,3,100,500,0.0235781911497352,0.0198220299825075,0.0777628678824142,63,-0.149843144491604,0.279296346414073
2022-10-31,4,100,500,0.0326089655545096,0.020469681767135,0.107427133023836,58,-0.250738839632913,0.535816618911175
2022-10-31,5,100,500,0.0429666096152667,0.0216779583851718,0.138607521168766,60,-0.152939276485788,0.843370379943137
2022-11-30,1,97,488,-0.0196008054017467,-0.0326917382291975,0.0883404229114524,28.8659793814433,-0.190675308383859,0.35572211011819
2022-11-30,2,97,488,-0.0286586744333751,-0.0381717313902462,0.0741852998384756,28.8659793814433,-0.216122004357299,0.174836232211429
2022-11-30,3,97,488,-0.0392751880220425,-0.0404595404595401,0.0580567906524157,22.680412371134,-0.197326740322955,0.170205706702057
2022-11-30,4,96,488,-0.0381982251317467,-0.0448119957347086,0.0473754979971427,22.9166666666667,-0.128757536152452,0.0890410958904106
2022-11-30,5,100,488,-0.036351606371537,-0.0451261580244886,0.0857881730080585,28,-0.262286179744773,0.258307299062766
2022-12-30,1,103,516,-0.0257471365073943,-0.0282220131702732,0.0831582356376085,35.9223300970874,-0.177415599534342,0.222972214426046
2022-12-30,2,103,516,-0.0310191090326817,-0.0390580552600981,0.0679869829394608,33.9805825242718,-0.225789624683759,0.170920716112532
2022-12-30,3,103,516,-0.0336858968502678,-0.016682113067655,0.0822715097103756,37.8640776699029,-0.35198813999047,0.117658062102507
2022-12-30,4,103,516,-0.0460734082794251,-0.048236259228876,0.0784841222709346,26.2135922330097,-0.406246915321159,0.128419793691135
2022-12-30,5,104,516,-0.0256394741428594,-0.0334699319690419,0.0904318199016738,33.6538461538462,-0.402605091770278,0.260488932936901
2023-01-31,1,93,472,-0.0397502927316446,-0.0449927431059506,0.108384193041558,30.1075268817204,-0.224997340456969,0.343846153846154
2023-01-31,2,94,472,-0.022872802808352,-0.0209786046030169,0.0746088382560446,40.4255319148936,-0.209096109839817,0.167736757624398
2023-01-31,3,94,472,-0.0200800738910151,-0.0196480870289892,0.0962072534059309,34.0425531914894,-0.642389698121174,0.196435929130614
2023-01-31,4,94,472,-0.0216269502756894,-0.0309037992408847,0.099959711532205,41.4893617021277,-0.579972303963995,0.248797250859107
2023-01-31,5,96,472,-0.0163033377694829,-0.0138340590291725,0.0956726527196629,39.5833333333333,-0.301122194513716,0.387080745341615
2023-02-28,1,87,435,-0.0127274869725694,-0.0136521739130435,0.0734877983574588,44.8275862068966,-0.195441988950276,0.178029836025151
2023-02-28,2,87,435,-0.0110085991654983,-0.00913354727227855,0.0604064029989717,43.6781609195402,-0.175632009123741,0.173173173173173
2023-02-28,3,87,435,-0.0209752803829678,-0.0129741418145781,0.0599050565207344,39.0804597701149,-0.209141940657578,0.117295358191108
2023-02-28,4,87,435,-0.0195840677052948,-0.0221623240491163,0.0663553501389035,33.3333333333333,-0.184851694915254,0.172615876398508
2023-02-28,5,87,435,0.00884683910893318,-0.00383351588170844,0.123548749551206,48.2758620689655,-0.187384501663176,0.729199372056515
2023-03-31,1,89,448,0.0636867603395383,0.0491519556940119,0.0996562206982542,74.1573033707865,-0.140911782119598,0.461803640375069
2023-03-31,2,89,448,0.0483906981484728,0.0427960057061343,0.0713525795455799,77.5280898876404,-0.148533749783099,0.249278152069298
2023-03-31,3,89,448,0.051758819653121,0.0523162018898364,0.0654083728145795,82.0224719101124,-0.149739503524364,0.258061415733577
2023-03-31,4,89,448,0.0734357909431689,0.0696438064859117,0.0654521686605156,92.1348314606742,-0.0620140192285593,0.333802816901408
2023-03-31,5,92,448,0.067614430593357,0.0515192048370958,0.0921618142701642,81.5217391304348,-0.122231778112234,0.590835077925099
2023-04-28,1,91,457,0.0533264244503847,0.0478260869565215,0.112185713354654,65.9340659340659,-0.180003355141755,0.384900531323366
2023-04-28,2,91,457,0.0488990173606036,0.0431726907630525,0.125437084870918,69.2307692307692,-0.328292936031428,0.624269250041757
2023-04-28,3,91,457,0.0546993631215688,0.0541812111094249,0.0856747951475286,79.1208791208791,-0.307491516575307,0.298752804884413
2023-04-28,4,91,457,0.0413054458505634,0.0483552631578947,0.0744483909921192,70.3296703296703,-0.127420998980632,0.333459559013374
2023-04-28,5,93,457,0.0513941661943515,0.0422125181950508,0.125549758213051,74.1935483870968,-0.654411764705882,0.43241890268322
2023-05-31,1,101,505,0.0676337260705528,0.0482943656573402,0.109701049876174,72.2772277227723,-0.137634631317316,0.46562191161937
2023-05-31,2,101,505,0.0729576919888093,0.0589430894308947,0.0840526485037577,84.1584158415842,-0.0764668883098212,0.430362116991643
2023-05-31,3,101,505,0.0486846231861939,0.0437308868501529,0.0729375597544357,79.2079207920792,-0.171739737503491,0.296907216494845
2023-05-31,4,101,505,0.0580755065024151,0.040054619936277,0.0924302410497515,76.2376237623762,-0.0770260860249613,0.528729838709678
2023-05-31,5,100,505,0.0797559287190641,0.0497151918906407,0.123973009622482,82,-0.109391124871001,0.661308411214954
2023-06-30,1,113,566,0.0850992629023894,0.0781282640484648,0.111274958891061,80.5309734513274,-0.226965845909452,0.558809855880986
2023-06-30,2,113,566,0.0825586783792026,0.068965517241379,0.110251321274602,81.4159292035398,-0.138328951212387,0.471549250876634
2023-06-30,3,113,566,0.062258137936257,0.0491498405951114,0.0857647833795678,77.8761061946903,-0.198844546423011,0.367185249207722
2023-06-30,4,113,566,0.0604547076656311,0.0438042514310282,0.0969978748128656,72.5663716814159,-0.112032812572008,0.388706500328299
2023-06-30,5,114,566,0.0702416023543083,0.0477808310400651,0.110073497592671,72.8070175438597,-0.117320261437908,0.460834181078332
2023-07-31,1,122,612,0.0734784419525247,0.0509670776346048,0.151137374737379,68.8524590163934,-0.360363913983967,0.68304122438904
2023-07-31,2,122,612,0.0519484704761315,0.024090599340206,0.112705032610287,62.2950819672131,-0.1440305074802,0.451048951048951
2023-07-31,3,122,612,0.0189983418396332,-0.0075349220909981,0.105987409306291,45.0819672131148,-0.129748144543132,0.767140843265411
2023-07-31,4,122,612,0.0469771343033771,0.0232998926084533,0.110263380779158,61.4754098360656,-0.161328588374852,0.610010803024847
2023-07-31,5,123,612,0.0622028815873623,0.0469225368593498,0.135256646113906,69.1056910569106,-0.272406181015453,0.919011254019292
2023-08-31,1,127,636,0.0035458308867385,-0.00957786449095399,0.0908025225156018,46.4566929133858,-0.218951499859826,0.334857142857143
2023-08-31,2,127,636,0.0219745900894388,0.00764436081383035,0.0766340521540678,56.6929133858268,-0.181016130802151,0.231841849792604
2023-08-31,3,127,636,0.0152800483936175,3.3564931359642e-05,0.0799565234723692,50.3937007874016,-0.180720653789004,0.385081408557364
2023-08-31,4,127,636,0.0249040467238968,0.00168236877523542,0.0946814960415079,51.1811023622047,-0.146381256934021,0.464560204953032
2023-08-31,5,128,636,0.0039270945807145,-0.00516848723540625,0.0886661685834611,46.09375,-0.154908208162646,0.33587786259542
2023-09-29,1,137,686,-0.00597525436573475,-0.0208643815201192,0.093627041484608,35.7664233576642,-0.207305034550839,0.344905792044662
2023-09-29,2,137,686,-0.0199377699276039,-0.0411874832843008,0.102003851019139,27.007299270073,-0.18492774830803,0.44170054710636
2023-09-29,3,137,686,-0.02536700320034,-0.0349084716900812,0.0731396667635494,26.2773722627737,-0.18521081280561,0.411446469248291
2023-09-29,4,137,686,-0.0324978641704245,-0.0398208859747322,0.0676039691365087,25.5474452554745,-0.194551812994662,0.235854675402025
2023-09-29,5,138,686,-0.000699840620515928,-0.0162632420615961,0.123059457908433,41.304347826087,-0.254429482636428,0.54399323181049
2023-10-31,1,130,650,0.115159118958377,0.086683255772812,0.126531882693671,83.8461538461539,-0.122217555648887,0.429738562091504
2023-10-31,2,130,650,0.0905995991731994,0.0747492591294375,0.080698328018529,90.7692307692308,-0.102170352170352,0.402506963788301
2023-10-31,3,130,650,0.0903147804848137,0.0840069425896457,0.0853723692974422,89.2307692307692,-0.195319285093934,0.402317880794702
2023-10-31,4,129,650,0.0911603421785549,0.0680410465008778,0.122686476217481,83.7209302325581,-0.142389748483402,0.862038006883137
2023-10-31,5,130,650,0.0818773387829607,0.0641172942297791,0.116121649102357,71.5384615384615,-0.146989543835459,0.524182404421925
2023-11-30,1,131,655,0.0645297048614974,0.0377433059974313,0.136467589690811,67.175572519084,-0.124673060156931,0.735729386892178
2023-11-30,2,131,655,0.0686121354824239,0.0520833333333335,0.109485300245073,72.5190839694656,-0.136584600909519,0.486741846997866
2023-11-30,3,131,655,0.0786167039643306,0.0723351817621685,0.100608999123123,84.7328244274809,-0.270127483633858,0.555772040915733
2023-11-30,4,131,655,0.0667643505216882,0.0648846332867878,0.0756820858751955,85.4961832061069,-0.129500268672756,0.318385650224215
2023-11-30,5,131,655,0.0525239857491047,0.0374384993849937,0.109581317867441,69.4656488549618,-0.171187106918239,0.559102674719586
2023-12-29,1,141,705,0.0899205065134644,0.0678165425323405,0.128307026257092,75.886524822695,-0.140934203917629,0.494655004859086
2023-12-29,2,141,705,0.0746306481955438,0.0583615273078781,0.1316793933562,70.9219858156028,-0.213202426564496,0.562636761487964
2023-12-29,3,141,705,0.0441222205191292,0.00942241801272625,0.129622124313707,58.8652482269503,-0.392764298093588,0.693642583013516
2023-12-29,4,141,705,0.0415359640159282,0.02620741295395,0.128441037689368,57.4468085106383,-0.205256803194947,0.744509743272501
2023-12-29,5,141,705,0.088093707104204,0.0610281083818689,0.147302213290703,71.6312056737589,-0.190306336550567,0.565824825362709
2024-01-31,1,152,760,-0.00404400375440458,-0.0164159194627569,0.123156763818798,42.1052631578947,-0.268797838811346,0.509952294785327
2024-01-31,2,151,760,0.00196475460129024,0.00208653634965983,0.100299847095357,51.6556291390728,-0.337766830870279,0.294286947762268
2024-01-31,3,152,760,0.0167787835171607,0.000217900068951116,0.100410323138397,50,-0.178598100928198,0.535528596187175
2024-01-31,4,152,760,-0.00687622396474984,-0.0173502104824508,0.101481939874233,40.7894736842105,-0.206161137440758,0.342146189735615
2024-01-31,5,152,760,-0.0034515686001024,-0.00981478737817659,0.117965348875171,44.7368421052632,-0.213361169102296,0.446959500795301
2024-02-29,1,153,768,-0.0661994316313591,-0.0721840044209844,0.105393714508227,27.4509803921569,-0.368263473053893,0.220880503144654
2024-02-29,2,153,768,-0.0125780404122786,-0.0106367477779395,0.0755329376262359,38.562091503268,-0.183172886720295,0.276819986161185
2024-02-29,3,153,768,-0.0338975788968794,-0.0309988518943742,0.0882935545101812,32.0261437908497,-0.453462211482376,0.171137382796576
2024-02-29,4,153,768,-0.0664821738379955,-0.072711893080697,0.089313800091858,17.6470588235294,-0.343345304168027,0.213661814109742
2024-02-29,5,156,768,-0.0744133285852659,-0.0844942341307651,0.0785632758296736,16.6666666666667,-0.269464720194647,0.146477946017117
2024-03-28,1,145,729,0.0602238425775814,0.0560588158067481,0.107044946176444,74.4827586206897,-0.387475280158207,0.582063305978898
2024-03-28,2,145,729,0.0286719084861212,0.0197256270801203,0.0826982548272846,62.0689655172414,-0.193417366946779,0.24570725069656
2024-03-28,3,145,729,0.074590083466835,0.0479539378984164,0.102633347610356,77.9310344827586,-0.146596500820121,0.521221025138753
2024-03-28,4,145,729,0.0761381554623428,0.0623655913978494,0.113546259759806,76.551724137931,-0.337800111669458,0.570808651329385
2024-03-28,5,149,729,0.0672982765614565,0.0533169533169531,0.0907985834759562,78.5234899328859,-0.128427128427129,0.472648648648649
2024-04-30,1,143,718,-0.0264019681442752,-0.0511473112629182,0.116209017626841,29.3706293706294,-0.253952394945636,0.373641969266908
2024-04-30,2,143,718,-0.0146002034364574,-0.0362039851401552,0.115409605516578,37.0629370629371,-0.200373467565154,0.619464534957492
2024-04-30,3,142,718,-0.0180795318474011,-0.0396893508087985,0.119931045972567,33.8028169014084,-0.244863667608646,0.583354686619177
2024-04-30,4,143,718,0.0145231783567216,-0.00582484725050936,0.0951479782015352,46.1538461538462,-0.171518103220448,0.321441087825051
2024-04-30,5,146,718,-0.00850867369891799,-0.0226671230150327,0.0975260173858944,41.0958904109589,-0.301759721920487,0.288504642971502
2024-05-31,1,140,702,0.0981839542964503,0.073424827814315,0.116231372377448,80.7142857142857,-0.156501726121979,0.497617823479006
2024-05-31,2,140,702,0.0601987096429234,0.0515179886107595,0.0981649819467851,76.4285714285714,-0.144565068022537,0.37768622126504
2024-05-31,3,140,702,0.0475482462945812,0.0480313058689285,0.0981113704334619,72.8571428571428,-0.19595115681234,0.480938416422287
2024-05-31,4,140,702,0.0662550720995586,0.0459096614340216,0.115921515152641,72.1428571428571,-0.199365107752839,0.517791675652361
2024-05-31,5,142,702,0.0798911507667073,0.0689835173377924,0.102026774528391,78.8732394366197,-0.115299026425591,0.461384152457372
2024-06-28,1,146,732,0.051148186709868,0.0331782643477574,0.111524569662096,67.1232876712329,-0.138635957864667,0.695265074868474
2024-06-28,2,146,732,0.0711241856345568,0.0444801469474234,0.127918780216495,74.6575342465753,-0.133323301482206,1.01014492753623
2024-06-28,3,146,732,0.0487237698795026,0.0345066116969348,0.0940935679618635,70.5479452054795,-0.159959758551308,0.560897435897436
2024-06-28,4,146,732,0.0353689811777168,0.0190170669224159,0.0926525677937829,65.0684931506849,-0.139837505779774,0.321375883220747
2024-06-28,5,148,732,0.0587673587650843,0.0305984140143268,0.1296226414693,62.8378378378378,-0.161320853927858,0.838785504407445
2024-07-31,1,163,819,0.0361644628011789,0.0237656217988116,0.111309763863788,56.441717791411,-0.268365110414555,0.410714285714286
2024-07-31,2,162,819,0.0127169956399082,-0.00784139285741903,0.131240868165496,45.0617283950617,-0.260895170789164,0.73277433467007
2024-07-31,3,163,819,0.0164786506893825,0.0014788038120277,0.105683742214735,50.920245398773,-0.169584593347127,0.482659816223694
2024-07-31,4,163,819,0.0051492958770497,0.00301568154402898,0.0742581227014867,52.1472392638037,-0.268795885516862,0.242092665412891
2024-07-31,5,167,819,0.027650382659106,0.00728100113765651,0.109160434672826,53.8922155688623,-0.210006273525722,0.580244105829733
2024-08-30,1,163,822,0.0202969048643404,-0.00204391497313683,0.131758276205712,49.079754601227,-0.326906222611744,0.649111440207331
2024-08-30,2,164,822,0.0181239851654764,0.0115325748664719,0.0715416285242017,58.5365853658537,-0.144934240962263,0.267210753720595
2024-08-30,3,164,822,0.0171526686465558,0.0103234169010454,0.0833899057316498,53.6585365853659,-0.163155535634244,0.345253473644412
2024-08-30,4,164,822,0.0190314943424691,0.00597870438046066,0.0945556722799697,51.8292682926829,-0.162288593019072,0.436881188118812
2024-08-30,5,166,822,-0.00268722932304317,-0.0263956551804836,0.119494652890365,39.7590361445783,-0.223364455577605,0.75074230348492
2024-09-30,1,164,820,-0.0430728147338848,-0.0514261412596863,0.108468248744815,30.4878048780488,-0.364583333333333,0.411455768915149
2024-09-30,2,163,820,-0.0433895828554353,-0.0569805330436964,0.105229320091615,22.6993865030675,-0.31640625,0.421683046683047
2024-09-30,3,164,820,-0.0670816876411948,-0.0719527711962577,0.0802654897542845,18.2926829268293,-0.280557082646143,0.173618040311315
2024-09-30,4,164,820,-0.0711458120368103,-0.0744912246677916,0.0666082083024331,15.2439024390244,-0.251172374591445,0.167775551102205
2024-09-30,5,164,820,-0.0543375938884218,-0.0712024485551557,0.0904722629948519,25.609756097561,-0.453442892358258,0.246620575791971
2024-10-31,1,157,785,0.00831494967247354,-0.00666897960757107,0.102348123298677,44.5859872611465,-0.275981173151065,0.639313625552158
2024-10-31,2,157,785,-0.0166619707589038,-0.0245278340290116,0.0720312144966377,37.5796178343949,-0.197433255688945,0.220135836995606
2024-10-31,3,157,785,-0.00982819410290627,-0.0175939411593361,0.089016039488585,42.6751592356688,-0.25994455994456,0.246184960470675
2024-10-31,4,157,785,-0.0157429055641003,-0.0209933435739883,0.0860393112335131,33.7579617834395,-0.204141666017299,0.349112426035503
2024-10-31,5,157,785,0.0103006569386484,-0.00882604970008571,0.118200279190755,47.1337579617834,-0.331772151898734,0.577648311720854
2024-11-29,1,146,731,-0.00764970681489412,-0.0273891270394579,0.0973267577687871,36.986301369863,-0.175680558901469,0.317843594981033
2024-11-29,2,146,731,0.00313290614804022,-0.0148620800719541,0.0872909725291334,43.8356164383562,-0.170890895246383,0.31071142016582
2024-11-29,3,146,731,-0.0255620333876304,-0.0375032896539382,0.0723545885626686,27.3972602739726,-0.2254540668597,0.308353594998263
2024-11-29,4,146,731,-0.00925839071101258,-0.0254008375893655,0.13256691676874,33.5616438356164,-0.216340361445783,1.19265973518173
2024-11-29,5,147,731,-0.00221339818932609,-0.00660308143800448,0.0900253719246587,44.2176870748299,-0.214645221292193,0.341674019916804
2024-12-31,1,147,742,-0.101068320931266,-0.110678569031479,0.100183987901579,8.16326530612245,-0.561292505498224,0.299592332379218
2024-12-31,2,148,742,-0.090966405214765,-0.0965013094219577,0.116865529872419,18.9189189189189,-0.395639363582793,0.287183123559653
2024-12-31,3,148,742,-0.083027341154036,-0.0816091296016876,0.100177047018854,16.8918918918919,-0.379213580460766,0.264598344730522
2024-12-31,4,148,742,-0.0710314261750915,-0.0658971002477588,0.107731696796163,25,-0.371995906966454,0.270671217292378
2024-12-31,5,150,742,-0.0830716541849977,-0.0904738224792631,0.0933265504688952,22,-0.309849823321555,0.148128898128898
2025-01-31,1,145,729,-0.0794991359195257,-0.0841539838854074,0.0948805892284939,18.6206896551724,-0.29359708485164,0.265413414051298
2025-01-31,2,145,729,-0.103705339252448,-0.104453287050755,0.0757919174082789,5.51724137931035,-0.308041768375373,0.17398100276542
2025-01-31,3,145,729,-0.124880170662039,-0.123762952613808,0.0908393537658026,8.27586206896552,-0.459587642447797,0.0864056496001664
2025-01-31,4,145,729,-0.162831601668642,-0.17172100075815,0.1056124076883,6.89655172413793,-0.610926332177482,0.197018039023193
2025-01-31,5,149,729,-0.172941632369952,-0.171197546354384,0.0980761807790385,2.01342281879195,-0.416839199447895,0.188321270465884
2025-02-28,1,136,682,0.101301728344666,0.0909477607030363,0.0997295540230595,87.5,-0.0851389633259321,0.48586118251928
2025-02-28,2,136,682,0.0853738815823833,0.0804010397248603,0.0757882252740609,88.2352941176471,-0.0920549178483006,0.373337658125203
2025-02-28,3,136,682,0.0756590118687838,0.0782309367108621,0.08148421720945,86.0294117647059,-0.33957654723127,0.310705499563527
2025-02-28,4,136,682,0.0934971721152321,0.0884106182931752,0.0915384454603031,88.2352941176471,-0.101525821596244,0.476740294511379
2025-02-28,5,138,682,0.0915985256325839,0.0835370047494239,0.13114066345391,81.8840579710145,-0.642857142857143,0.4788246654711
2025-03-28,1,139,697,0.0324634009274878,0.0242647429753315,0.112464482388164,58.9928057553957,-0.231031442844549,0.465955555555556
2025-03-28,2,139,697,0.00256870076727243,-0.00416135311094712,0.0855471311947924,48.9208633093525,-0.26967029573006,0.206016347313413
2025-03-28,3,139,697,0.0170155534924315,0.013604867331418,0.0752823433676375,60.431654676259,-0.138689622190339,0.280688481180254
2025-03-28,4,139,697,0.0355506627017161,0.0399947633697713,0.0792804055258318,68.3453237410072,-0.160319308165641,0.272982021558648
2025-03-28,5,140,697,0.022231245229842,0.0156212187236707,0.0930074012259702,60,-0.258666009528503,0.39143793527243
2025-04-30,1,145,726,0.107341363507495,0.0946745562130178,0.121604128383945,81.3793103448276,-0.146811070998797,0.540036036036036
2025-04-30,2,145,726,0.0635673850208844,0.040671512634129,0.102562716529349,78.6206896551724,-0.207339449541284,0.595068727603359
2025-04-30,3,145,726,0.080850514116537,0.0543524416135883,0.111252418118536,84.8275862068966,-0.136542851213945,0.602186311787073
2025-04-30,4,145,726,0.100875078179859,0.0796864425896686,0.120750333838883,84.1379310344828,-0.262344720496895,0.622957867583835
2025-04-30,5,146,726,0.142281996009379,0.124864137577126,0.147237942567551,82.1917808219178,-0.121705689401651,0.557238605898124
2025-05-30,1,144,720,0.0211729514339781,0.00999634666737648,0.0849225297232434,56.25,-0.237830528846154,0.354118873826903
2025-05-30,2,144,720,0.0446217584430718,0.0307452790144931,0.0828748482052845,71.5277777777778,-0.193388681544672,0.353903821539587
2025-05-30,3,144,720,0.0341042103986068,0.0268072449719554,0.0796725828062834,65.9722222222222,-0.305844005999769,0.381686622448101
2025-05-30,4,144,720,0.03691266040216,0.0314688316410352,0.0632799791164035,81.9444444444444,-0.175533598227786,0.335131490222522
2025-05-30,5,144,720,0.0320050691161962,0.0246352030120925,0.0776196846811886,61.8055555555556,-0.195976154992548,0.324242509972558
2025-06-30,1,150,754,-0.00868060460414038,-0.0272567771104292,0.108542708778952,38.6666666666667,-0.237758061764204,0.412503138337937
2025-06-30,2,150,754,-0.021129911690528,-0.0352929659662496,0.0993444244366814,35.3333333333333,-0.242711474938963,0.425896356510378
2025-06-30,3,150,754,-0.0240063635459245,-0.0378692098609819,0.0818000969219703,32,-0.259821790198461,0.354170613121172
2025-06-30,4,150,754,-0.0312837649530585,-0.0314922811897019,0.0844180077871818,32.6666666666667,-0.299313208752596,0.266685609648292
2025-06-30,5,154,754,-0.0109485298771954,-0.0258756314351527,0.0995335080749215,36.3636363636364,-0.224334600760457,0.486767699615472
2025-07-31,1,148,741,-0.0174661542321961,-0.0229060809673557,0.0806914804732533,38.5135135135135,-0.315366825131697,0.209214720370907
2025-07-31,2,148,741,-0.00944811631704999,-0.0155165766763282,0.0643738917469212,33.1081081081081,-0.250166777851901,0.345436292144232
2025-07-31,3,148,741,-0.00676013331470221,-0.010089568310604,0.0717603120267766,41.8918918918919,-0.146953405017921,0.424018785642402
2025-07-31,4,148,741,-0.0142809736734555,-0.0343929658066902,0.0966521663023691,35.1351351351351,-0.189466365374587,0.5462308598351
2025-07-31,5,149,741,-0.0123234285526885,-0.0173068164566571,0.0860878055510131,40.2684563758389,-0.266267440424744,0.365472387037882
2025-08-29,1,143,719,-0.00199923868016611,-0.031301274769658,0.13073755243153,34.965034965035,-0.260945213239459,0.63404693658187
2025-08-29,2,143,719,0.00701411322033463,0.00146977769612344,0.0663349437815472,51.7482517482517,-0.141732934577378,0.20828979449669
2025-08-29,3,143,719,0.0102514548791574,-0.00310539121526432,0.0824950293085831,47.5524475524476,-0.239015384615384,0.42227027027027
2025-08-29,4,143,719,0.00255877930818987,-0.00474279460051075,0.0771813618071607,48.2517482517483,-0.14136738223624,0.327823327162126
2025-08-29,5,147,719,-0.00511484613904178,-0.00964285714285706,0.0913468414720101,41.4965986394558,-0.223074320514267,0.405803378085752
2025-09-30,1,144,722,0.010367761773332,0.00467845589969329,0.106361427599829,51.3888888888889,-0.291223519239083,0.750049910161709
2025-09-30,2,143,722,0.0276347193538074,0.0120631762218624,0.0836541096801767,60.8391608391608,-0.143103873673822,0.29492547312008
2025-09-30,3,144,722,0.0338433185143104,0.0259057766070842,0.0632399773317344,71.5277777777778,-0.119341563786008,0.294973480609216
2025-09-30,4,144,722,0.0271100500095745,0.0215457315233604,0.0598268250830585,65.2777777777778,-0.106944752607055,0.211493300179583
2025-09-30,5,146,722,0.022631436535303,0.00127098093177214,0.0895663847116866,50,-0.167493454595563,0.248882123489678
2025-10-31,1,144,729,-0.0383540658417942,-0.0357401455151504,0.100740011159727,30.5555555555556,-0.390625,0.328619148843867
2025-10-31,2,145,729,-0.0134946465430887,-0.0164271047227925,0.0627157388522155,44.8275862068966,-0.190438582635708,0.182965299684543
2025-10-31,3,145,729,-0.0129872360676325,-0.0178842073355558,0.0703362215349552,37.2413793103448,-0.174746335963923,0.230747767857143
2025-10-31,4,144,729,-0.0361346216474215,-0.0357414051663162,0.0789006045158833,27.7777777777778,-0.253357386249749,0.346350439582907
2025-10-31,5,149,729,-0.0469110400818146,-0.049798115746972,0.102140861380036,29.5302013422819,-0.491072946777759,0.210328245870792
2025-11-28,1,146,734,-0.0206484996125599,-0.0341103236812915,0.102296597349474,30.1369863013699,-0.273521820741436,0.484314568113451
2025-11-28,2,146,734,0.00918801061313048,-0.002591293779729,0.0850183837362643,45.8904109589041,-0.136464299350898,0.345615538417594
2025-11-28,3,146,734,0.00254656263914464,-0.00474874960420479,0.0789855320973436,43.8356164383562,-0.251096388914808,0.527527675276753
2025-11-28,4,146,734,-0.00233976508607841,-0.0114858669367738,0.0705924642095098,43.1506849315069,-0.151789007746219,0.301196462632218
2025-11-28,5,150,734,-0.00620271745519676,-0.0121636273635225,0.082976501772579,38,-0.231312075274438,0.410374029640085
2025-12-31,1,144,724,-0.0527197542349897,-0.0613335404644414,0.135849054637943,26.3888888888889,-0.331823012809755,0.415149708835802
2025-12-31,2,144,724,-0.0267151580042272,-0.033540940688868,0.0884489063915139,35.4166666666667,-0.250416964498451,0.332775063968364
2025-12-31,3,144,724,-0.0419247875620875,-0.0385763294441154,0.0802777163068857,26.3888888888889,-0.253097893432466,0.225295164159793
2025-12-31,4,144,724,-0.0563741843155519,-0.064177792560377,0.0861639861853238,22.9166666666667,-0.302912856537274,0.223752869964517
2025-12-31,5,148,724,-0.0764853061706835,-0.0721589850518166,0.0854312028201231,14.8648648648649,-0.316619389287502,0.27738050432819
2026-01-30,1,146,730,0.0282079890442332,0.015045771883315,0.12048657507473,56.1643835616438,-0.336772529421248,0.378413370998117
2026-01-30,2,146,730,0.0403338956247299,0.0434398920226436,0.0945201070563731,76.027397260274,-0.283724872850569,0.412040872687103
2026-01-30,3,146,730,0.0448571618655554,0.0393069219268112,0.103985541696096,68.4931506849315,-0.264966111315148,0.388876740287193
2026-01-30,4,146,730,0.0225286352244848,0.005603098707056,0.140971918100696,53.4246575342466,-0.329340453167845,0.644404563517498
2026-01-30,5,146,730,0.0274554517760189,0.018127715293299,0.127517238860317,59.5890410958904,-0.275382941324182,0.523119182054021
2026-02-27,1,143,721,-0.104412215853184,-0.107495466451743,0.0799659368163347,11.1888111888112,-0.304901408450704,0.11304555211066
2026-02-27,2,144,721,-0.0969632193778885,-0.109599171096158,0.0811730806445679,10.4166666666667,-0.464239045212998,0.196114036680588
2026-02-27,3,144,721,-0.092826793425135,-0.0984290530790976,0.0824793426016479,15.2777777777778,-0.3303919904972,0.176483940528884
2026-02-27,4,144,721,-0.0969820541296302,-0.0950140351133906,0.0803697752776229,7.63888888888889,-0.299316911612503,0.250701852891634
2026-02-27,5,145,721,-0.0951626166513437,-0.109358706986444,0.103940540093954,17.2413793103448,-0.382392654604375,0.337746134163978
2026-03-30,1,148,741,0.1577334931747,0.122661470779361,0.140354667375518,90.5405405405405,-0.0792829188233811,0.552299656007135
2026-03-30,2,148,741,0.0996102753301966,0.0748443272474472,0.0991842507234589,92.5675675675676,-0.0976814899277839,0.624242424242424
2026-03-30,3,148,741,0.13948221805241,0.120322677669323,0.129120970176881,92.5675675675676,-0.0900944933202996,0.791869016234217
2026-03-30,4,148,741,0.155688887911139,0.131967084352124,0.120968823471885,93.9189189189189,-0.0609477952356822,0.639344262295082
2026-03-30,5,148,741,0.144122525553014,0.134551418884607,0.0920050807367611,97.2972972972973,-0.0875132377009725,0.411026257976776
2026-04-30,1,162,813,0.022793757489354,-0.0106436509065153,0.141523708192702,44.4444444444444,-0.261649294911098,0.551635898373241
2026-04-30,2,162,813,0.000217018089875517,-0.0109129442567045,0.115821483626475,41.9753086419753,-0.241451697549554,0.473671838269863
2026-04-30,3,162,813,0.0115333821089751,-0.00608818220868718,0.114498637998528,45.679012345679,-0.21697139486877,0.733150153547761
2026-04-30,4,162,813,0.00508179543894215,0.00255385429423838,0.0837076179024371,51.8518518518518,-0.217571059431524,0.383626522327469
2026-04-30,5,165,813,0.0133705586416918,0.00153505031553824,0.101320177859455,53.3333333333333,-0.235502207909439,0.568425827914713
2026-05-29,1,171,855,0.0635680470406492,0.0555843617131602,0.120250176818387,66.6666666666667,-0.330407931090525,0.458775510204082
2026-05-29,2,171,855,0.0451785221568938,0.0421690804984849,0.105023401447729,67.2514619883041,-0.155509169524377,0.596668917398155
2026-05-29,3,171,855,0.03146823902481,0.0240821160679039,0.0891400980364379,69.5906432748538,-0.156836109720932,0.471299093655589
2026-05-29,4,171,855,0.0308872500351744,0.0289800526910047,0.111022196839664,66.6666666666667,-0.412423889104807,0.58268876611418
2026-05-29,5,171,855,0.0614056502961537,0.0458315519452761,0.114659408496104,68.4210526315789,-0.17578125,0.519665933073755
2026-06-30,1,168,850,-0.0019343021181235,-0.0130661987740027,0.107576450700727,42.8571428571429,-0.238021638330757,0.436592449177154
2026-06-30,2,170,850,0.0162916940384784,0.000264644275612957,0.0964962973226153,50,-0.155636606074867,0.443936507936507
2026-06-30,3,170,850,0.0253265148898915,0.00701809861920544,0.112669569858402,59.4117647058824,-0.264955070603338,0.607663036346936
2026-06-30,4,170,850,0.0113456223454364,0.0011382078310328,0.100542860561469,50.5882352941176,-0.255748569133447,0.31201230904495
2026-06-30,5,168,850,0.00122490016283182,-0.01137628669254,0.108832962147548,42.8571428571429,-0.392661424827258,0.44329563812601
