Date,Quant Model NAV
2005-09-30,100
2005-10-03,100.8872524
2005-10-04,102.5057992
2005-10-05,101.9185531
2005-10-06,100.0623391
2005-10-07,99.4334306
2005-10-10,99.46110014
2005-10-11,99.59359652
2005-10-12,99.59359652
2005-10-13,97.94651796
2005-10-14,95.98243021
2005-10-17,95.63487601
2005-10-18,95.2338444
2005-10-19,93.84537562
2005-10-20,93.37589878
2005-10-21,94.32964279
2005-10-24,93.27405278
2005-10-25,94.03387021
2005-10-26,93.8985557
2005-10-27,92.3340935
2005-10-28,90.76107833
2005-10-31,92.87747371
2005-11-01,93.67159999
2005-11-02,95.12359199
2005-11-03,95.12359199
2005-11-04,95.12359199
2005-11-07,96.4603303
2005-11-08,98.18165969
2005-11-09,97.7910509
2005-11-10,97.9727458
2005-11-11,99.61144881
2005-11-14,99.96514066
2005-11-15,99.96514066
2005-11-16,101.389705
2005-11-17,102.1789683
2005-11-18,102.6533669
2005-11-21,102.0023478
2005-11-22,101.5672336
2005-11-23,102.7928773
2005-11-24,103.6813449
2005-11-25,105.3577445
2005-11-28,106.4557469
2005-11-29,106.088229
2005-11-30,104.8981863
2005-12-01,106.5454532
2005-12-02,107.1417478
2005-12-05,106.1083909
2005-12-06,105.6814964
2005-12-07,106.7673161
2005-12-08,106.7558843
2005-12-09,107.9008218
2005-12-12,108.3316224
2005-12-13,109.8623246
2005-12-14,110.104608
2005-12-15,108.5622707
2005-12-16,109.3647864
2005-12-19,110.7134357
2005-12-20,110.4289987
2005-12-21,110.3034572
2005-12-22,110.7278796
2005-12-23,109.7301131
2005-12-26,107.7306525
2005-12-27,109.9968864
2005-12-28,109.5872936
2005-12-29,110.1584499
2005-12-30,111.1012825
2006-01-02,111.0904602
2006-01-03,112.8056071
2006-01-04,114.4777884
2006-01-05,114.4804339
2006-01-06,114.9135085
2006-01-09,114.5058794
2006-01-10,113.3522478
2006-01-11,113.3522478
2006-01-12,113.1395354
2006-01-13,113.2827379
2006-01-16,112.8429171
2006-01-17,112.7663633
2006-01-18,112.3511969
2006-01-19,114.3910424
2006-01-20,115.1256949
2006-01-23,114.7651436
2006-01-24,115.6368431
2006-01-25,117.1174736
2006-01-26,117.1174736
2006-01-27,119.3226149
2006-01-30,119.1501094
2006-01-31,119.9875915
2006-02-01,118.9729472
2006-02-02,119.0950366
2006-02-03,118.5331317
2006-02-06,121.2402119
2006-02-07,122.704262
2006-02-08,122.2427314
2006-02-09,122.2427314
2006-02-10,123.6468467
2006-02-13,124.7228251
2006-02-14,123.2998926
2006-02-15,123.113111
2006-02-16,123.26938
2006-02-17,121.8578487
2006-02-20,121.4139028
2006-02-21,122.2581209
2006-02-22,122.541797
2006-02-23,121.7278056
2006-02-24,121.5831293
2006-02-27,122.6847649
2006-02-28,123.7527671
2006-03-01,126.1211756
2006-03-02,126.7805377
2006-03-03,127.1896973
2006-03-06,128.5556841
2006-03-07,127.9765874
2006-03-08,126.3754476
2006-03-09,127.1292331
2006-03-10,129.2155041
2006-03-13,129.7346913
2006-03-14,129.7401862
2006-03-15,129.7401862
2006-03-16,130.59632
2006-03-17,130.6000419
2006-03-20,131.5346336
2006-03-21,130.7848163
2006-03-22,130.1012269
2006-03-23,129.7116908
2006-03-24,130.7750167
2006-03-27,131.0507145
2006-03-28,130.6921743
2006-03-29,132.2164428
2006-03-30,133.6989419
2006-03-31,134.035322
2006-04-03,137.4496451
2006-04-04,138.4541702
2006-04-05,140.039379
2006-04-06,140.039379
2006-04-07,137.6724585
2006-04-10,138.4423974
2006-04-11,138.4423974
2006-04-12,134.7709111
2006-04-13,132.7074746
2006-04-14,132.7074746
2006-04-17,136.6806
2006-04-18,140.0050953
2006-04-19,139.9054603
2006-04-20,140.9917072
2006-04-21,141.147523
2006-04-24,139.6262365
2006-04-25,136.7433671
2006-04-26,139.260829
2006-04-27,138.4809668
2006-04-28,138.5768649
2006-05-01,140.6958434
2006-05-02,142.7087725
2006-05-03,143.8383728
2006-05-04,144.1088638
2006-05-05,144.181283
2006-05-08,144.8230201
2006-05-09,145.0347785
2006-05-10,145.7266947
2006-05-11,143.9384294
2006-05-12,142.7786553
2006-05-15,137.6558158
2006-05-16,137.9459596
2006-05-17,140.9448779
2006-05-18,132.4102852
2006-05-19,127.3129328
2006-05-22,122.7416332
2006-05-23,126.0088216
2006-05-24,123.9546074
2006-05-25,124.4219446
2006-05-26,126.886027
2006-05-29,127.1742183
2006-05-30,126.7710236
2006-05-31,122.3070156
2006-06-01,118.8944666
2006-06-02,122.6437187
2006-06-05,120.1352625
2006-06-06,117.1202902
2006-06-07,113.6183844
2006-06-08,107.5865572
2006-06-09,113.4405158
2006-06-12,110.2609575
2006-06-13,105.4466257
2006-06-14,102.9730022
2006-06-15,110.4382
2006-06-16,115.0384716
2006-06-19,116.4426648
2006-06-20,114.5228982
2006-06-21,116.8589894
2006-06-22,119.0281213
2006-06-23,120.4752675
2006-06-26,116.5071444
2006-06-27,117.836553
2006-06-28,118.0054961
2006-06-29,119.1215995
2006-06-30,123.8079769
2006-07-03,124.2231824
2006-07-04,123.7646306
2006-07-05,126.572717
2006-07-06,125.5889105
2006-07-07,122.8998961
2006-07-10,124.9272223
2006-07-11,124.0935978
2006-07-12,127.7515932
2006-07-13,127.668258
2006-07-14,125.7978105
2006-07-17,122.1933891
2006-07-18,121.5205143
2006-07-19,118.2438375
2006-07-20,122.0343894
2006-07-21,118.9569022
2006-07-24,120.229154
2006-07-25,122.7824244
2006-07-26,125.469372
2006-07-27,126.4153447
2006-07-28,125.5909292
2006-07-31,125.7251937
2006-08-01,125.0458645
2006-08-02,126.5445809
2006-08-03,127.1880538
2006-08-04,126.7518206
2006-08-07,126.121565
2006-08-08,128.1883979
2006-08-09,129.7885502
2006-08-10,130.1125571
2006-08-11,130.752033
2006-08-14,132.3941772
2006-08-15,132.3941772
2006-08-16,134.1162007
2006-08-17,134.1134351
2006-08-18,134.3328923
2006-08-21,134.988003
2006-08-22,134.7820198
2006-08-23,133.4619375
2006-08-24,134.7353487
2006-08-25,135.2456394
2006-08-28,135.7998465
2006-08-29,136.2743861
2006-08-30,136.3775753
2006-08-31,136.6480139
2006-09-01,138.0320629
2006-09-04,139.5271685
2006-09-05,139.3832488
2006-09-06,139.5621001
2006-09-07,138.5792419
2006-09-08,138.9521256
2006-09-11,134.7157629
2006-09-12,136.4332964
2006-09-13,138.7364824
2006-09-14,139.4982573
2006-09-15,140.0703052
2006-09-18,140.8041647
2006-09-19,139.5931508
2006-09-20,140.4334551
2006-09-21,142.181284
2006-09-22,141.7094223
2006-09-25,140.9677781
2006-09-26,142.2627017
2006-09-27,142.6981275
2006-09-28,142.4446847
2006-09-29,143.2925772
2006-10-02,143.2925772
2006-10-03,142.5848589
2006-10-04,141.1770722
2006-10-05,143.275464
2006-10-06,143.1305552
2006-10-09,143.1444343
2006-10-10,143.380946
2006-10-11,143.4127355
2006-10-12,145.336941
2006-10-13,146.6767373
2006-10-16,148.4149233
2006-10-17,147.8853297
2006-10-18,147.2256848
2006-10-19,145.6620018
2006-10-20,145.7592913
2006-10-23,145.6137165
2006-10-24,145.6137165
2006-10-25,145.6137165
2006-10-26,145.9723309
2006-10-27,146.8275021
2006-10-30,147.5377175
2006-10-31,147.6255852
2006-11-01,147.7421832
2006-11-02,148.0382314
2006-11-03,148.1968177
2006-11-06,149.4032066
2006-11-07,148.5553898
2006-11-08,147.7106969
2006-11-09,148.5520092
2006-11-10,149.8708554
2006-11-13,150.910757
2006-11-14,151.3353521
2006-11-15,151.3069286
2006-11-16,152.3467231
2006-11-17,151.031361
2006-11-20,150.9675214
2006-11-21,153.0972519
2006-11-22,154.102634
2006-11-23,154.1417211
2006-11-24,154.3833809
2006-11-27,154.9910254
2006-11-28,153.3528736
2006-11-29,154.0318381
2006-11-30,154.4461702
2006-12-01,156.4982287
2006-12-04,156.502977
2006-12-05,156.7752237
2006-12-06,156.0976146
2006-12-07,155.5542268
2006-12-08,154.7298936
2006-12-11,150.9008498
2006-12-12,146.8798279
2006-12-13,148.2757091
2006-12-14,151.3195924
2006-12-15,152.6944753
2006-12-18,153.5910528
2006-12-19,150.8021001
2006-12-20,150.0019184
2006-12-21,150.2558499
2006-12-22,151.4803758
2006-12-25,151.4803758
2006-12-26,154.3842704
2006-12-27,155.7294834
2006-12-28,156.1191821
2006-12-29,156.2832253
2007-01-01,156.2832253
2007-01-02,157.8474455
2007-01-03,158.7425101
2007-01-04,157.131233
2007-01-05,156.6935235
2007-01-08,154.1099058
2007-01-09,153.2693632
2007-01-10,152.0451118
2007-01-11,155.1676956
2007-01-12,158.7685087
2007-01-15,160.4254588
2007-01-16,160.7098813
2007-01-17,160.8512452
2007-01-18,161.8916279
2007-01-19,161.0131528
2007-01-22,161.2214753
2007-01-23,158.5294301
2007-01-24,159.0787679
2007-01-25,160.5789968
2007-01-26,160.5789968
2007-01-29,159.0830606
2007-01-30,159.0830606
2007-01-31,158.0605126
2007-02-01,159.0634545
2007-02-02,160.9011128
2007-02-05,161.3390802
2007-02-06,160.5472541
2007-02-07,162.4806565
2007-02-08,162.9419155
2007-02-09,161.76749
2007-02-12,158.1372372
2007-02-13,156.3388083
2007-02-14,155.6304536
2007-02-15,159.6015225
2007-02-16,159.6015225
2007-02-19,159.4347364
2007-02-20,157.3563474
2007-02-21,156.9877963
2007-02-22,154.5026509
2007-02-23,150.2681526
2007-02-26,150.8778631
2007-02-27,149.5214629
2007-02-28,143.6405337
2007-03-01,145.5725445
2007-03-02,143.7239838
2007-03-05,138.7585129
2007-03-06,140.6616537
2007-03-07,138.4742337
2007-03-08,142.92529
2007-03-09,142.1373124
2007-03-12,142.6292674
2007-03-13,144.2720788
2007-03-14,140.6022509
2007-03-15,140.4462195
2007-03-16,138.9440316
2007-03-19,141.2809231
2007-03-20,142.171925
2007-03-21,143.6937957
2007-03-22,147.1662666
2007-03-23,147.8540064
2007-03-26,146.4756463
2007-03-27,146.4756463
2007-03-28,143.889884
2007-03-29,144.6919666
2007-03-30,146.2020643
2007-04-02,140.0951188
2007-04-03,141.7071908
2007-04-04,143.3918759
2007-04-05,144.1507415
2007-04-06,144.1507415
2007-04-09,147.4255628
2007-04-10,147.5839489
2007-04-11,146.9544352
2007-04-12,146.4582881
2007-04-13,149.7785335
2007-04-16,152.1349513
2007-04-17,151.5027943
2007-04-18,152.5473938
2007-04-19,152.1465198
2007-04-20,154.2018031
2007-04-23,153.9620875
2007-04-24,155.6607248
2007-04-25,157.2982425
2007-04-26,157.138425
2007-04-27,154.4828565
2007-04-30,155.732021
2007-05-01,155.732021
2007-05-02,155.732021
2007-05-03,158.4161627
2007-05-04,157.7999988
2007-05-07,158.2906719
2007-05-08,156.916404
2007-05-09,157.1083615
2007-05-10,157.7970142
2007-05-11,157.3625572
2007-05-14,158.5760457
2007-05-15,158.3676266
2007-05-16,159.8047441
2007-05-17,160.5640344
2007-05-18,160.4251593
2007-05-21,161.6774413
2007-05-22,162.5254504
2007-05-23,161.8637623
2007-05-24,160.7008119
2007-05-25,161.4855548
2007-05-28,162.2454076
2007-05-29,163.5374369
2007-05-30,162.8230088
2007-05-31,164.692478
2007-06-01,165.35005
2007-06-04,164.3053153
2007-06-05,164.5174563
2007-06-06,162.2175045
2007-06-07,161.5381373
2007-06-08,160.3168789
2007-06-11,160.5772923
2007-06-12,161.7050304
2007-06-13,160.4801254
2007-06-14,162.5129956
2007-06-15,162.2274265
2007-06-18,161.3194816
2007-06-19,163.1659436
2007-06-20,164.6916151
2007-06-21,165.3912344
2007-06-22,164.7294245
2007-06-25,164.226408
2007-06-26,163.9229953
2007-06-27,163.7055459
2007-06-28,165.4581896
2007-06-29,168.0517708
2007-07-02,168.1034908
2007-07-03,169.07781
2007-07-04,169.542955
2007-07-05,169.0333505
2007-07-06,170.6101739
2007-07-09,170.7738857
2007-07-10,170.2509223
2007-07-11,169.6116884
2007-07-12,171.183019
2007-07-13,172.6181066
2007-07-16,172.7865306
2007-07-17,173.5044992
2007-07-18,173.1513573
2007-07-19,174.9753225
2007-07-20,173.7845826
2007-07-23,175.5419427
2007-07-24,175.6618821
2007-07-25,174.0516155
2007-07-26,175.2148595
2007-07-27,170.1723819
2007-07-30,170.9777353
2007-07-31,174.6814582
2007-08-01,168.5562431
2007-08-02,168.9446692
2007-08-03,170.7002958
2007-08-06,168.5279594
2007-08-07,169.1205682
2007-08-08,173.8382551
2007-08-09,171.3977561
2007-08-10,169.4597828
2007-08-13,171.4463737
2007-08-14,171.0220403
2007-08-15,171.0220403
2007-08-16,165.2194992
2007-08-17,163.3353006
2007-08-20,165.7558548
2007-08-21,161.3054061
2007-08-22,162.8147846
2007-08-23,161.8756248
2007-08-24,163.5858592
2007-08-27,167.1315304
2007-08-28,168.9712557
2007-08-29,169.3213986
2007-08-30,171.2585321
2007-08-31,172.947443
2007-09-03,174.4299412
2007-09-04,175.649697
2007-09-05,176.3632276
2007-09-06,178.1378754
2007-09-07,177.6974914
2007-09-10,177.3329092
2007-09-11,176.6838943
2007-09-12,176.566136
2007-09-13,178.6150191
2007-09-14,177.9014396
2007-09-17,177.4746381
2007-09-18,178.2723627
2007-09-19,183.6185425
2007-09-20,183.4934558
2007-09-21,185.2384155
2007-09-24,187.3745438
2007-09-25,188.0903891
2007-09-26,188.9488923
2007-09-27,190.4979742
2007-09-28,191.2126908
2007-10-01,190.6959618
2007-10-02,190.6959618
2007-10-03,195.109302
2007-10-04,194.617708
2007-10-05,194.0352191
2007-10-08,191.6376809
2007-10-09,197.6920021
2007-10-10,201.0909848
2007-10-11,202.527448
2007-10-12,199.2776386
2007-10-15,204.0818987
2007-10-16,203.2815327
2007-10-17,201.5343346
2007-10-18,197.2995993
2007-10-19,193.0325738
2007-10-22,193.4753766
2007-10-23,201.1937091
2007-10-24,201.5592803
2007-10-25,202.901672
2007-10-26,206.9575141
2007-10-29,211.6693172
2007-10-30,210.3380246
2007-10-31,210.7632557
2007-11-01,208.4325204
2007-11-02,209.6562598
2007-11-05,207.1823743
2007-11-06,206.4771979
2007-11-07,205.434436
2007-11-08,204.0721896
2007-11-09,202.9366229
2007-11-12,201.3087426
2007-11-13,203.933559
2007-11-14,211.2260007
2007-11-15,209.5606312
2007-11-16,210.1004974
2007-11-19,212.433093
2007-11-20,210.2974941
2007-11-21,204.0688837
2007-11-22,203.1926118
2007-11-23,205.8311771
2007-11-26,209.556317
2007-11-27,210.626968
2007-11-28,209.0054917
2007-11-29,208.85639
2007-11-30,211.4525583
2007-12-03,214.1965323
2007-12-04,215.1825853
2007-12-05,217.1525833
2007-12-06,216.0478391
2007-12-07,217.0695319
2007-12-10,216.6732292
2007-12-11,219.3293645
2007-12-12,220.619533
2007-12-13,220.3689766
2007-12-14,221.5081215
2007-12-17,215.6200393
2007-12-18,214.6431114
2007-12-19,213.7899149
2007-12-20,213.6096326
2007-12-21,213.6096326
2007-12-24,218.0971501
2007-12-25,218.0971501
2007-12-26,220.7331005
2007-12-27,220.6054967
2007-12-28,221.7806865
2007-12-31,222.9185969
2008-01-01,222.6094385
2008-01-02,223.9350356
2008-01-03,222.126472
2008-01-04,223.8742655
2008-01-07,223.7548528
2008-01-08,223.3398343
2008-01-09,223.6460681
2008-01-10,218.9008239
2008-01-11,219.7689513
2008-01-14,220.7847704
2008-01-15,217.9252126
2008-01-16,214.1868796
2008-01-17,213.6495118
2008-01-18,207.7643508
2008-01-21,191.2852791
2008-01-22,181.2262342
2008-01-23,190.3967427
2008-01-24,185.2229513
2008-01-25,197.2363879
2008-01-28,196.2196886
2008-01-29,196.4488874
2008-01-30,193.8900403
2008-01-31,194.3574412
2008-02-01,198.241862
2008-02-04,203.0907925
2008-02-05,202.9446907
2008-02-06,198.8328802
2008-02-07,193.0296975
2008-02-08,192.5714151
2008-02-11,185.6958219
2008-02-12,184.5610544
2008-02-13,186.0280549
2008-02-14,192.5761673
2008-02-15,196.2951298
2008-02-18,196.5258598
2008-02-19,197.6827535
2008-02-20,194.550663
2008-02-21,197.0096478
2008-02-22,193.417334
2008-02-25,195.4130821
2008-02-26,197.2441563
2008-02-27,198.0292715
2008-02-28,198.2969041
2008-02-29,196.6203175
2008-03-03,190.4352077
2008-03-04,188.2246577
2008-03-05,189.9036346
2008-03-06,189.9036346
2008-03-07,182.9307507
2008-03-10,181.8107719
2008-03-11,185.047351
2008-03-12,185.7165168
2008-03-13,178.057198
2008-03-14,181.8749216
2008-03-17,171.0021149
2008-03-18,170.8134094
2008-03-19,171.4606247
2008-03-20,171.4606247
2008-03-21,171.4606247
2008-03-24,173.6355178
2008-03-25,182.0368825
2008-03-26,183.1033779
2008-03-27,181.7070694
2008-03-28,186.5698004
2008-03-31,181.3328553
2008-04-01,179.6266191
2008-04-02,181.8498
2008-04-03,183.1617882
2008-04-04,178.5294989
2008-04-07,182.7333353
2008-04-08,181.2604362
2008-04-09,183.9184366
2008-04-10,182.6804171
2008-04-11,182.7831935
2008-04-14,182.7831935
2008-04-15,185.8096111
2008-04-16,186.5661585
2008-04-17,190.6052415
2008-04-18,190.6052415
2008-04-21,192.9801752
2008-04-22,193.6369135
2008-04-23,193.2240185
2008-04-24,193.028918
2008-04-25,195.7513462
2008-04-28,195.560426
2008-04-29,200.6645109
2008-04-30,200.8213866
2008-05-01,200.8213866
2008-05-02,202.4179748
2008-05-05,201.3507106
2008-05-06,201.1934122
2008-05-07,200.5965144
2008-05-08,198.2838459
2008-05-09,195.4114085
2008-05-12,196.2937932
2008-05-13,195.7666297
2008-05-14,198.1380805
2008-05-15,200.4873748
2008-05-16,201.7941324
2008-05-19,201.7941324
2008-05-20,199.6279401
2008-05-21,198.5175386
2008-05-22,195.3412999
2008-05-23,193.7278115
2008-05-26,189.7791315
2008-05-27,189.4879653
2008-05-28,193.7399348
2008-05-29,192.5295916
2008-05-30,194.6552251
2008-06-02,190.6905152
2008-06-03,189.0979902
2008-06-04,183.7379912
2008-06-05,187.2048629
2008-06-06,185.494428
2008-06-09,180.6551039
2008-06-10,178.5510651
2008-06-11,182.0520937
2008-06-12,182.1086073
2008-06-13,180.4901576
2008-06-16,182.9030656
2008-06-17,186.7633203
2008-06-18,184.797183
2008-06-19,181.112113
2008-06-20,176.0334868
2008-06-23,173.1504418
2008-06-24,170.0865663
2008-06-25,169.9129224
2008-06-26,171.7335643
2008-06-27,164.3846373
2008-06-30,160.2176504
2008-07-01,155.0991066
2008-07-02,161.5959118
2008-07-03,155.0728007
2008-07-04,159.3458431
2008-07-07,161.6553496
2008-07-08,160.0692091
2008-07-09,166.1245511
2008-07-10,166.375893
2008-07-11,161.8536023
2008-07-14,159.1110005
2008-07-15,152.2540118
2008-07-16,150.1586415
2008-07-17,155.6916254
2008-07-18,160.3015399
2008-07-21,160.3833996
2008-07-22,164.0537624
2008-07-23,171.2137056
2008-07-24,169.500118
2008-07-25,166.0377489
2008-07-28,166.4033136
2008-07-29,161.0077194
2008-07-30,166.4809597
2008-07-31,165.8645296
2008-08-01,169.2622743
2008-08-04,170.8897038
2008-08-05,175.6559014
2008-08-06,176.1332199
2008-08-07,177.2709049
2008-08-08,177.4720933
2008-08-11,179.71486
2008-08-12,176.8832589
2008-08-13,176.369324
2008-08-14,173.1812588
2008-08-15,173.1812588
2008-08-18,172.7522465
2008-08-19,170.8661081
2008-08-20,172.7982569
2008-08-21,168.7815115
2008-08-22,170.2573563
2008-08-25,171.2985319
2008-08-26,172.729801
2008-08-27,171.6438463
2008-08-28,169.6867916
2008-08-29,174.1904507
2008-09-01,174.3954759
2008-09-02,178.889783
2008-09-03,178.889783
2008-09-04,177.4972874
2008-09-05,173.2972073
2008-09-08,177.4846481
2008-09-09,176.6236794
2008-09-10,175.098291
2008-09-11,172.3721315
2008-09-12,169.8926292
2008-09-15,164.023252
2008-09-16,163.1095993
2008-09-17,159.4837932
2008-09-18,158.4891406
2008-09-19,165.7595064
2008-09-22,165.6250201
2008-09-23,161.8719049
2008-09-24,163.1944022
2008-09-25,161.9336168
2008-09-26,157.7647332
2008-09-29,152.7130694
2008-09-30,155.4103656
2008-10-01,158.9537429
2008-10-02,158.9537429
2008-10-03,154.2818208
2008-10-06,145.0480779
2008-10-07,142.351805
2008-10-08,137.6124471
2008-10-09,137.6124471
2008-10-10,129.1994208
2008-10-13,136.1397727
2008-10-14,139.7999729
2008-10-15,133.7793254
2008-10-16,132.6679795
2008-10-17,127.1366884
2008-10-20,129.0229627
2008-10-21,134.2690297
2008-10-22,128.7263862
2008-10-23,124.9028906
2008-10-24,114.2123206
2008-10-27,109.4864098
2008-10-28,115.1357344
2008-10-29,115.9894693
2008-10-30,115.9894693
2008-10-31,123.5313568
2008-11-03,127.8601123
2008-11-04,129.7559937
2008-11-05,126.8755756
2008-11-06,122.7422674
2008-11-07,124.6080288
2008-11-10,130.3881455
2008-11-11,123.25114
2008-11-12,120.7415303
2008-11-13,120.7415303
2008-11-14,117.6348848
2008-11-17,114.8550725
2008-11-18,110.5932786
2008-11-19,110.1282581
2008-11-20,106.0285768
2008-11-21,109.0533801
2008-11-24,108.9337228
2008-11-25,108.3903518
2008-11-26,110.977747
2008-11-27,110.977747
2008-11-28,112.7871896
2008-12-01,111.0868392
2008-12-02,109.8606086
2008-12-03,109.2220865
2008-12-04,113.0330209
2008-12-05,110.3844315
2008-12-08,112.1639531
2008-12-09,112.1639531
2008-12-10,116.8826362
2008-12-11,116.9297408
2008-12-12,117.2925464
2008-12-15,119.1931082
2008-12-16,120.9698619
2008-12-17,118.9412313
2008-12-18,121.9403112
2008-12-19,122.6288134
2008-12-22,121.5181478
2008-12-23,119.8177307
2008-12-24,118.5560577
2008-12-25,118.5560577
2008-12-26,116.9245943
2008-12-29,118.451018
2008-12-30,120.4993933
2008-12-31,119.8228628
2009-01-01,122.7918539
2009-01-02,123.0257117
2009-01-05,126.5058708
2009-01-06,127.5366675
2009-01-07,123.937018
2009-01-08,123.937018
2009-01-09,122.9465774
2009-01-12,119.8327771
2009-01-13,119.0718801
2009-01-14,121.7508065
2009-01-15,119.2370693
2009-01-16,120.1460116
2009-01-19,120.184787
2009-01-20,117.6516444
2009-01-21,114.228847
2009-01-22,113.673681
2009-01-23,111.9671558
2009-01-26,111.9671558
2009-01-27,114.5956109
2009-01-28,116.6964814
2009-01-29,116.2546637
2009-01-30,117.3924376
2009-02-02,114.7607842
2009-02-03,115.0366168
2009-02-04,115.183564
2009-02-05,113.9863795
2009-02-06,116.092771
2009-02-09,119.0871399
2009-02-10,120.3347099
2009-02-11,119.5204212
2009-02-12,118.8889478
2009-02-13,119.8699932
2009-02-16,116.4356721
2009-02-17,113.4899682
2009-02-18,112.6382082
2009-02-19,113.2043107
2009-02-20,111.6078136
2009-02-23,111.6078136
2009-02-24,110.1147095
2009-02-25,110.3663237
2009-02-26,111.1131593
2009-02-27,110.6556014
2009-03-02,108.0621613
2009-03-03,106.0485168
2009-03-04,106.1861737
2009-03-05,104.0202988
2009-03-06,104.6599404
2009-03-09,103.4802398
2009-03-10,103.4802398
2009-03-11,103.4802398
2009-03-12,104.679086
2009-03-13,109.128031
2009-03-16,111.0244508
2009-03-17,110.9386787
2009-03-18,111.7806404
2009-03-19,111.9877428
2009-03-20,112.2292302
2009-03-23,116.1483111
2009-03-24,116.4218317
2009-03-25,117.6414225
2009-03-26,121.4280077
2009-03-27,122.1479308
2009-03-30,118.900882
2009-03-31,120.9560536
2009-04-01,122.7512809
2009-04-02,126.1823126
2009-04-03,126.1823126
2009-04-06,127.2713847
2009-04-07,127.2713847
2009-04-08,130.0515855
2009-04-09,130.2603819
2009-04-10,130.2603819
2009-04-13,132.146744
2009-04-14,132.146744
2009-04-15,135.1157073
2009-04-16,133.4416816
2009-04-17,134.7108475
2009-04-20,135.544622
2009-04-21,134.9575702
2009-04-22,134.5854303
2009-04-23,137.568886
2009-04-24,139.3642385
2009-04-27,139.5164509
2009-04-28,136.046746
2009-04-29,140.0301374
2009-04-30,140.0301374
2009-05-01,140.0301374
2009-05-04,147.422778
2009-05-05,145.9716001
2009-05-06,144.2101952
2009-05-07,146.2193563
2009-05-08,144.3245422
2009-05-11,143.1723092
2009-05-12,146.7255082
2009-05-13,146.4875976
2009-05-14,145.4711046
2009-05-15,148.6979431
2009-05-18,167.8676794
2009-05-19,164.7068876
2009-05-20,164.8914858
2009-05-21,161.9741757
2009-05-22,162.5329088
2009-05-25,163.3145315
2009-05-26,161.5792175
2009-05-27,165.4555879
2009-05-28,165.2307428
2009-05-29,166.6767761
2009-06-01,170.4336755
2009-06-02,171.5948114
2009-06-03,172.9270173
2009-06-04,174.6946103
2009-06-05,176.0010632
2009-06-08,173.8569658
2009-06-09,178.7136516
2009-06-10,182.1532082
2009-06-11,181.6501184
2009-06-12,179.8095301
2009-06-15,177.7804908
2009-06-16,178.173538
2009-06-17,174.7487819
2009-06-18,172.33278
2009-06-19,174.9093048
2009-06-22,173.5121306
2009-06-23,173.0509437
2009-06-24,175.0664349
2009-06-25,174.353712
2009-06-26,177.0091741
2009-06-29,176.5045115
2009-06-30,174.7046913
2009-07-01,175.9612503
2009-07-02,176.5249443
2009-07-03,178.5116248
2009-07-06,171.7904493
2009-07-07,174.257015
2009-07-08,171.8994917
2009-07-09,172.5722834
2009-07-10,170.5230083
2009-07-13,169.3447442
2009-07-14,174.0145165
2009-07-15,178.3028188
2009-07-16,179.2113424
2009-07-17,184.2801116
2009-07-20,188.503999
2009-07-21,187.898718
2009-07-22,185.4701257
2009-07-23,189.1612582
2009-07-24,190.6027712
2009-07-27,190.4532779
2009-07-28,190.4008937
2009-07-29,188.577009
2009-07-30,190.3557868
2009-07-31,194.8229013
2009-08-03,196.5329017
2009-08-04,195.3090531
2009-08-05,196.2643005
2009-08-06,192.4677568
2009-08-07,189.6701294
2009-08-10,187.5673556
2009-08-11,188.0826341
2009-08-12,187.882309
2009-08-13,192.796199
2009-08-14,190.986738
2009-08-17,184.800381
2009-08-18,186.4094142
2009-08-19,184.1330785
2009-08-20,187.0929609
2009-08-21,189.8227695
2009-08-24,193.8959552
2009-08-25,195.5226694
2009-08-26,196.5232022
2009-08-27,196.5747906
2009-08-28,197.6347889
2009-08-31,195.9372281
2009-09-01,194.3103774
2009-09-02,194.1907563
2009-09-03,193.6516419
2009-09-04,196.7415039
2009-09-07,198.8932644
2009-09-08,198.9013356
2009-09-09,199.4187469
2009-09-10,199.4300229
2009-09-11,199.0649779
2009-09-14,199.0300033
2009-09-15,202.3327713
2009-09-16,204.3553301
2009-09-17,204.6393125
2009-09-18,205.1471002
2009-09-21,205.1471002
2009-09-22,207.3632053
2009-09-23,206.6044794
2009-09-24,207.7156619
2009-09-25,208.1790246
2009-09-28,208.1790246
2009-09-29,210.2477198
2009-09-30,212.1158778
2009-10-01,213.7140952
2009-10-02,213.7140952
2009-10-05,212.3967625
2009-10-06,213.5274434
2009-10-07,214.5018351
2009-10-08,214.6514889
2009-10-09,213.4593366
2009-10-12,217.0671514
2009-10-13,217.0671514
2009-10-14,219.8093854
2009-10-15,219.5416887
2009-10-16,219.0188061
2009-10-19,219.5107334
2009-10-20,218.0873619
2009-10-21,215.2481041
2009-10-22,213.3023183
2009-10-23,216.9260459
2009-10-26,216.4552004
2009-10-27,213.1333407
2009-10-28,213.2534688
2009-10-29,211.3498031
2009-10-30,211.9559366
2009-11-02,211.9559366
2009-11-03,207.7619545
2009-11-04,211.947835
2009-11-05,212.9292969
2009-11-06,214.8493114
2009-11-09,218.6606317
2009-11-10,218.2946849
2009-11-11,222.6722627
2009-11-12,221.3507607
2009-11-13,223.2437783
2009-11-16,224.9338359
2009-11-17,225.6800371
2009-11-18,226.0957101
2009-11-19,223.3803281
2009-11-20,225.2021663
2009-11-23,226.703069
2009-11-24,227.0789003
2009-11-25,228.7172768
2009-11-26,226.2734636
2009-11-27,222.4326374
2009-11-30,225.6497624
2009-12-01,229.4275127
2009-12-02,230.0236363
2009-12-03,230.5596202
2009-12-04,229.5714868
2009-12-07,229.029438
2009-12-08,232.0791731
2009-12-09,231.3659633
2009-12-10,231.0898203
2009-12-11,230.7616051
2009-12-14,231.6782
2009-12-15,228.8776886
2009-12-16,229.1500173
2009-12-17,230.3126183
2009-12-18,229.3836228
2009-12-21,227.807904
2009-12-22,228.1651869
2009-12-23,232.1619645
2009-12-24,233.5272985
2009-12-25,233.5272985
2009-12-28,233.5272985
2009-12-29,232.8139306
2009-12-30,232.3946897
2009-12-31,233.2655814
2010-01-01,233.2655814
2010-01-04,234.9367734
2010-01-05,237.2206417
2010-01-06,237.30944
2010-01-07,235.8143994
2010-01-08,234.7662438
2010-01-11,236.2249796
2010-01-12,237.0115324
2010-01-13,238.9748519
2010-01-14,240.5645438
2010-01-15,240.2416656
2010-01-18,242.5077945
2010-01-19,240.7426748
2010-01-20,240.3275481
2010-01-21,234.5376321
2010-01-22,231.2904604
2010-01-25,230.1221069
2010-01-26,230.1221069
2010-01-27,223.5332099
2010-01-28,224.9330932
2010-01-29,226.7141753
2010-02-01,229.3696566
2010-02-02,226.1015166
2010-02-03,230.5434496
2010-02-04,227.2946335
2010-02-05,223.26935
2010-02-08,225.0727811
2010-02-09,227.9968979
2010-02-10,226.8672687
2010-02-11,228.5255851
2010-02-12,228.5255851
2010-02-15,228.5591898
2010-02-16,229.638265
2010-02-17,231.5731906
2010-02-18,232.3136975
2010-02-19,231.397019
2010-02-22,231.0664405
2010-02-23,231.0734134
2010-02-24,230.3681181
2010-02-25,231.392599
2010-02-26,234.3624434
2010-03-01,234.3624434
2010-03-02,239.0339691
2010-03-03,241.5874879
2010-03-04,241.5949543
2010-03-05,242.356299
2010-03-08,244.6323683
2010-03-09,244.0613027
2010-03-10,244.7139524
2010-03-11,246.0564919
2010-03-12,245.5152717
2010-03-15,244.7354308
2010-03-16,245.8258941
2010-03-17,247.5744575
2010-03-18,247.7286942
2010-03-19,247.4606063
2010-03-22,246.6482293
2010-03-23,247.1165667
2010-03-24,247.1165667
2010-03-25,247.9337582
2010-03-26,249.9264371
2010-03-29,250.2879748
2010-03-30,248.4088956
2010-03-31,248.4739355
2010-04-01,250.4963365
2010-04-02,250.4963365
2010-04-05,252.2314177
2010-04-06,252.559032
2010-04-07,252.7930074
2010-04-08,250.7427343
2010-04-09,254.0039348
2010-04-12,253.4256161
2010-04-13,253.5122499
2010-04-14,253.5122499
2010-04-15,252.3001798
2010-04-16,251.7094953
2010-04-19,250.2368146
2010-04-20,251.6120335
2010-04-21,253.165567
2010-04-22,253.4670864
2010-04-23,254.204075
2010-04-26,256.6555989
2010-04-27,256.6545552
2010-04-28,254.3967567
2010-04-29,255.2861211
2010-04-30,257.6352454
2010-05-03,256.7138509
2010-05-04,254.6247843
2010-05-05,254.9102578
2010-05-06,253.1853783
2010-05-07,248.5617772
2010-05-10,254.8834918
2010-05-11,252.8220439
2010-05-12,254.2947783
2010-05-13,257.7243068
2010-05-14,256.3338269
2010-05-17,255.7625757
2010-05-18,256.3704374
2010-05-19,250.0549605
2010-05-20,251.2905044
2010-05-21,249.1736275
2010-05-24,248.9507044
2010-05-25,243.0289099
2010-05-26,247.5865254
2010-05-27,251.5735627
2010-05-28,254.3685848
2010-05-31,256.8212051
2010-06-01,252.8661835
2010-06-02,255.0102755
2010-06-03,258.9630089
2010-06-04,260.0225108
2010-06-07,256.9741199
2010-06-08,256.0790979
2010-06-09,256.9634144
2010-06-10,260.7984462
2010-06-11,261.7981106
2010-06-14,264.8342244
2010-06-15,265.619344
2010-06-16,266.3552176
2010-06-17,268.7165601
2010-06-18,268.3402941
2010-06-21,272.4652022
2010-06-22,271.0828686
2010-06-23,271.8126295
2010-06-24,272.4792413
2010-06-25,268.5400502
2010-06-28,270.9355116
2010-06-29,269.0393467
2010-06-30,269.9628467
2010-07-01,267.9834916
2010-07-02,267.5061679
2010-07-05,268.3521616
2010-07-06,270.5998252
2010-07-07,269.0750428
2010-07-08,271.1684806
2010-07-09,273.3297017
2010-07-12,274.961491
2010-07-13,275.6398899
2010-07-14,275.9386848
2010-07-15,276.1286979
2010-07-16,277.3529948
2010-07-19,277.503775
2010-07-20,276.5523069
2010-07-21,277.6364577
2010-07-22,280.104857
2010-07-23,279.6975496
2010-07-26,278.5735643
2010-07-27,279.188239
2010-07-28,279.232689
2010-07-29,279.8328639
2010-07-30,279.9879089
2010-08-02,280.9901551
2010-08-03,280.5753152
2010-08-04,281.915398
2010-08-05,281.9683176
2010-08-06,281.8673938
2010-08-09,283.7015304
2010-08-10,281.8365385
2010-08-11,279.7887233
2010-08-12,279.6743153
2010-08-13,281.7258823
2010-08-16,281.3005534
2010-08-17,281.8282017
2010-08-18,285.6518507
2010-08-19,289.0585166
2010-08-20,289.0842384
2010-08-23,289.5305809
2010-08-24,288.7823208
2010-08-25,286.7940226
2010-08-26,288.0893767
2010-08-27,284.528245
2010-08-30,284.373928
2010-08-31,283.8760815
2010-09-01,286.2066327
2010-09-02,289.0418206
2010-09-03,289.8683235
2010-09-06,292.3073246
2010-09-07,293.7214808
2010-09-08,293.2777009
2010-09-09,294.7125209
2010-09-10,294.7125209
2010-09-13,298.2576745
2010-09-14,299.901545
2010-09-15,302.6972173
2010-09-16,301.9319634
2010-09-17,305.3106845
2010-09-20,309.3910658
2010-09-21,310.4856902
2010-09-22,309.4715994
2010-09-23,309.234679
2010-09-24,312.8744927
2010-09-27,312.7890525
2010-09-28,312.9123216
2010-09-29,312.145185
2010-09-30,312.7473631
2010-10-01,318.432272
2010-10-04,318.6300438
2010-10-05,317.8518015
2010-10-06,319.4694951
2010-10-07,317.3899747
2010-10-08,315.9167178
2010-10-11,316.0770313
2010-10-12,313.6316239
2010-10-13,319.1226219
2010-10-14,318.4597127
2010-10-15,311.9516597
2010-10-18,311.8735427
2010-10-19,310.7243905
2010-10-20,309.0444031
2010-10-21,314.0716476
2010-10-22,312.3108793
2010-10-25,313.9910576
2010-10-26,313.1685624
2010-10-27,309.9604752
2010-10-28,311.2754944
2010-10-29,311.5972834
2010-11-01,315.2618177
2010-11-02,317.0405026
2010-11-03,319.1631611
2010-11-04,322.7860097
2010-11-05,323.7179577
2010-11-08,322.1379067
2010-11-09,325.3480135
2010-11-10,323.4537813
2010-11-11,319.7137791
2010-11-12,315.2683349
2010-11-15,317.5794893
2010-11-16,312.4275888
2010-11-17,312.4275888
2010-11-18,313.0922792
2010-11-19,308.7383228
2010-11-22,314.435014
2010-11-23,312.9538432
2010-11-24,308.191797
2010-11-25,305.5293672
2010-11-26,301.3415204
2010-11-29,303.4515923
2010-11-30,307.8316415
2010-12-01,310.9845963
2010-12-02,312.8703122
2010-12-03,312.0259068
2010-12-06,310.9273129
2010-12-07,309.4738285
2010-12-08,304.0011961
2010-12-09,298.5319243
2010-12-10,303.448974
2010-12-13,305.4575019
2010-12-14,306.5239411
2010-12-15,303.5743465
2010-12-16,305.4943523
2010-12-17,305.4943523
2010-12-20,308.3531609
2010-12-21,310.3974059
2010-12-22,310.3681462
2010-12-23,310.0411049
2010-12-24,310.3798937
2010-12-27,309.8035981
2010-12-28,310.5214186
2010-12-29,314.0559588
2010-12-30,316.1040253
2010-12-31,319.0467701
2011-01-03,319.0500917
2011-01-04,317.8066372
2011-01-05,314.9375364
2011-01-06,311.5743663
2011-01-07,305.4999293
2011-01-10,299.4250054
2011-01-11,299.5674832
2011-01-12,302.7061714
2011-01-13,298.4320528
2011-01-14,292.5782631
2011-01-17,293.1547218
2011-01-18,297.1398774
2011-01-19,297.3953042
2011-01-20,298.4114631
2011-01-21,297.2371275
2011-01-24,298.6117756
2011-01-25,296.5262863
2011-01-26,296.5262863
2011-01-27,292.4185256
2011-01-28,286.166863
2011-01-31,285.0295185
2011-02-01,280.4545624
2011-02-02,279.3991169
2011-02-03,281.6009725
2011-02-04,277.278353
2011-02-07,277.3119934
2011-02-08,273.8608598
2011-02-09,269.5232558
2011-02-10,269.8988002
2011-02-11,274.5148158
2011-02-14,282.1773593
2011-02-15,283.6734545
2011-02-16,284.0091384
2011-02-17,288.6358403
2011-02-18,285.8178887
2011-02-21,288.9582901
2011-02-22,284.9227114
2011-02-23,283.3459661
2011-02-24,276.4445325
2011-02-25,277.2896868
2011-02-28,279.1488881
2011-03-01,287.1583348
2011-03-02,287.1583348
2011-03-03,288.6665236
2011-03-04,290.3364449
2011-03-07,287.0457568
2011-03-08,289.332785
2011-03-09,290.7049525
2011-03-10,289.8928129
2011-03-11,286.7875375
2011-03-14,289.0380868
2011-03-15,284.971178
2011-03-16,286.5059016
2011-03-17,284.5934117
2011-03-18,281.2159205
2011-03-21,281.1362093
2011-03-22,283.2643944
2011-03-23,285.076806
2011-03-24,286.362876
2011-03-25,291.7904094
2011-03-28,294.497554
2011-03-29,296.4614066
2011-03-30,298.7163066
2011-03-31,300.5440253
2011-04-01,301.7480438
2011-04-04,305.2127279
2011-04-05,305.4017981
2011-04-06,305.0744998
2011-04-07,305.7077188
2011-04-08,304.5218735
2011-04-11,301.1903146
2011-04-12,301.1903146
2011-04-13,307.1462876
2011-04-14,307.1462876
2011-04-15,303.9925155
2011-04-18,300.6322548
2011-04-19,299.7168071
2011-04-20,305.0604033
2011-04-21,306.8867037
2011-04-22,306.8867037
2011-04-25,306.5287574
2011-04-26,305.3975655
2011-04-27,304.507183
2011-04-28,301.9645268
2011-04-29,300.4318787
2011-05-02,298.4373528
2011-05-03,292.8871035
2011-05-04,288.4768279
2011-05-05,284.3789882
2011-05-06,290.614138
2011-05-09,290.3034207
2011-05-10,289.812446
2011-05-11,291.3541239
2011-05-12,288.2445032
2011-05-13,292.1428581
2011-05-16,289.8660508
2011-05-17,290.4574768
2011-05-18,291.9179179
2011-05-19,291.104402
2011-05-20,293.8576203
2011-05-23,290.536986
2011-05-24,292.028329
2011-05-25,290.0414187
2011-05-26,292.029071
2011-05-27,293.9454503
2011-05-30,296.0116457
2011-05-31,301.0625006
2011-06-01,302.1396761
2011-06-02,300.1425168
2011-06-03,298.2980331
2011-06-06,299.1028316
2011-06-07,299.5401175
2011-06-08,297.5263815
2011-06-09,296.3767673
2011-06-10,295.5644531
2011-06-13,295.7368509
2011-06-14,297.2323227
2011-06-15,295.8280171
2011-06-16,293.9103007
2011-06-17,290.9243941
2011-06-20,285.5998466
2011-06-21,287.9021771
2011-06-22,287.1395983
2011-06-23,287.9326663
2011-06-24,295.5631725
2011-06-27,297.6537482
2011-06-28,298.701362
2011-06-29,301.9414432
2011-06-30,304.6101735
2011-07-01,307.4328583
2011-07-04,308.2203664
2011-07-05,308.2267229
2011-07-06,307.7027384
2011-07-07,311.741477
2011-07-08,308.96097
2011-07-11,306.1807791
2011-07-12,302.381528
2011-07-13,304.7729046
2011-07-14,304.4801927
2011-07-15,304.1557151
2011-07-18,304.0376991
2011-07-19,304.7894369
2011-07-20,301.4629028
2011-07-21,300.7578375
2011-07-22,304.8080135
2011-07-25,306.091545
2011-07-26,303.1277991
2011-07-27,302.8536855
2011-07-28,300.2088141
2011-07-29,299.2728427
2011-08-01,299.1912427
2011-08-02,296.5814798
2011-08-03,293.413616
2011-08-04,290.4987986
2011-08-05,285.9905875
2011-08-08,282.2090891
2011-08-09,281.3092369
2011-08-10,286.2727798
2011-08-11,284.989092
2011-08-12,282.5554127
2011-08-15,282.5554127
2011-08-16,280.4613191
2011-08-17,283.4147429
2011-08-18,277.655715
2011-08-19,273.9908106
2011-08-22,276.0931046
2011-08-23,279.5172279
2011-08-24,277.009675
2011-08-25,273.9259909
2011-08-26,271.1769486
2011-08-29,279.8600226
2011-08-30,285.028754
2011-08-31,285.028754
2011-09-01,285.028754
2011-09-02,286.6247437
2011-09-05,287.7451241
2011-09-06,288.9010585
2011-09-07,291.3721621
2011-09-08,291.7085288
2011-09-09,288.5970245
2011-09-12,283.5884441
2011-09-13,284.175274
2011-09-14,289.0371977
2011-09-15,291.2362873
2011-09-16,290.2592276
2011-09-19,288.5947982
2011-09-20,293.4215754
2011-09-21,293.3659761
2011-09-22,283.9616328
2011-09-23,281.20342
2011-09-26,277.5387304
2011-09-27,283.1154291
2011-09-28,281.7788553
2011-09-29,285.067716
2011-09-30,280.9970631
2011-10-03,277.252362
2011-10-04,273.614435
2011-10-05,272.7120528
2011-10-06,272.7120528
2011-10-07,276.0772396
2011-10-10,279.6270822
2011-10-11,280.0105772
2011-10-12,284.5551157
2011-10-13,283.7266302
2011-10-14,286.6436214
2011-10-17,287.0714864
2011-10-18,282.7248835
2011-10-19,286.0673479
2011-10-20,284.7445518
2011-10-21,283.1343256
2011-10-24,285.7639699
2011-10-25,289.9673028
2011-10-26,291.5202852
2011-10-27,291.5202852
2011-10-28,296.1588184
2011-10-31,296.981151
2011-11-01,294.5259205
2011-11-02,293.7128639
2011-11-03,293.5565658
2011-11-04,295.8992913
2011-11-07,295.8992913
2011-11-08,294.1119937
2011-11-09,292.5777375
2011-11-10,292.5777375
2011-11-11,290.3693183
2011-11-14,291.4265686
2011-11-15,287.0589749
2011-11-16,282.8674809
2011-11-17,279.5742427
2011-11-18,280.46974
2011-11-21,275.87273
2011-11-22,276.3381145
2011-11-23,270.6774541
2011-11-24,273.183024
2011-11-25,272.3474556
2011-11-28,277.3504271
2011-11-29,275.8212236
2011-11-30,276.6490668
2011-12-01,280.2722517
2011-12-02,285.6983159
2011-12-05,285.3358327
2011-12-06,285.3358327
2011-12-07,285.6323423
2011-12-08,282.2635988
2011-12-09,278.0322868
2011-12-12,275.0497889
2011-12-13,276.0434911
2011-12-14,274.1885413
2011-12-15,274.423513
2011-12-16,270.5043735
2011-12-19,267.9897929
2011-12-20,264.1612615
2011-12-21,269.5005094
2011-12-22,271.5676155
2011-12-23,270.8529887
2011-12-26,273.3921858
2011-12-27,272.8002038
2011-12-28,270.9429922
2011-12-29,269.8578936
2011-12-30,269.0794704
2012-01-02,267.016858
2012-01-03,272.8478491
2012-01-04,272.1483589
2012-01-05,274.0970211
2012-01-06,272.0207591
2012-01-09,272.0675359
2012-01-10,276.4469242
2012-01-11,277.4817091
2012-01-12,277.0074197
2012-01-13,277.5107535
2012-01-16,277.5370652
2012-01-17,281.2582276
2012-01-18,279.4822359
2012-01-19,282.5985858
2012-01-20,284.6017139
2012-01-23,285.0642795
2012-01-24,287.2088368
2012-01-25,288.8248664
2012-01-26,288.8248664
2012-01-27,290.3622619
2012-01-30,286.2294108
2012-01-31,291.6271925
2012-02-01,292.9934071
2012-02-02,297.0062024
2012-02-03,299.3971599
2012-02-06,300.8764082
2012-02-07,298.9058686
2012-02-08,300.8688838
2012-02-09,302.6584963
2012-02-10,303.7704726
2012-02-13,304.9193405
2012-02-14,304.4830585
2012-02-15,308.7734538
2012-02-16,309.7037446
2012-02-17,310.2722659
2012-02-20,310.2722659
2012-02-21,311.6079488
2012-02-22,307.2181799
2012-02-23,307.2219337
2012-02-24,305.0122028
2012-02-27,299.6622186
2012-02-28,304.1263098
2012-02-29,304.4806071
2012-03-01,303.3633681
2012-03-02,304.3799326
2012-03-05,301.4443121
2012-03-06,300.1281888
2012-03-07,301.2681884
2012-03-08,301.2681884
2012-03-09,304.3676074
2012-03-12,304.053619
2012-03-13,306.0137752
2012-03-14,306.3996497
2012-03-15,303.8482213
2012-03-16,302.734414
2012-03-19,300.5350589
2012-03-20,302.820573
2012-03-21,306.7108128
2012-03-22,301.7034435
2012-03-23,305.2872408
2012-03-26,301.1125533
2012-03-27,304.1024834
2012-03-28,302.3753976
2012-03-29,304.1076785
2012-03-30,310.1649321
2012-04-02,312.4366199
2012-04-03,313.9270006
2012-04-04,312.0816594
2012-04-05,312.0816594
2012-04-06,312.0816594
2012-04-09,309.1071144
2012-04-10,309.39221
2012-04-11,308.9338269
2012-04-12,310.0407924
2012-04-13,306.6754963
2012-04-16,307.0916874
2012-04-17,308.084279
2012-04-18,309.7456281
2012-04-19,312.7460611
2012-04-20,311.7845635
2012-04-23,308.9157806
2012-04-24,311.0801986
2012-04-25,309.1765382
2012-04-26,308.0868021
2012-04-27,308.5459561
2012-04-30,311.5621405
2012-05-01,311.5621405
2012-05-02,313.0914455
2012-05-03,312.8436919
2012-05-04,309.2105278
2012-05-07,309.2309483
2012-05-08,303.8710107
2012-05-09,303.5587598
2012-05-10,303.2591894
2012-05-11,301.3360737
2012-05-14,301.8100678
2012-05-15,303.6508127
2012-05-16,300.7660982
2012-05-17,300.6506414
2012-05-18,300.7063419
2012-05-21,299.6311217
2012-05-22,297.2859569
2012-05-23,296.1005945
2012-05-24,299.8005578
2012-05-25,299.6294374
2012-05-28,302.7892187
2012-05-29,303.1504883
2012-05-30,301.9414764
2012-05-31,303.4594719
2012-06-01,297.5682906
2012-06-04,296.166065
2012-06-05,297.3603717
2012-06-06,303.3960314
2012-06-07,306.0990155
2012-06-08,306.0709487
2012-06-11,305.0748662
2012-06-12,307.1700702
2012-06-13,306.7729093
2012-06-14,304.6999223
2012-06-15,307.1822809
2012-06-18,304.9995177
2012-06-19,306.4837132
2012-06-20,307.1326168
2012-06-21,309.4002119
2012-06-22,309.9768801
2012-06-25,308.634854
2012-06-26,310.3659679
2012-06-27,311.9799541
2012-06-28,312.9187361
2012-06-29,318.7979324
2012-07-02,319.441003
2012-07-03,320.076798
2012-07-04,320.5932614
2012-07-05,321.3916161
2012-07-06,320.3225998
2012-07-09,317.3363694
2012-07-10,319.6374546
2012-07-11,318.3975724
2012-07-12,315.2800143
2012-07-13,314.9291431
2012-07-16,314.0787566
2012-07-17,314.0449021
2012-07-18,316.0862507
2012-07-19,317.3315828
2012-07-20,317.8651218
2012-07-23,313.9118137
2012-07-24,314.7312581
2012-07-25,313.9548388
2012-07-26,311.600518
2012-07-27,314.2824791
2012-07-30,317.7554312
2012-07-31,319.7729966
2012-08-01,320.8279613
2012-08-02,321.9572294
2012-08-03,322.6006554
2012-08-06,324.2427538
2012-08-07,326.2209149
2012-08-08,326.7533358
2012-08-09,326.5984711
2012-08-10,326.1602074
2012-08-13,329.2153933
2012-08-14,328.5140995
2012-08-15,328.5140995
2012-08-16,326.9639894
2012-08-17,328.0456493
2012-08-20,328.0456493
2012-08-21,330.8386049
2012-08-22,330.1668372
2012-08-23,330.6179003
2012-08-24,330.5340958
2012-08-27,330.1819789
2012-08-28,329.5919226
2012-08-29,328.5860466
2012-08-30,330.7981833
2012-08-31,329.9752814
2012-09-03,329.298011
2012-09-04,329.84248
2012-09-05,328.7643635
2012-09-06,330.8198891
2012-09-07,334.0828292
2012-09-10,336.2708226
2012-09-11,338.2122748
2012-09-12,339.8013279
2012-09-13,339.4017203
2012-09-14,342.0817251
2012-09-17,340.5302964
2012-09-18,339.1015087
2012-09-19,339.1015087
2012-09-20,339.3801971
2012-09-21,343.6822603
2012-09-24,342.9744298
2012-09-25,344.5639819
2012-09-26,343.973049
2012-09-27,344.1974272
2012-09-28,349.3349768
2012-10-01,350.5240304
2012-10-02,350.5240304
2012-10-03,350.5886829
2012-10-04,352.3941918
2012-10-05,347.6263057
2012-10-08,345.6241847
2012-10-09,347.5141593
2012-10-10,344.8141053
2012-10-11,346.5208683
2012-10-12,346.882903
2012-10-15,345.7996029
2012-10-16,345.1649372
2012-10-17,346.0922394
2012-10-18,348.5281172
2012-10-19,347.0427523
2012-10-22,348.022302
2012-10-23,346.7637745
2012-10-24,346.7637745
2012-10-25,348.2546306
2012-10-26,345.9438373
2012-10-29,346.2014862
2012-10-30,343.9037442
2012-10-31,346.6504335
2012-11-01,348.7108312
2012-11-02,351.2359914
2012-11-05,351.998509
2012-11-06,354.5323454
2012-11-07,356.2500444
2012-11-08,356.4145672
2012-11-09,354.634994
2012-11-12,354.4549931
2012-11-13,353.8433759
2012-11-14,353.8433759
2012-11-15,351.8148648
2012-11-16,348.6445793
2012-11-19,346.664462
2012-11-20,347.1207709
2012-11-21,348.9980356
2012-11-22,350.4984293
2012-11-23,351.3861284
2012-11-26,354.9858265
2012-11-27,358.953308
2012-11-28,358.953308
2012-11-29,364.9553843
2012-11-30,366.8122807
2012-12-03,366.7913428
2012-12-04,366.9591318
2012-12-05,366.8174021
2012-12-06,366.7047024
2012-12-07,365.0399756
2012-12-10,366.2628175
2012-12-11,365.8268564
2012-12-12,366.2217298
2012-12-13,363.9377911
2012-12-14,364.1278988
2012-12-17,361.76079
2012-12-18,364.037903
2012-12-19,367.3654661
2012-12-20,366.8722772
2012-12-21,364.0276562
2012-12-24,365.3766923
2012-12-25,365.3766923
2012-12-26,366.6978495
2012-12-27,365.6641626
2012-12-28,367.1231393
2012-12-31,368.0615308
2013-01-01,369.4050796
2013-01-02,370.9527301
2013-01-03,371.811069
2013-01-04,371.4737218
2013-01-07,369.5009729
2013-01-08,369.251598
2013-01-09,366.3081448
2013-01-10,364.88187
2013-01-11,366.8789289
2013-01-14,370.0118306
2013-01-15,370.375011
2013-01-16,367.9457948
2013-01-17,368.6509762
2013-01-18,364.9961673
2013-01-21,363.9185967
2013-01-22,362.7845168
2013-01-23,362.400298
2013-01-24,360.3644787
2013-01-25,363.0184562
2013-01-28,363.6085011
2013-01-29,361.8056284
2013-01-30,362.2100276
2013-01-31,362.5767544
2013-02-01,362.9521107
2013-02-04,363.7722405
2013-02-05,363.1721945
2013-02-06,363.9409558
2013-02-07,363.6223129
2013-02-08,362.3984849
2013-02-11,361.368474
2013-02-12,362.122377
2013-02-13,362.1657249
2013-02-14,361.1565293
2013-02-15,360.811444
2013-02-18,362.174535
2013-02-19,365.090266
2013-02-20,365.3164649
2013-02-21,361.7505513
2013-02-22,361.2652801
2013-02-25,361.4869951
2013-02-26,357.2980187
2013-02-27,358.374992
2013-02-28,354.7334661
2013-03-01,358.2863566
2013-03-04,355.4936091
2013-03-05,359.1640818
2013-03-06,360.3837539
2013-03-07,364.3361672
2013-03-08,368.7773232
2013-03-11,368.5499827
2013-03-12,367.0069973
2013-03-13,362.254531
2013-03-14,364.2119306
2013-03-15,365.1585019
2013-03-18,363.9228009
2013-03-19,360.4361683
2013-03-20,358.4785252
2013-03-21,356.0307591
2013-03-22,357.5963839
2013-03-25,357.4894545
2013-03-26,359.832263
2013-03-27,359.832263
2013-03-28,361.5512806
2013-03-29,361.5512806
2013-04-01,363.1111787
2013-04-02,365.8986239
2013-04-03,363.4656695
2013-04-04,357.487147
2013-04-05,356.3995319
2013-04-08,356.0925134
2013-04-09,352.8104001
2013-04-10,356.2710813
2013-04-11,358.0895565
2013-04-12,353.9246067
2013-04-15,350.8955928
2013-04-16,355.9163582
2013-04-17,356.0202698
2013-04-18,359.4029087
2013-04-19,359.4029087
2013-04-22,361.7396287
2013-04-23,361.2596174
2013-04-24,361.2596174
2013-04-25,365.3216664
2013-04-26,363.7830114
2013-04-29,367.2318743
2013-04-30,369.4577212
2013-05-01,369.4577212
2013-05-02,373.7928916
2013-05-03,372.2367802
2013-05-06,373.7516539
2013-05-07,377.8574553
2013-05-08,378.9011455
2013-05-09,377.7220511
2013-05-10,381.1126364
2013-05-13,376.7145266
2013-05-14,377.3094184
2013-05-15,384.0048131
2013-05-16,384.8817536
2013-05-17,384.9229276
2013-05-20,381.8251666
2013-05-21,380.4469747
2013-05-22,380.0796142
2013-05-23,377.564898
2013-05-24,378.2199187
2013-05-27,384.0467283
2013-05-28,386.0440653
2013-05-29,386.3235914
2013-05-30,386.8139075
2013-05-31,384.4812907
2013-06-03,381.8856182
2013-06-04,381.66391
2013-06-05,379.8343703
2013-06-06,379.0142958
2013-06-07,378.6294986
2013-06-10,378.8864571
2013-06-11,374.3371156
2013-06-12,369.2863028
2013-06-13,366.3200852
2013-06-14,370.9476015
2013-06-17,374.0135089
2013-06-18,372.7941351
2013-06-19,374.4993951
2013-06-20,366.4557394
2013-06-21,367.059346
2013-06-24,361.3119426
2013-06-25,360.0145369
2013-06-26,361.2252013
2013-06-27,368.1264112
2013-06-28,375.4377744
2013-07-01,377.8960184
2013-07-02,377.1593983
2013-07-03,373.5150699
2013-07-04,377.2581514
2013-07-05,378.6651616
2013-07-08,376.8505342
2013-07-09,380.5410156
2013-07-10,380.033844
2013-07-11,384.6640242
2013-07-12,389.6311434
2013-07-15,392.9021356
2013-07-16,390.1570973
2013-07-17,393.4938005
2013-07-18,398.8491359
2013-07-19,398.8799159
2013-07-22,398.7185359
2013-07-23,399.8356286
2013-07-24,394.8085431
2013-07-25,390.5391843
2013-07-26,390.619962
2013-07-29,389.4566011
2013-07-30,387.0640302
2013-07-31,386.3843823
2013-08-01,385.9772653
2013-08-02,388.5212735
2013-08-05,389.9022872
2013-08-06,380.6233659
2013-08-07,376.2915616
2013-08-08,379.6616793
2013-08-09,379.6616793
2013-08-12,383.5815592
2013-08-13,388.8433788
2013-08-14,390.0764116
2013-08-15,390.0764116
2013-08-16,378.4314177
2013-08-19,372.7838084
2013-08-20,368.1493173
2013-08-21,365.1662705
2013-08-22,367.8929181
2013-08-23,369.9034498
2013-08-26,373.7697792
2013-08-27,362.0899407
2013-08-28,360.9510318
2013-08-29,369.0623053
2013-08-30,378.5498176
2013-09-02,382.049721
2013-09-03,370.7056556
2013-09-04,375.1688819
2013-09-05,380.0353169
2013-09-06,382.9453555
2013-09-09,382.9453555
2013-09-10,398.3147601
2013-09-11,399.742157
2013-09-12,396.0905827
2013-09-13,393.4750446
2013-09-16,392.8238592
2013-09-17,393.8936398
2013-09-18,394.4362228
2013-09-19,404.6215364
2013-09-20,402.7081334
2013-09-23,399.9052898
2013-09-24,399.4782084
2013-09-25,397.2835579
2013-09-26,397.2994689
2013-09-27,395.5349075
2013-09-30,392.8680486
2013-10-01,394.3250659
2013-10-02,394.3250659
2013-10-03,402.7635777
2013-10-04,403.2481244
2013-10-07,404.6156508
2013-10-08,402.5726961
2013-10-09,406.1780958
2013-10-10,406.8589818
2013-10-11,408.6074335
2013-10-14,411.2934807
2013-10-15,410.1816931
2013-10-16,410.1816931
2013-10-17,408.3929984
2013-10-18,413.575752
2013-10-21,413.8077402
2013-10-22,413.9939591
2013-10-23,411.6251558
2013-10-24,408.7660891
2013-10-25,409.0523735
2013-10-28,406.7287838
2013-10-29,413.4796197
2013-10-30,414.1541776
2013-10-31,414.820849
2013-11-01,416.2002081
2013-11-04,417.91408
2013-11-05,414.7390066
2013-11-06,412.2957202
2013-11-07,411.0857866
2013-11-08,407.5929566
2013-11-11,404.7580113
2013-11-12,402.8964276
2013-11-13,400.9476407
2013-11-14,403.0154872
2013-11-15,403.0154872
2013-11-18,407.3177852
2013-11-19,406.1381071
2013-11-20,402.3058858
2013-11-21,396.8341538
2013-11-22,398.1518276
2013-11-25,402.9524804
2013-11-26,400.341266
2013-11-27,400.879363
2013-11-28,401.71051
2013-11-29,405.4771079
2013-12-02,407.5626033
2013-12-03,407.0801425
2013-12-04,404.8440779
2013-12-05,406.9897746
2013-12-06,407.4232262
2013-12-09,410.9924821
2013-12-10,413.019721
2013-12-11,412.867438
2013-12-12,410.5497881
2013-12-13,405.343821
2013-12-16,409.2290278
2013-12-17,408.8305698
2013-12-18,415.132709
2013-12-19,414.4132438
2013-12-20,420.7465596
2013-12-23,420.8990078
2013-12-24,420.0713761
2013-12-25,420.0713761
2013-12-26,420.6678217
2013-12-27,422.7928383
2013-12-30,421.4695651
2013-12-31,422.9678157
2014-01-01,422.4284921
2014-01-02,418.340781
2014-01-03,420.2804201
2014-01-06,420.5207004
2014-01-07,419.1371757
2014-01-08,420.3431586
2014-01-09,418.2999666
2014-01-10,417.9157146
2014-01-13,421.2604524
2014-01-14,420.1160604
2014-01-15,421.6245279
2014-01-16,421.6980522
2014-01-17,418.8925593
2014-01-20,422.1456302
2014-01-21,421.5509643
2014-01-22,420.8348968
2014-01-23,419.6021699
2014-01-24,415.5002832
2014-01-27,409.0721503
2014-01-28,409.1268472
2014-01-29,410.7831801
2014-01-30,408.5497161
2014-01-31,410.9857465
2014-02-03,406.3155132
2014-02-04,406.1662171
2014-02-05,408.5321612
2014-02-06,410.1966042
2014-02-07,412.1613945
2014-02-10,411.4181798
2014-02-11,412.6020696
2014-02-12,412.3204798
2014-02-13,408.5835811
2014-02-14,409.0812181
2014-02-17,410.1920926
2014-02-18,412.339477
2014-02-19,415.3252538
2014-02-20,413.7925475
2014-02-21,418.6058325
2014-02-24,419.060445
2014-02-25,422.2776961
2014-02-26,423.4887865
2014-02-27,423.4887865
2014-02-28,424.8929714
2014-03-03,421.2359376
2014-03-04,423.8976337
2014-03-05,423.0413655
2014-03-06,427.4268231
2014-03-07,428.9962599
2014-03-10,426.8807073
2014-03-11,425.803147
2014-03-12,426.8757483
2014-03-13,425.7652794
2014-03-14,424.6178791
2014-03-17,424.6178791
2014-03-18,427.1054867
2014-03-19,428.7867119
2014-03-20,425.9393383
2014-03-21,426.5567779
2014-03-24,428.9794607
2014-03-25,428.4514248
2014-03-26,428.2788368
2014-03-27,432.1811705
2014-03-28,435.9102544
2014-03-31,439.9252059
2014-04-01,443.2700877
2014-04-02,443.4751332
2014-04-03,443.3796221
2014-04-04,440.7860014
2014-04-07,440.1268805
2014-04-08,440.1268805
2014-04-09,442.9881721
2014-04-10,443.3161527
2014-04-11,443.8520982
2014-04-14,443.8520982
2014-04-15,442.6938343
2014-04-16,438.5181424
2014-04-17,441.4176898
2014-04-18,441.4176898
2014-04-21,440.0361407
2014-04-22,440.9280254
2014-04-23,440.0980214
2014-04-24,440.0980214
2014-04-25,438.0588009
2014-04-28,438.086453
2014-04-29,436.2710044
2014-04-30,435.9424697
2014-05-01,435.9424697
2014-05-02,437.8256562
2014-05-05,435.8876502
2014-05-06,434.8434283
2014-05-07,430.2860587
2014-05-08,430.696424
2014-05-09,437.5170207
2014-05-12,442.2447486
2014-05-13,449.3811094
2014-05-14,449.0576471
2014-05-15,447.9353979
2014-05-16,448.1838583
2014-05-19,449.4329264
2014-05-20,452.5385132
2014-05-21,453.3525451
2014-05-22,457.2766624
2014-05-23,459.7609169
2014-05-26,458.0172854
2014-05-27,456.9331426
2014-05-28,459.8099173
2014-05-29,455.3747385
2014-05-30,456.6467424
2014-06-02,460.6905448
2014-06-03,463.4175341
2014-06-04,461.9279987
2014-06-05,467.4557647
2014-06-06,473.9353519
2014-06-09,479.0253246
2014-06-10,482.0364712
2014-06-11,482.0921961
2014-06-12,486.6069431
2014-06-13,480.5304539
2014-06-16,481.8207142
2014-06-17,484.4443508
2014-06-18,481.2631807
2014-06-19,482.0809708
2014-06-20,481.7134403
2014-06-23,482.4333788
2014-06-24,485.3966036
2014-06-25,487.2171928
2014-06-26,485.747155
2014-06-27,489.5335175
2014-06-30,494.0111889
2014-07-01,494.1271427
2014-07-02,499.0903378
2014-07-03,500.0602864
2014-07-04,502.1934395
2014-07-07,504.6757351
2014-07-08,495.8575557
2014-07-09,493.0931903
2014-07-10,491.7657436
2014-07-11,487.899087
2014-07-14,484.6115909
2014-07-15,487.8223033
2014-07-16,490.4645879
2014-07-17,493.0286631
2014-07-18,494.2652604
2014-07-21,496.5138162
2014-07-22,501.9990682
2014-07-23,503.006165
2014-07-24,501.8861331
2014-07-25,500.5075886
2014-07-28,499.8688499
2014-07-29,499.8688499
2014-07-30,504.4369566
2014-07-31,502.9067116
2014-08-01,496.4870337
2014-08-04,501.0330396
2014-08-05,505.8224439
2014-08-06,506.143343
2014-08-07,505.3434398
2014-08-08,501.0238251
2014-08-11,503.2884427
2014-08-12,508.3999675
2014-08-13,509.9248021
2014-08-14,512.5506985
2014-08-15,512.5506985
2014-08-18,516.2404482
2014-08-19,518.4531887
2014-08-20,519.0100524
2014-08-21,521.5681985
2014-08-22,522.2225616
2014-08-25,521.970362
2014-08-26,524.6756306
2014-08-27,527.6872012
2014-08-28,528.2929709
2014-08-29,528.2929709
2014-09-01,531.5816823
2014-09-02,535.9606677
2014-09-03,540.8802395
2014-09-04,542.3836006
2014-09-05,541.511547
2014-09-08,547.3106884
2014-09-09,547.8850027
2014-09-10,542.1246008
2014-09-11,542.6089392
2014-09-12,543.4390108
2014-09-15,542.7105759
2014-09-16,533.9731378
2014-09-17,536.2825698
2014-09-18,545.2856239
2014-09-19,546.637967
2014-09-22,547.2842433
2014-09-23,542.1843426
2014-09-24,543.10704
2014-09-25,539.8443767
2014-09-26,542.2467571
2014-09-29,544.8322851
2014-09-30,547.1048419
2014-10-01,548.1331241
2014-10-02,548.1331241
2014-10-03,548.1331241
2014-10-06,548.1331241
2014-10-07,542.6447267
2014-10-08,538.9010828
2014-10-09,545.2261815
2014-10-10,541.8068099
2014-10-13,544.0400556
2014-10-14,541.2701977
2014-10-15,541.2701977
2014-10-16,530.3165281
2014-10-17,531.3981797
2014-10-20,535.7004333
2014-10-21,539.292867
2014-10-22,545.0433164
2014-10-23,547.6022872
2014-10-24,547.6022872
2014-10-27,545.5053705
2014-10-28,544.7995874
2014-10-29,548.9321258
2014-10-30,553.9677775
2014-10-31,561.0460121
2014-11-03,559.6771191
2014-11-04,559.6771191
2014-11-05,558.4904406
2014-11-06,558.4904406
2014-11-07,559.3885034
2014-11-10,563.6702107
2014-11-11,566.147935
2014-11-12,570.012489
2014-11-13,571.9641697
2014-11-14,575.5997657
2014-11-17,577.7786913
2014-11-18,577.6697944
2014-11-19,577.9741226
2014-11-20,579.0553937
2014-11-21,580.489817
2014-11-24,584.8221609
2014-11-25,582.8071945
2014-11-26,583.4947348
2014-11-27,585.1412519
2014-11-28,589.9967426
2014-12-01,596.455896
2014-12-02,591.903822
2014-12-03,593.4613577
2014-12-04,595.119703
2014-12-05,593.4356408
2014-12-08,587.4656621
2014-12-09,582.4532941
2014-12-10,584.2726392
2014-12-11,581.3059738
2014-12-12,576.9339022
2014-12-15,576.3432907
2014-12-16,568.804229
2014-12-17,565.8639312
2014-12-18,576.7064589
2014-12-19,578.5157575
2014-12-22,585.359336
2014-12-23,582.6824315
2014-12-24,576.9177671
2014-12-25,576.9177671
2014-12-26,578.0150886
2014-12-29,583.4862438
2014-12-30,583.774933
2014-12-31,588.1008374
2015-01-01,588.1005801
2015-01-02,598.0688041
2015-01-05,595.9608026
2015-01-06,581.7965614
2015-01-07,581.3851885
2015-01-08,589.7406607
2015-01-09,592.2071985
2015-01-12,592.6945943
2015-01-13,595.2981308
2015-01-14,597.5700388
2015-01-15,605.976338
2015-01-16,608.4713259
2015-01-19,610.3512916
2015-01-20,616.5281219
2015-01-21,621.6672295
2015-01-22,622.977094
2015-01-23,624.7885796
2015-01-26,624.7885796
2015-01-27,627.7279424
2015-01-28,633.8708055
2015-01-29,632.9335481
2015-01-30,629.2406951
2015-02-02,630.3969069
2015-02-03,627.925865
2015-02-04,627.8568365
2015-02-05,630.2014027
2015-02-06,629.3248052
2015-02-09,626.0459701
2015-02-10,628.4010203
2015-02-11,634.4144717
2015-02-12,637.7500349
2015-02-13,643.3648079
2015-02-16,643.9006484
2015-02-17,643.9006484
2015-02-18,647.396691
2015-02-19,650.333224
2015-02-20,644.9280607
2015-02-23,639.5256114
2015-02-24,640.5963743
2015-02-25,641.4615198
2015-02-26,637.4534089
2015-02-27,644.1477224
2015-03-02,646.4258794
2015-03-03,653.0609109
2015-03-04,650.9637849
2015-03-05,656.2931815
2015-03-06,656.2931815
2015-03-09,650.6581244
2015-03-10,648.0208334
2015-03-11,646.4813227
2015-03-12,651.5133461
2015-03-13,643.7281617
2015-03-16,643.9399944
2015-03-17,651.2370677
2015-03-18,648.8380905
2015-03-19,649.1883359
2015-03-20,645.1258727
2015-03-23,643.4887032
2015-03-24,644.3232196
2015-03-25,646.3445215
2015-03-26,633.9717993
2015-03-27,632.9585435
2015-03-30,642.5429765
2015-03-31,642.8398847
2015-04-01,647.8031705
2015-04-02,647.8031705
2015-04-03,647.8031705
2015-04-06,652.2589519
2015-04-07,656.1993013
2015-04-08,658.8018511
2015-04-09,659.5917309
2015-04-10,658.6046768
2015-04-13,662.0830431
2015-04-14,662.0830431
2015-04-15,654.1779799
2015-04-16,652.2289921
2015-04-17,638.7737113
2015-04-20,626.9449706
2015-04-21,623.6967636
2015-04-22,623.2742175
2015-04-23,622.6504742
2015-04-24,618.346803
2015-04-27,612.8211559
2015-04-28,616.5718281
2015-04-29,616.0487578
2015-04-30,613.1759582
2015-05-01,613.1759582
2015-05-04,625.0384631
2015-05-05,623.3086449
2015-05-06,610.9473205
2015-05-07,608.2669455
2015-05-08,617.0565986
2015-05-11,624.4220056
2015-05-12,614.4595627
2015-05-13,620.7111283
2015-05-14,622.8918872
2015-05-15,627.8984546
2015-05-18,636.2292944
2015-05-19,636.3102954
2015-05-20,640.417249
2015-05-21,641.4314285
2015-05-22,646.1214202
2015-05-25,644.6353362
2015-05-26,644.412583
2015-05-27,644.3657509
2015-05-28,643.8745528
2015-05-29,655.3847861
2015-06-01,654.5974505
2015-06-02,640.5252991
2015-06-03,635.1573803
2015-06-04,636.8286331
2015-06-05,636.1988616
2015-06-08,629.0558914
2015-06-09,625.719484
2015-06-10,632.9711676
2015-06-11,622.8592606
2015-06-12,622.7332092
2015-06-15,625.0852764
2015-06-16,625.033897
2015-06-17,630.9606379
2015-06-18,636.4162429
2015-06-19,642.3013062
2015-06-22,650.4721972
2015-06-23,650.1920079
2015-06-24,649.1816443
2015-06-25,652.3813687
2015-06-26,653.5475009
2015-06-29,648.9017141
2015-06-30,654.3396585
2015-07-01,658.3260869
2015-07-02,662.8847729
2015-07-03,666.1779088
2015-07-06,668.2384858
2015-07-07,668.4274976
2015-07-08,658.3602501
2015-07-09,652.5233485
2015-07-10,651.659027
2015-07-13,660.7712092
2015-07-14,663.0637434
2015-07-15,668.6706915
2015-07-16,674.5287656
2015-07-17,675.255882
2015-07-20,676.9192755
2015-07-21,673.2557166
2015-07-22,680.7690381
2015-07-23,677.3162609
2015-07-24,671.5278326
2015-07-27,665.0320939
2015-07-28,660.9969723
2015-07-29,666.5880536
2015-07-30,670.6206297
2015-07-31,678.543415
2015-08-03,675.9705417
2015-08-04,674.8811484
2015-08-05,682.96592
2015-08-06,682.5078661
2015-08-07,679.2218303
2015-08-10,680.4607972
2015-08-11,678.4581322
2015-08-12,672.5788957
2015-08-13,670.7630178
2015-08-14,680.1353483
2015-08-17,676.7047505
2015-08-18,676.8981324
2015-08-19,677.2341899
2015-08-20,669.2464572
2015-08-21,664.6961343
2015-08-24,624.4691785
2015-08-25,629.6114365
2015-08-26,625.2309901
2015-08-27,640.7815786
2015-08-28,646.1663578
2015-08-31,645.1910093
2015-09-01,636.4504506
2015-09-02,633.7476786
2015-09-03,642.5402419
2015-09-04,633.3145426
2015-09-07,625.8452415
2015-09-08,627.559421
2015-09-09,635.6698834
2015-09-10,630.675755
2015-09-11,630.9849414
2015-09-14,639.2993244
2015-09-15,636.0152424
2015-09-16,637.6747206
2015-09-17,637.6747206
2015-09-18,642.0274143
2015-09-21,641.8707366
2015-09-22,633.2988417
2015-09-23,635.2841052
2015-09-24,641.8309048
2015-09-25,641.8309048
2015-09-28,637.1267744
2015-09-29,638.2765194
2015-09-30,649.837843
2015-10-01,650.8528715
2015-10-02,650.8528715
2015-10-05,661.2197911
2015-10-06,659.6928424
2015-10-07,658.8590725
2015-10-08,654.1713129
2015-10-09,655.3948821
2015-10-12,650.4574043
2015-10-13,648.4171805
2015-10-14,648.5301084
2015-10-15,650.4364919
2015-10-16,653.4678386
2015-10-19,657.3667279
2015-10-20,657.3997702
2015-10-21,659.1864908
2015-10-22,659.1864908
2015-10-23,660.09753
2015-10-26,658.143868
2015-10-27,656.2222557
2015-10-28,654.9954979
2015-10-29,652.5137513
2015-10-30,649.3596901
2015-11-02,646.2295603
2015-11-03,648.0019271
2015-11-04,647.6215518
2015-11-05,642.4398287
2015-11-06,642.4757253
2015-11-09,641.1138854
2015-11-10,632.3106744
2015-11-11,635.9690845
2015-11-12,635.9690845
2015-11-13,624.9847579
2015-11-16,622.9938734
2015-11-17,625.6100852
2015-11-18,620.4123479
2015-11-19,630.2993691
2015-11-20,633.6404786
2015-11-23,637.2234255
2015-11-24,637.1248126
2015-11-25,637.1248126
2015-11-26,635.3943285
2015-11-27,637.7563843
2015-11-30,635.3830594
2015-12-01,640.9105533
2015-12-02,641.6003012
2015-12-03,636.5782043
2015-12-04,631.0514398
2015-12-07,632.8784489
2015-12-08,628.6260432
2015-12-09,619.9742002
2015-12-10,624.9838289
2015-12-11,621.8301246
2015-12-14,626.4195746
2015-12-15,629.1057404
2015-12-16,633.0150212
2015-12-17,642.379054
2015-12-18,637.7277836
2015-12-21,642.010198
2015-12-22,638.3127263
2015-12-23,640.8240001
2015-12-24,641.7713223
2015-12-25,641.7713223
2015-12-28,643.1523039
2015-12-29,645.716028
2015-12-30,643.3979602
2015-12-31,644.4479356
2016-01-01,644.8873905
2016-01-04,635.3774186
2016-01-05,635.2412193
2016-01-06,633.382066
2016-01-07,620.9049029
2016-01-08,624.1682423
2016-01-11,618.241847
2016-01-12,614.8536306
2016-01-13,616.447638
2016-01-14,616.239945
2016-01-15,609.642834
2016-01-18,602.0630866
2016-01-19,605.9810348
2016-01-20,598.6590438
2016-01-21,598.2393746
2016-01-22,607.2292533
2016-01-25,609.2095993
2016-01-26,609.2095993
2016-01-27,608.8575632
2016-01-28,607.6144003
2016-01-29,618.2362038
2016-02-01,623.3148873
2016-02-02,617.6802728
2016-02-03,610.8115455
2016-02-04,613.4605982
2016-02-05,622.8799565
2016-02-08,615.9515093
2016-02-09,608.5436412
2016-02-10,600.2296039
2016-02-11,585.7712205
2016-02-12,582.6124059
2016-02-15,591.5938281
2016-02-16,584.001166
2016-02-17,585.7847596
2016-02-18,592.8041402
2016-02-19,593.9086539
2016-02-22,595.7994017
2016-02-23,588.4552652
2016-02-24,578.7815428
2016-02-25,575.7932256
2016-02-26,575.8332916
2016-02-29,574.0616833
2016-03-01,590.1553835
2016-03-02,601.2786706
2016-03-03,607.8043839
2016-03-04,611.3246009
2016-03-07,611.3246009
2016-03-08,611.9110231
2016-03-09,612.9804778
2016-03-10,611.3649666
2016-03-11,612.8799829
2016-03-14,614.1754407
2016-03-15,605.1399152
2016-03-16,606.4232898
2016-03-17,607.9148555
2016-03-18,612.8169926
2016-03-21,618.780935
2016-03-22,619.9381745
2016-03-23,618.5231264
2016-03-24,618.5231264
2016-03-25,618.5231264
2016-03-28,613.3210187
2016-03-29,609.725862
2016-03-30,619.8768284
2016-03-31,621.5395179
2016-04-01,620.253452
2016-04-04,622.8747288
2016-04-05,617.3488511
2016-04-06,619.3433485
2016-04-07,613.2165686
2016-04-08,615.1350907
2016-04-11,622.9752553
2016-04-12,628.250292
2016-04-13,637.2136107
2016-04-14,637.2136107
2016-04-15,637.2136107
2016-04-18,642.6481469
2016-04-19,642.6481469
2016-04-20,644.2124844
2016-04-21,640.1611449
2016-04-22,640.6044604
2016-04-25,637.0707441
2016-04-26,642.3564206
2016-04-27,645.6185009
2016-04-28,637.4966898
2016-04-29,638.8921371
2016-05-02,641.7783793
2016-05-03,636.929501
2016-05-04,636.8097457
2016-05-05,640.4936144
2016-05-06,641.2328157
2016-05-09,648.8667457
2016-05-10,652.0247056
2016-05-11,650.2469085
2016-05-12,653.9710112
2016-05-13,650.9343953
2016-05-16,655.2767262
2016-05-17,657.3755158
2016-05-18,654.527821
2016-05-19,649.2360928
2016-05-20,648.3662922
2016-05-23,645.1023939
2016-05-24,644.732798
2016-05-25,659.7581485
2016-05-26,664.6697695
2016-05-27,668.8763571
2016-05-30,670.499851
2016-05-31,668.8907325
2016-06-01,670.3634
2016-06-02,672.4603242
2016-06-03,673.651381
2016-06-06,672.2190035
2016-06-07,673.3167335
2016-06-08,673.7936978
2016-06-09,668.7512179
2016-06-10,665.2903948
2016-06-13,662.7655002
2016-06-14,661.6066723
2016-06-15,666.1271019
2016-06-16,663.0015419
2016-06-17,665.5904729
2016-06-20,669.1530598
2016-06-21,668.9339023
2016-06-22,670.4021253
2016-06-23,673.1256102
2016-06-24,665.2954787
2016-06-27,663.8483861
2016-06-28,664.4987765
2016-06-29,672.2537753
2016-06-30,677.8856438
2016-07-01,680.1708984
2016-07-04,680.3717354
2016-07-05,678.4830149
2016-07-06,678.4830149
2016-07-07,678.8926112
2016-07-08,679.5651765
2016-07-11,687.5345255
2016-07-12,689.1944027
2016-07-13,688.3546809
2016-07-14,692.5196799
2016-07-15,692.2528565
2016-07-18,692.0449888
2016-07-19,690.7474415
2016-07-20,694.4956385
2016-07-21,696.8438923
2016-07-22,700.206113
2016-07-25,706.7802462
2016-07-26,703.8044212
2016-07-27,706.6856114
2016-07-28,714.1145901
2016-07-29,714.2232788
2016-08-01,717.7089806
2016-08-02,716.5832244
2016-08-03,710.1918901
2016-08-04,711.8238007
2016-08-05,720.7688254
2016-08-08,728.6815466
2016-08-09,724.2931144
2016-08-10,716.508537
2016-08-11,719.9760654
2016-08-12,722.5657882
2016-08-15,722.5657882
2016-08-16,719.003437
2016-08-17,720.496951
2016-08-18,722.5887092
2016-08-19,721.8010015
2016-08-22,719.9785074
2016-08-23,720.3247447
2016-08-24,723.9317316
2016-08-25,718.5061814
2016-08-26,717.586355
2016-08-29,714.2238552
2016-08-30,725.3649877
2016-08-31,730.4946524
2016-09-01,729.9519637
2016-09-02,733.2065556
2016-09-05,733.2065556
2016-09-06,743.5293355
2016-09-07,738.6881505
2016-09-08,739.5740507
2016-09-09,734.3489281
2016-09-12,726.1867117
2016-09-13,726.1867117
2016-09-14,728.2277704
2016-09-15,726.924696
2016-09-16,731.0282688
2016-09-19,730.5514693
2016-09-20,728.5923419
2016-09-21,728.0517613
2016-09-22,734.8882255
2016-09-23,735.2614056
2016-09-26,728.1454869
2016-09-27,730.4013628
2016-09-28,731.7124523
2016-09-29,717.2669015
2016-09-30,720.3911596
2016-10-03,736.4980759
2016-10-04,738.6093805
2016-10-05,738.0591382
2016-10-06,734.6000969
2016-10-07,730.5587753
2016-10-10,732.5584489
2016-10-11,732.5584489
2016-10-12,732.5584489
2016-10-13,723.9180863
2016-10-14,722.1374141
2016-10-17,712.2769541
2016-10-18,723.189739
2016-10-19,721.768457
2016-10-20,723.3388102
2016-10-21,725.547068
2016-10-24,723.6179699
2016-10-25,725.0500864
2016-10-26,722.2484214
2016-10-27,718.7651973
2016-10-28,723.4839541
2016-10-31,724.495733
2016-11-01,724.5859925
2016-11-02,717.3935286
2016-11-03,713.2415754
2016-11-04,708.3484433
2016-11-07,710.1832136
2016-11-08,712.4015356
2016-11-09,696.7608137
2016-11-10,696.5566043
2016-11-11,670.4797308
2016-11-14,670.4797308
2016-11-15,646.8248703
2016-11-16,653.3300763
2016-11-17,649.9497531
2016-11-18,648.095405
2016-11-21,635.9536197
2016-11-22,642.6893191
2016-11-23,647.7830174
2016-11-24,648.1944804
2016-11-25,660.5866947
2016-11-28,660.7829776
2016-11-29,665.025159
2016-11-30,672.0681145
2016-12-01,669.9386853
2016-12-02,661.0603109
2016-12-05,664.9012815
2016-12-06,665.5037918
2016-12-07,663.9676814
2016-12-08,675.0545294
2016-12-09,673.7597099
2016-12-12,663.6451883
2016-12-13,665.2613028
2016-12-14,661.0549701
2016-12-15,661.747892
2016-12-16,662.3274225
2016-12-19,656.6653649
2016-12-20,652.3873807
2016-12-21,652.3037018
2016-12-22,645.3872694
2016-12-23,646.67461
2016-12-26,637.7456678
2016-12-27,646.998825
2016-12-28,650.7173694
2016-12-29,659.4835987
2016-12-30,664.797721
2017-01-02,666.2428158
2017-01-03,667.3521522
2017-01-04,670.3388141
2017-01-05,675.9203351
2017-01-06,674.033486
2017-01-09,674.044186
2017-01-10,677.656625
2017-01-11,684.6960156
2017-01-12,684.0647839
2017-01-13,683.6514161
2017-01-16,686.0309274
2017-01-17,687.375154
2017-01-18,690.365274
2017-01-19,690.6680375
2017-01-20,685.3681549
2017-01-23,688.177085
2017-01-24,695.0681786
2017-01-25,701.6504393
2017-01-26,701.6504393
2017-01-27,702.7805764
2017-01-30,702.9872096
2017-01-31,694.9785986
2017-02-01,707.1199059
2017-02-02,712.4671643
2017-02-03,713.1335779
2017-02-06,716.9871111
2017-02-07,715.6513785
2017-02-08,717.6961262
2017-02-09,720.0589568
2017-02-10,722.2494455
2017-02-13,722.9378747
2017-02-14,719.5437068
2017-02-15,713.2259235
2017-02-16,722.9565023
2017-02-17,725.2444725
2017-02-20,728.9816764
2017-02-21,733.1544445
2017-02-22,727.3766193
2017-02-23,728.003777
2017-02-24,728.003777
2017-02-27,726.9898724
2017-02-28,727.527607
2017-03-01,730.2293387
2017-03-02,724.8424235
2017-03-03,725.7092649
2017-03-06,727.1706227
2017-03-07,728.0314556
2017-03-08,727.0017358
2017-03-09,727.4521735
2017-03-10,727.1627778
2017-03-13,727.1627778
2017-03-14,738.5148796
2017-03-15,743.2926486
2017-03-16,750.4078125
2017-03-17,754.1080958
2017-03-20,754.3556371
2017-03-21,753.6037909
2017-03-22,747.5377842
2017-03-23,751.4187953
2017-03-24,750.6546653
2017-03-27,747.7441374
2017-03-28,753.7300767
2017-03-29,753.5602095
2017-03-30,756.1874987
2017-03-31,755.7706199
2017-04-03,758.195468
2017-04-04,758.195468
2017-04-05,758.5921606
2017-04-06,759.3578856
2017-04-07,757.7357662
2017-04-10,759.5799581
2017-04-11,763.4081475
2017-04-12,763.4076677
2017-04-13,759.3813549
2017-04-14,759.3813549
2017-04-17,756.953605
2017-04-18,752.6315283
2017-04-19,753.5850942
2017-04-20,756.5178544
2017-04-21,756.4089483
2017-04-24,763.1753586
2017-04-25,773.2547825
2017-04-26,776.8881026
2017-04-27,774.8257774
2017-04-28,770.2815215
2017-05-01,770.2815215
2017-05-02,772.5923373
2017-05-03,773.3339754
2017-05-04,775.7005233
2017-05-05,768.1591428
2017-05-08,771.4369985
2017-05-09,772.3208693
2017-05-10,782.0675315
2017-05-11,786.2824013
2017-05-12,781.8908901
2017-05-15,783.1024934
2017-05-16,787.6701521
2017-05-17,784.3445286
2017-05-18,776.2921203
2017-05-19,772.4101303
2017-05-22,770.7887896
2017-05-23,766.2470711
2017-05-24,762.5811844
2017-05-25,773.2488975
2017-05-26,781.7026664
2017-05-29,780.7668671
2017-05-30,783.3475529
2017-05-31,785.0347833
2017-06-01,787.9213555
2017-06-02,795.0370567
2017-06-05,803.3371034
2017-06-06,800.6479405
2017-06-07,800.5629633
2017-06-08,800.7845635
2017-06-09,800.5918863
2017-06-12,796.0544655
2017-06-13,796.8774327
2017-06-14,795.0642138
2017-06-15,794.2823333
2017-06-16,794.160598
2017-06-19,796.6817975
2017-06-20,796.6928451
2017-06-21,795.1924907
2017-06-22,794.545262
2017-06-23,789.396378
2017-06-26,789.396378
2017-06-27,783.8968064
2017-06-28,785.0842268
2017-06-29,787.4559269
2017-06-30,791.6535448
2017-07-03,799.4867526
2017-07-04,797.3774704
2017-07-05,799.6009918
2017-07-06,800.7262315
2017-07-07,798.9464335
2017-07-10,807.8789735
2017-07-11,807.8030237
2017-07-12,809.3554909
2017-07-13,814.9833325
2017-07-14,813.3719961
2017-07-17,815.5397385
2017-07-18,814.450287
2017-07-19,821.670883
2017-07-20,821.2591869
2017-07-21,826.6894954
2017-07-24,828.4036608
2017-07-25,829.7903106
2017-07-26,833.8118004
2017-07-27,836.2337394
2017-07-28,838.8659645
2017-07-31,841.4688334
2017-08-01,845.3350092
2017-08-02,843.3148745
2017-08-03,838.7742499
2017-08-04,846.9218674
2017-08-07,849.9730535
2017-08-08,841.6311334
2017-08-09,831.7493015
2017-08-10,824.1342382
2017-08-11,822.1134133
2017-08-14,830.8364807
2017-08-15,830.8364807
2017-08-16,839.926168
2017-08-17,838.5434397
2017-08-18,834.6784006
2017-08-21,827.1748996
2017-08-22,826.4798323
2017-08-23,832.3261045
2017-08-24,834.0867751
2017-08-25,834.0867751
2017-08-28,841.3237093
2017-08-29,833.1342681
2017-08-30,840.2633254
2017-08-31,841.8232491
2017-09-01,850.7749945
2017-09-04,844.0832181
2017-09-05,849.267041
2017-09-06,848.7359085
2017-09-07,855.8682756
2017-09-08,852.3143339
2017-09-11,858.8025213
2017-09-12,860.7823158
2017-09-13,859.6476658
2017-09-14,861.6306506
2017-09-15,861.7736973
2017-09-18,870.7401038
2017-09-19,869.2073357
2017-09-20,867.3838378
2017-09-21,867.4037079
2017-09-22,854.2107369
2017-09-25,845.6946264
2017-09-26,844.9379896
2017-09-27,835.5962816
2017-09-28,837.2541372
2017-09-29,839.5027163
2017-10-02,839.5027163
2017-10-03,848.6154987
2017-10-04,849.6968963
2017-10-05,847.2271844
2017-10-06,852.956927
2017-10-09,856.1438728
2017-10-10,859.9294072
2017-10-11,855.447929
2017-10-12,863.4825068
2017-10-13,866.089746
2017-10-16,867.2882851
2017-10-17,868.7290718
2017-10-18,862.924887
2017-10-19,859.3257824
2017-10-20,859.3257824
2017-10-23,859.0087371
2017-10-24,857.342367
2017-10-25,847.8355002
2017-10-26,848.0038015
2017-10-27,846.5028791
2017-10-30,852.3584113
2017-10-31,852.5457731
2017-11-01,853.809875
2017-11-02,852.4116027
2017-11-03,855.5638874
2017-11-06,859.1219281
2017-11-07,855.1154121
2017-11-08,853.2113581
2017-11-09,857.4703588
2017-11-10,854.7790278
2017-11-13,851.8935832
2017-11-14,849.2464627
2017-11-15,843.8470674
2017-11-16,852.1671584
2017-11-17,855.9141677
2017-11-20,856.8879926
2017-11-21,859.9152624
2017-11-22,857.7773202
2017-11-23,859.254536
2017-11-24,863.5589898
2017-11-27,867.2273136
2017-11-28,867.7389863
2017-11-29,864.1756367
2017-11-30,856.8639285
2017-12-01,846.9420865
2017-12-04,847.2242041
2017-12-05,844.6085475
2017-12-06,837.3955685
2017-12-07,850.4240625
2017-12-08,857.8660575
2017-12-11,863.1169834
2017-12-12,855.2267042
2017-12-13,850.182116
2017-12-14,853.1303134
2017-12-15,862.562297
2017-12-18,865.3933897
2017-12-19,874.9803159
2017-12-20,873.2312347
2017-12-21,874.0473175
2017-12-22,875.5060902
2017-12-25,875.5060902
2017-12-26,878.3284973
2017-12-27,876.566628
2017-12-28,875.885025
2017-12-29,881.7847164
2018-01-01,875.4611586
2018-01-02,875.0364679
2018-01-03,875.537515
2018-01-04,879.8895906
2018-01-05,889.4329348
2018-01-08,895.8669083
2018-01-09,895.4876543
2018-01-10,892.5199331
2018-01-11,894.473634
2018-01-12,893.5541681
2018-01-15,895.9058209
2018-01-16,894.4751706
2018-01-17,899.2421979
2018-01-18,902.3385968
2018-01-19,907.1387902
2018-01-22,914.8041389
2018-01-23,916.8165927
2018-01-24,920.4914171
2018-01-25,911.8320153
2018-01-26,911.8320153
2018-01-29,919.4442105
2018-01-30,911.9261136
2018-01-31,909.6432544
2018-02-01,914.037848
2018-02-02,893.2000287
2018-02-05,882.9716814
2018-02-06,868.0697125
2018-02-07,865.9576718
2018-02-08,876.1697194
2018-02-09,867.2075122
2018-02-12,877.1386607
2018-02-13,877.1386607
2018-02-14,876.5321177
2018-02-15,876.3310754
2018-02-16,866.7703847
2018-02-19,860.4517171
2018-02-20,860.4624406
2018-02-21,863.5158077
2018-02-22,859.8091347
2018-02-23,869.7480452
2018-02-26,876.8246625
2018-02-27,875.9305642
2018-02-28,873.3150915
2018-03-01,872.843719
2018-03-02,872.843719
2018-03-05,867.255133
2018-03-06,860.307251
2018-03-07,857.2772084
2018-03-08,860.5091521
2018-03-09,862.9908605
2018-03-12,874.6744818
2018-03-13,876.0016923
2018-03-14,876.7870679
2018-03-15,875.7994688
2018-03-16,865.8057647
2018-03-19,853.8519667
2018-03-20,860.9141478
2018-03-21,862.5823098
2018-03-22,861.6772284
2018-03-23,855.1304653
2018-03-26,870.9850463
2018-03-27,875.5377368
2018-03-28,874.7521234
2018-03-29,874.7521234
2018-03-30,874.7521234
2018-04-02,885.9340444
2018-04-03,889.9316142
2018-04-04,880.8109729
2018-04-05,895.5017934
2018-04-06,898.3976518
2018-04-09,902.3091277
2018-04-10,899.4679453
2018-04-11,902.8154606
2018-04-12,908.6036144
2018-04-13,908.8299934
2018-04-16,915.6992017
2018-04-17,915.929663
2018-04-18,914.0394689
2018-04-19,917.6882901
2018-04-20,919.0158251
2018-04-23,923.0332852
2018-04-24,923.2648873
2018-04-25,922.2728324
2018-04-26,931.462695
2018-04-27,931.3622962
2018-04-30,941.0451756
2018-05-01,941.0451756
2018-05-02,932.8944747
2018-05-03,923.2645901
2018-05-04,919.7815457
2018-05-07,925.1382334
2018-05-08,920.4002123
2018-05-09,919.784657
2018-05-10,915.88337
2018-05-11,923.0183262
2018-05-14,920.5026207
2018-05-15,923.658268
2018-05-16,925.106301
2018-05-17,926.4586772
2018-05-18,924.2090638
2018-05-21,911.2993415
2018-05-22,914.9217015
2018-05-23,906.4907313
2018-05-24,910.8585971
2018-05-25,922.1883891
2018-05-28,925.5324312
2018-05-29,919.6532508
2018-05-30,922.7586104
2018-05-31,931.967818
2018-06-01,926.9896317
2018-06-04,920.4624803
2018-06-05,916.0872691
2018-06-06,925.4669396
2018-06-07,929.5635712
2018-06-08,931.3769214
2018-06-11,931.5843808
2018-06-12,934.9337257
2018-06-13,934.4533904
2018-06-14,934.3315522
2018-06-15,933.9063559
2018-06-18,930.3775918
2018-06-19,923.6580515
2018-06-20,926.2319328
2018-06-21,922.8040727
2018-06-22,929.5342283
2018-06-25,929.2947024
2018-06-26,933.4910743
2018-06-27,930.5632196
2018-06-28,918.1780446
2018-06-29,928.4494476
2018-07-02,927.7353845
2018-07-03,932.4287391
2018-07-04,938.1435314
2018-07-05,940.5033312
2018-07-06,943.0052945
2018-07-09,949.9187923
2018-07-10,956.9769422
2018-07-11,955.2311409
2018-07-12,956.504781
2018-07-13,956.1677335
2018-07-16,952.1408637
2018-07-17,956.1086638
2018-07-18,954.3598603
2018-07-19,954.6265231
2018-07-20,962.7357003
2018-07-23,969.8711076
2018-07-24,975.4876071
2018-07-25,975.8194426
2018-07-26,975.2463825
2018-07-27,981.7038929
2018-07-30,981.389403
2018-07-31,990.5487503
2018-08-01,991.2281202
2018-08-02,983.8513386
2018-08-03,988.6006998
2018-08-06,988.673188
2018-08-07,992.7368054
2018-08-08,996.4500537
2018-08-09,996.339897
2018-08-10,996.2467219
2018-08-13,990.8060722
2018-08-14,1000.00292
2018-08-15,1000.00292
2018-08-16,997.3886097
2018-08-17,1005.931482
2018-08-20,1008.737889
2018-08-21,1012.336248
2018-08-22,1012.336248
2018-08-23,1018.373638
2018-08-24,1012.074174
2018-08-27,1022.827468
2018-08-28,1022.13253
2018-08-29,1018.925253
2018-08-30,1014.423932
2018-08-31,1015.338388
2018-09-03,1005.221213
2018-09-04,993.4995243
2018-09-05,988.0888783
2018-09-06,989.1903983
2018-09-07,992.8468401
2018-09-10,977.3805946
2018-09-11,964.5137258
2018-09-12,970.8673137
2018-09-13,970.8673137
2018-09-14,986.0551392
2018-09-17,974.4745087
2018-09-18,969.6084422
2018-09-19,960.8332068
2018-09-20,960.8332068
2018-09-21,932.4400155
2018-09-24,914.2910343
2018-09-25,922.7054403
2018-09-26,923.0288913
2018-09-27,908.8448954
2018-09-28,897.6526917
2018-10-01,909.9857714
2018-10-02,909.9857714
2018-10-03,892.4411094
2018-10-04,868.8845322
2018-10-05,861.2467658
2018-10-08,858.7314009
2018-10-09,853.0945194
2018-10-10,866.1692035
2018-10-11,849.2459827
2018-10-12,868.2773024
2018-10-15,872.7495481
2018-10-16,875.6145222
2018-10-17,863.8221248
2018-10-18,863.8221248
2018-10-19,854.4077019
2018-10-22,850.2673435
2018-10-23,841.5952562
2018-10-24,848.2747122
2018-10-25,840.5556206
2018-10-26,835.0443397
2018-10-29,839.2987484
2018-10-30,837.5466458
2018-10-31,857.449673
2018-11-01,854.3074784
2018-11-02,871.0131603
2018-11-05,866.8073788
2018-11-06,865.5711979
2018-11-07,872.3090872
2018-11-08,872.3090872
2018-11-09,874.1164699
2018-11-12,864.8129219
2018-11-13,870.6230884
2018-11-14,871.4410984
2018-11-15,870.5496438
2018-11-16,876.9364468
2018-11-19,882.0066605
2018-11-20,877.3143924
2018-11-21,872.4506504
2018-11-22,870.1702238
2018-11-23,870.1702238
2018-11-26,883.0758429
2018-11-27,888.9885847
2018-11-28,895.6665258
2018-11-29,902.7988141
2018-11-30,905.1996955
2018-12-03,910.1700433
2018-12-04,906.8049871
2018-12-05,901.8831499
2018-12-06,887.6153908
2018-12-07,893.2032977
2018-12-10,879.8067214
2018-12-11,886.6862753
2018-12-12,905.2498278
2018-12-13,909.5721828
2018-12-14,912.0370357
2018-12-17,919.5655669
2018-12-18,919.66906
2018-12-19,926.4462603
2018-12-20,926.2934435
2018-12-21,907.8485695
2018-12-24,898.5475586
2018-12-25,898.5475586
2018-12-26,900.0256815
2018-12-27,905.2685899
2018-12-28,911.228084
2018-12-31,911.800014
2019-01-01,914.1551805
2019-01-02,903.2086722
2019-01-03,894.5373116
2019-01-04,894.1388466
2019-01-07,896.0176018
2019-01-08,897.936101
2019-01-09,903.1269063
2019-01-10,902.5376489
2019-01-11,898.2442574
2019-01-14,896.3924552
2019-01-15,906.3630065
2019-01-16,903.6966573
2019-01-17,906.0368961
2019-01-18,903.0671449
2019-01-21,903.4132345
2019-01-22,899.4492113
2019-01-23,892.1826666
2019-01-24,891.1978438
2019-01-25,886.093046
2019-01-28,878.8285351
2019-01-29,878.4892161
2019-01-30,874.2713104
2019-01-31,887.0476355
2019-02-01,901.0089062
2019-02-04,901.3394885
2019-02-05,904.4214949
2019-02-06,911.7561754
2019-02-07,917.2514374
2019-02-08,907.4990412
2019-02-11,904.220093
2019-02-12,898.6625036
2019-02-13,896.5411875
2019-02-14,890.025869
2019-02-15,883.4759659
2019-02-18,876.7311407
2019-02-19,871.1849183
2019-02-20,875.8334936
2019-02-21,878.6459686
2019-02-22,881.200348
2019-02-25,892.1832272
2019-02-26,889.1649949
2019-02-27,888.1878205
2019-02-28,884.1709121
2019-03-01,888.0280941
2019-03-04,888.0280941
2019-03-05,898.0956838
2019-03-06,901.1944967
2019-03-07,899.4068752
2019-03-08,898.2869998
2019-03-11,911.8741131
2019-03-12,917.8816357
2019-03-13,921.7633195
2019-03-14,921.421239
2019-03-15,924.6974806
2019-03-18,922.5628348
2019-03-19,923.9228038
2019-03-20,923.4062343
2019-03-21,923.4062343
2019-03-22,917.1906262
2019-03-25,907.573135
2019-03-26,914.6749849
2019-03-27,915.8868492
2019-03-28,922.202589
2019-03-29,923.8293588
