"TACTICAL","EQUITY","BOND"
0.001862922189102,0.0129901163263646,0.001862922189102
0.0015857232867853,0.0535627349517926,0.0015857232867853
0.00675987899864228,0.00675987899864228,0.000665425434719369
0.00788798773505439,0.00788798773505439,0.00276840974714765
0.0131173093084067,0.0131173093084067,0.000978725155116544
-0.0508491855696379,-0.0508491855696379,-0.00134495982280403
0.00140053567560128,0.00552675005614645,0.00140053567560128
-0.00123918064612627,-0.122367130524292,-0.00123918064612627
0.000208722616601875,-0.0130012392670621,0.000208722616601875
0.000107784703450742,-0.0319839463683143,0.000107784703450742
-0.000186412992769003,0.00818200768981314,-0.000186412992769003
-0.00261400925465982,-0.00736894703892388,-0.00261400925465982
-0.00277256097344325,-0.0111325842176524,-0.00277256097344325
-0.00563348247676065,-0.000748967244385668,-0.00563348247676065
0.00220757341308819,0.0336995092929837,0.00220757341308819
0.00175092613862571,0.0104685349149432,0.00175092613862571
-0.00446216346520378,0.00436715495831863,-0.00446216346520378
0.0281095804773495,0.0281095804773495,0.00066583153904376
0.0199248610145935,0.0199248610145935,-0.00247903493787238
0.000686674260893749,0.000686674260893749,-0.00202896136074204
-0.0207031187663239,-0.0207031187663239,-0.011463240394049
-0.0046713996273744,-0.0046713996273744,0.00401340931364591
0.012655602791982,0.012655602791982,0.00671290810056413
0.0182261072009831,0.0182261072009831,0.00408437166041198
0.0216523764157932,0.0216523764157932,0.00269044756591708
0.0393201092052573,0.0393201092052573,-0.00276461974428832
-0.00609108717432372,-0.00609108717432372,0.00369617943202205
0.0305668533944503,0.0305668533944503,-0.00540182784049215
0.024025032361042,0.024025032361042,-0.00431460553019403
-0.012540927905109,-0.012540927905109,0.00503371265057306
-0.0083496958496958,-0.0083496958496958,0.00282282472809237
0.00428036902410489,0.00428036902410489,-0.00160703846039445
0.0368369422873407,0.0368369422873407,-0.00761949038399645
0.0111482928011484,0.0111482928011484,-0.000224397027115963
-0.000318039768798961,-0.000318039768798961,0.00104189785082842
0.0153260944740301,0.0153260944740301,-0.00144469919990287
0.0500524501723363,0.0500524501723363,0.00880430759660356
-0.0134065069130004,-0.0134065069130004,0.00157019937458913
0.0220662689419677,0.0220662689419677,-0.000602455940126978
0.0253811678425149,0.0253811678425149,0.00530090811878647
0.0117323272670997,0.0117323272670997,0.00217093801227741
-0.0312417317105438,-0.0312417317105438,0.000790118901982551
-0.0418766616452796,-0.0418766616452796,0.00106242892348529
-0.000979192697316056,-0.00300198647769878,-0.000979192697316056
0.00187752376430628,0.0431282500312717,0.00187752376430628
0.035439275711141,0.035439275711141,0.00287083544945554
0.0020970083508085,0.0020970083508085,0.00451099629610652
-0.0127290737989104,-0.0127290737989104,0.00160089546913156
0.00279686951286817,0.00279686951286817,0.00201431807505448
0.0423363141767243,0.0423363141767243,-0.000351831124177249
0.0027237820974324,0.0027237820974324,0.00233574534207781
-0.0206421194969306,-0.0206421194969306,-0.000236422982491602
-0.0444515041176903,-0.0444515041176903,0.00169580257746449
0.00160430517190613,0.0259279150256593,0.00160430517190613
-0.0176322732088325,-0.0176322732088325,-0.00509692452634347
0.00222597975840078,-0.0368744475599596,0.00222597975840078
0.00171386477040314,0.00565137969191842,0.00171386477040314
-0.00195777714039769,-0.0328488029377475,-0.00195777714039769
-0.000427575654787127,0.0395492469389966,-0.000427575654787127
0.00394621369000503,0.00656660412757959,0.00394621369000503
0.00155424190913567,0.00206240723482121,0.00155424190913567
0.00161799290915354,0.0422913634680466,0.00161799290915354
0.00785729629690834,0.00785729629690834,0.00238371529305503
0.000471369430667723,0.000471369430667723,0.003168063438729
0.0165434172521868,0.0165434172521868,0.000868867053832822
0.0338017837927156,0.0338017837927156,0.00242154240045322
0.00960586331916868,0.00960586331916868,0.000444638317599777
-0.00686941546255604,-0.00686941546255604,0.000278433249407906
0.00764789362157114,0.00764789362157114,-0.000113542360961727
0.0250075242512404,0.0250075242512404,0.00135338347303238
0.0206329547550659,0.0206329547550659,0.00519489055725275
0.02164323335448,0.02164323335448,-0.000478350027904639
0.00135021950092407,0.00135021950092407,0.00113173986414372
0.00952532033486442,0.00952532033486442,0.00216423058544324
-0.0110318276620668,-0.0110318276620668,0.000870798206731749
0.0275495722575916,0.0275495722575916,0.00159737859084674
0.0164963380519281,0.0164963380519281,0.00163567323822678
0.0398973869631658,0.0398973869631658,0.00130755327456056
-0.029060914549408,-0.029060914549408,0.00046670342981292
0.0499039518423783,0.0499039518423783,0.000591327888204818
-0.0105115535769613,-0.0105115535769613,0.000377412608688621
-0.0348295274760047,-0.0348295274760047,0.00113943513950199
-0.0161325023478186,-0.0161325023478186,0.000521634970227947
0.00298966163841419,-0.0522247406291544,0.00298966163841419
0.000872938003693813,0.04470161689037,0.000872938003693813
0.00124194135269651,0.0535754975268263,0.00124194135269651
0.0280158645655877,0.0280158645655877,0.00146488282807278
0.0241969938245232,0.0241969938245232,0.00231351557648285
0.00546707116672973,0.00546707116672973,0.00088672093485731
0.0217713800798316,0.0217713800798316,0.00168495226697551
0.0194803397139931,0.0194803397139931,0.000220182238428235
-0.00182542316627954,-0.00182542316627954,0.000790159481807162
0.0136386306959873,0.0136386306959873,0.00163596384415032
0.0273038763989657,0.0273038763989657,0.00138496698808366
-0.0217740273387267,-0.0217740273387267,0.00149186722779548
0.0180953850536512,0.0180953850536512,0.000742928390702113
0.0283657349383544,0.0283657349383544,-0.00824102015745654
-0.0138256684673858,-0.0138256684673858,0.00110694642159626
0.0295708504816867,0.0295708504816867,0.00091909516921751
-0.0150711966792562,-0.0150711966792562,0.000260871043583633
0.0232148829194465,0.0232148829194465,0.000119720468958695
0.0319008378921128,0.0319008378921128,-0.000183970410203016
0.0116147977946111,0.0116147977946111,0.000441758842956164
0.0157508311906791,0.0157508311906791,0.00265950261312708
0.0143963636838598,0.0143963636838598,0.00366666617281464
0.037510687172303,0.037510687172303,0.00117657869404453
0.0153543717515301,0.0153543717515301,0.00289343516706486
-0.0316353271338751,-0.0316353271338751,0.00204581260338177
0.0680160655547337,0.0680160655547337,0.00335226236445907
-0.00397570142056858,-0.00397570142056858,-0.000857336422705579
0.029962884562446,0.029962884562446,-0.000874810933270687
-0.0036957333173584,-0.0036957333173584,0.000461225053290937
-0.110390601512454,-0.110390601512454,-0.000502739629004934
0.000838534462585416,-0.0104321558922315,0.000838534462585416
-0.00100898416699835,-0.0359924657768158,-0.00100898416699835
-0.00192276048262974,-0.0728004534529461,-0.00192276048262974
0.0000740383342421325,0.00868780621137,0.0000740383342421325
-0.00504478391305552,0.0562378533987173,-0.00504478391305552
0.00134414265725891,0.0266672919471234,0.00134414265725891
0.000486180995792562,-0.0161726733141486,0.000486180995792562
-0.000855097077125277,0.0161626865345539,-0.000855097077125277
-0.0570645308678474,-0.0570645308678474,0.00408423176483863
0.000409890169066784,0.0633625775999178,0.000409890169066784
0.014675608736209,0.014675608736209,-0.0000826230365680303
0.031541991266514,0.031541991266514,0.00461810146103536
0.0256912592865759,0.0256912592865759,0.00422359810720874
0.00875123278778567,0.00875123278778567,0.000954669037915856
0.0146453145883867,0.0146453145883867,0.00130640032628704
0.0120286775772864,0.0120286775772864,0.00321380559605244
0.00205848607267844,0.00205848607267844,-0.000106952432476271
0.0189405419968152,0.0189405419968152,0.00459040477100459
0.0125142824766995,0.0125142824766995,0.00188802058722781
-0.00521104134559125,-0.00521104134559125,0.00196477491239988
0.0297940758727049,0.0297940758727049,0.000951994481336982
0.0022122383208838,0.0022122383208838,0.000346379860201251
0.0152970618559041,0.0152970618559041,0.0022081121527564
0.0178110503218649,0.0178110503218649,0.000198524539178679
0.00775527695063127,0.00775527695063127,0.00168167468572222
0.00474732540440592,0.00474732540440592,0.00205259336883112
0.0254475844870656,0.0254475844870656,0.00419538374296358
0.0118334052946605,0.0118334052946605,0.00125649405722084
-0.00885022392258838,-0.00885022392258838,0.00235316901570504
-0.0185148447986222,-0.0185148447986222,-0.00616484092690006
-0.00330277833325798,-0.00330277833325798,0.0024032566580019
0.0265745037505905,0.0265745037505905,0.00106162363088935
0.00431232859439534,0.00431232859439534,0.00123873791112672
0.017336371644936,0.017336371644936,-0.00157759156712367
0.00944502264584046,0.00944502264584046,-0.00149788696166064
0.0141918683548845,0.0141918683548845,-0.0000518052304298022
0.00890426508672215,0.00890426508672215,0.00176874348686251
0.00102156436751621,0.00102156436751621,-0.000630781183043605
-0.008064708643999,-0.008064708643999,-0.0020342529310895
-0.0498666345787458,-0.0498666345787458,0.00185122586775832
0.00082441765200314,-0.0538727006005086,0.00082441765200314
0.00104105250089037,-0.00223093775237482,0.00104105250089037
-0.00193910674057207,-0.0288568604916355,-0.00193910674057207
0.00426953692054788,0.0709289582258898,0.00426953692054788
-0.000909851211216783,-0.00979053753361869,-0.000909851211216783
-0.0037277006461508,-0.0181029073642662,-0.0037277006461508
0.00376230823475643,0.0440706598769267,0.00376230823475643
0.0427059904867193,0.0427059904867193,0.00161620473151536
0.00115365788762789,0.00115365788762789,0.00230953542592927
0.00828743292454082,0.00828743292454082,0.00130675062392061
-0.00988329979879277,-0.00988329979879277,0.00216886552717388
0.033920762140105,0.033920762140105,0.000988569023977703
0.00798380439482682,0.00798380439482682,0.00250892700950467
0.0117307084833145,0.0117307084833145,0.00583820141384206
-0.0348284116270733,-0.0348284116270733,0.0000828765854707925
0.00739436127535265,0.00739436127535265,-0.00101293896845089
0.0193224840928463,0.0193224840928463,0.00506113490983107
0.0158370248795303,0.0158370248795303,0.00250921608950572
0.015509722769927,0.015509722769927,0.0106866024721441
0.0274711395631158,0.0274711395631158,0.00440066003923523
0.0141581522666436,0.0141581522666436,0.00662987718315544
-0.0263706324827143,-0.0263706324827143,0.00124804175340643
-0.00961358015745173,-0.00961358015745173,-0.00675487831704635
-0.0149562026404113,-0.0149562026404113,-0.00610548348778206
0.000334679113049852,-0.0517625906816672,0.000334679113049852
0.0021573900517311,0.0200934776539401,0.0021573900517311
0.00359765422478264,0.0654725455179108,0.00359765422478264
0.0103191660398907,0.0103191660398907,0.00431341163506072
0.00291926476963233,0.00291926476963233,0.00172713762348398
0.0707466045605671,0.0707466045605671,0.00272615615780381
0.0380020439448134,0.0380020439448134,-0.0037464710831917
0.0327529368521409,0.0327529368521409,0.000958328875891423
0.0467434946954974,0.0467434946954974,0.00295032292055986
-0.0391429742406533,-0.0391429742406533,0.00146888610354279
0.0935967128117876,0.0935967128117876,0.0034419571483395
0.0403770314192851,0.0403770314192851,-0.000502310359621339
-0.0451957161958954,-0.0451957161958954,-0.000832827935217773
0.0430160066661722,0.0430160066661722,0.00293452120998428
-0.0504927979967403,-0.0504927979967403,0.00189381284502854
0.0275235824121607,0.0275235824121607,0.000338716148939211
0.0367054418657824,0.0367054418657824,0.00535629459528497
0.0122903872795319,0.0122903872795319,0.0010028397886459
-0.0464199487717892,-0.0464199487717892,0.00223383609155126
0.0552899444787167,0.0552899444787167,0.00278818105084233
0.0320044926183034,0.0320044926183034,0.00515909236405498
-0.0118246986458898,-0.0118246986458898,0.00438630904934056
-0.0797852507155434,-0.0797852507155434,0.0000154443423083794
0.00566970210039819,-0.056316195502491,0.00566970210039819
-0.00210496995871634,-0.0120622211356274,-0.00210496995871634
0.00267865619838137,-0.036459896124947,0.00267865619838137
0.00110613441307494,0.0359277207840469,0.00110613441307494
-0.00120282200797617,-0.0362420683189872,-0.00120282200797617
0.00211827515453789,0.0220687304450726,0.00211827515453789
0.0009453007675706,-0.0865151677227337,0.0009453007675706
0.00203261478759642,-0.0054038695012012,0.00203261478759642
0.00128913940854081,-0.0360380014440133,0.00128913940854081
0.00278267982348113,0.0804751923239269,0.00278267982348113
-0.00303425023422399,-0.0596910964563035,-0.00303425023422399
-0.00409470772325482,0.0281963793225375,-0.00409470772325482
-0.0000728660756381672,0.0377964507581814,-0.0000728660756381672
0.0309557616253928,0.0309557616253928,0.00141997878867173
0.0228748664132872,0.0228748664132872,0.00493163445148981
-0.0464972686095126,-0.0464972686095126,0.00294210772574921
0.035141227298342,0.035141227298342,-0.000373280084704386
-0.0408741509755325,-0.0408741509755325,-0.000186790077197019
-0.0145417007582861,-0.0145417007582861,0.000772692022525501
-0.00272818828401389,-0.0497456132816645,-0.00272818828401389
-0.00282147791692744,-0.0239240894437327,-0.00282147791692744
-0.00662853197196678,-0.037226007001438,-0.00662853197196678
-0.0101424008192923,-0.048119537871387,-0.0101424008192923
0.000986573486176479,-0.0290097419000767,0.000986573486176479
-0.00190188613620579,0.00862299397043365,-0.00190188613620579
0.00505369084216811,0.0116424680009144,0.00505369084216811
0.00240390846715988,0.0537968988093573,0.00240390846715988
-0.00707581647989697,0.0239710950190524,-0.00707581647989697
0.0265733876945886,0.0265733876945886,0.00503151009797898
-0.0216413720644331,-0.0216413720644331,0.00152500634363406
-0.0229024395194399,-0.0229024395194399,0.0017113975058014
0.00791065436162386,0.00791065436162386,0.00591524464980586
-0.00154573115894241,-0.00154573115894241,0.00793935853294525
-0.0274027355822729,-0.0274027355822729,0.00749966065156671
-0.00232086373941365,0.00414045919351724,-0.00232086373941365
0.00409900356483073,-0.061247468517387,0.00409900356483073
0.00594906076409241,-0.0418895961684098,0.00594906076409241
0.0147693008655632,-0.140996445234392,0.0147693008655632
0.00354242560325102,-0.0624715557954058,0.00354242560325102
0.00390473184942897,-0.159349360581246,0.00390473184942897
0.00447442761138928,0.116897173023341,0.00447442761138928
0.00306239393505869,0.0303031159152101,0.00306239393505869
0.00253394455184619,-0.0547214978488166,0.00253394455184619
0.007676595696406,-0.0415865307910318,0.007676595696406
0.0038895377959971,0.0228880326643282,0.0038895377959971
0.00843211274056022,-0.0147831207298056,0.00843211274056022
0.0175145154051408,0.076259096519971,0.0175145154051408
0.0132388950206395,0.0534508355006864,0.0132388950206395
-0.0700340660446832,-0.0700340660446832,-0.00149203986673385
0.013677250807115,0.0663240890549872,0.013677250807115
-0.0570271512068984,-0.0570271512068984,-0.0117896928251167
-0.0154532577903683,-0.0154532577903683,0.012909727723537
-0.00661239543592207,-0.0530032082176409,-0.00661239543592207
0.000908304545252037,0.0751479685468093,0.000908304545252037
-0.0109309692898545,-0.0109309692898545,0.00270030187121972
0.0036960523658407,0.0371268811305498,0.0036960523658407
-0.0716204340148161,-0.0716204340148161,-0.00149608187006289
-0.000524712005969263,0.00993216335396707,-0.000524712005969263
-0.00147505056101915,-0.0519197374336311,-0.00147505056101915
-0.0145184316074172,0.0378320414798101,-0.0145184316074172
0.00378719444401354,0.0322781975094812,0.00378719444401354
0.10753328955476,0.10753328955476,-0.00363952126577693
0.0329501555435403,0.0329501555435403,0.00688879215905747
0.0407847956587923,0.0407847956587923,0.0138544424311671
0.0126799402325102,0.0126799402325102,0.00840321553487833
0.0284995225688196,0.0284995225688196,0.0017194670000702
-0.00195711149937139,-0.00195711149937139,0.000374988687521727
0.0422410448423995,0.0422410448423995,0.00246861932998743
0.0142130886894041,0.0142130886894041,0.000579750150405234
0.154391783578212,0.154391783578212,-0.00280008949760591
0.0496465175611147,0.0496465175611147,-0.00224145280304688
0.0314282012587339,0.0314282012587339,-0.00299960705296909
0.000341451505040391,0.000341451505040391,-0.00114266823301024
-0.0585964235878372,-0.0585964235878372,-0.00052272765888961
0.0144788134399159,0.0144788134399159,0.00341964969644226
0.0113406987381528,0.0113406987381528,0.00838206737302882
-0.0939435221908498,-0.0939435221908498,-0.00280694135234827
0.000742398590950488,0.0935853571291436,0.000742398590950488
0.0444903156179026,0.0444903156179026,-0.000710793090310191
0.0150476642061981,0.0150476642061981,-0.00188138783093117
-0.0332503063399738,-0.0332503063399738,-0.00232168109711861
0.0220776621657925,0.0220776621657925,0.00203206634097675
-0.0105684115453413,-0.0105684115453413,-0.00724867222251113
0.0451231709773983,0.0451231709773983,0.00271099755577175
-0.0108479075258106,-0.0108479075258106,-0.00325442195022585
0.0322538920420741,0.0322538920420741,-0.000776972377363072
0.0305410340846628,0.0305410340846628,0.00372081597622498
-0.00339807950144211,-0.00339807950144211,-0.000126857373312528
0.0251023631782121,0.0251023631782121,0.00235968607970283
-0.0271901789086477,-0.0271901789086477,0.00349738511554198
0.0405990016638935,0.0405990016638935,-0.00230614339360424
-0.0281513948719878,-0.0281513948719878,0.00106054507690612
-0.057015888378095,-0.057015888378095,0.00150348785168219
0.00487654054320141,0.0181114363080586,0.00487654054320141
0.00230795021743879,0.0422822253696713,0.00230795021743879
0.0107002903167048,0.0107002903167048,0.00300508222159901
-0.0219060758060271,-0.0219060758060271,0.00170156924254461
-0.000674438803049515,0.0338355672960897,-0.000674438803049515
0.0016403526758253,0.0016403526758253,0.000203052508010115
-0.0253255649161483,-0.0253255649161483,-0.00153123198036176
-0.000157545383061342,0.0386434171773293,-0.000157545383061342
0.00437247039132926,0.00437247039132926,0.0022710949962983
0.00839712744522569,0.00839712744522569,0.00312072053902246
0.0014375252450014,0.0014375252450014,0.00356038128553471
-0.0411207643527003,-0.0411207643527003,0.00456942179549924
-0.00141800432734018,-0.0305065878491848,-0.00141800432734018
-0.000361539793403698,-0.0252933180240462,-0.000361539793403698
-0.00172400458227007,0.0147248982797257,-0.00172400458227007
0.00160795398365177,0.00379960502788834,0.00160795398365177
0.00806598975686112,0.0159733738331111,0.00806598975686112
-0.00189367676299557,0.0338028906149057,-0.00189367676299557
0.00950015424896566,0.00950015424896566,0.00402427721799614
0.0246262341325811,0.0246262341325811,0.000617710399235305
0.00372124182106837,0.00372124182106837,0.00400965353049432
0.00160305494729873,0.00160305494729873,-0.000457781217763631
0.0134717989834154,0.0134717989834154,-0.00178970005393031
-0.0181219357686061,-0.0181219357686061,-0.000728947263131885
0.00788586140575642,0.00788586140575642,0.00339598534240815
-0.00491778411504162,-0.00491778411504162,0.00445922303528778
-0.0492349062039823,-0.0492349062039823,0.00312348921438099
0.00116258378957812,0.015698252364919,0.00116258378957812
0.00244899485274885,-0.0315789806011452,0.00244899485274885
-0.000935420321567237,0.0278816468509469,-0.000935420321567237
0.000667459312643226,0.0136094552570525,0.000667459312643226
0.000245745596939795,-0.000433372498525375,0.000245745596939795
-0.0000233117165026053,0.0285523778517944,-0.0000233117165026053
0.00122957430554926,0.00122957430554926,-0.00093222011097982
-0.005584044891222,-0.005584044891222,-0.00316233357438389
0.0225303849163649,0.0225303849163649,-0.00452718209036884
0.00798938137226024,0.00798938137226024,0.00298668111978606
0.0102927525142431,0.0102927525142431,0.000941380399499092
-0.0148026050236386,-0.0148026050236386,-0.00487213497125516
0.0133951318059515,0.0133951318059515,-0.00511027879997383
0.00260656713784813,0.00260656713784813,0.00275351633238263
0.0149066392171009,0.0149066392171009,-0.000435342716475717
-0.0219275179731385,-0.0219275179731385,0.00307492934743503
0.0134851477250737,0.0134851477250737,0.00575785314790589
0.0297961218255172,0.0297961218255172,0.000229283139246306
0.0435786276482968,0.0435786276482968,-0.00158040959253702
0.0226642380809652,0.0226642380809652,0.00419637850823484
0.0207853694764204,0.0207853694764204,-0.00627901584188129
-0.00650762037278829,-0.00650762037278829,0.000684451704372036
-0.00668493953215887,-0.00668493953215887,0.00140149303993353
0.00145867781651199,0.00145867781651199,0.00138893783978578
-0.00796634678585517,-0.00796634678585517,-0.00121021878742933
0.049173115657797,0.049173115657797,0.00483513042420247
-0.0381447127116202,-0.0381447127116202,0.000591643168626366
-0.0298694630797575,-0.0298694630797575,0.00253339075190495
0.00000781369352487182,-0.0234880887926366,0.00000781369352487182
-0.00156959710216631,0.0418686334547096,-0.00156959710216631
0.000471916228156788,-0.0225968631802174,0.000471916228156788
0.00353301562064545,0.0156043273968649,0.00353301562064545
0.00244531389535796,0.011054344271523,0.00244531389535796
-0.000816646640960039,0.0204790689042658,-0.000816646640960039
-0.0374732570479938,-0.0374732570479938,0.00107277926105898
-0.000751903229920137,-0.0423452153294079,-0.000751903229920137
-0.000115955340897034,0.00749009306599158,-0.000115955340897034
0.00247371016415121,-0.0322554023602674,0.00247371016415121
-0.002297126367375,-0.0209291199507414,-0.002297126367375
0.00353386179419002,-0.0157784637551504,0.00353386179419002
0.00295126549441127,0.0280519761028724,0.00295126549441127
0.00110656615890403,-0.028472715653647,0.00110656615890403
0.00311962569549817,0.044356473708397,0.00311962569549817
0.00171197419226932,-0.016851832146031,0.00171197419226932
0.00115426832224608,-0.0128141934634596,0.00115426832224608
0.00198229569066521,0.0522095493781614,0.00198229569066521
0.0304813481804407,0.0304813481804407,0.00188494543443474
0.00274111494782181,0.00274111494782181,0.00146996661485388
-0.00298708820222804,-0.00298708820222804,-0.00166720200072135
0.0106364803118504,0.0106364803118504,-0.00135622522870282
-0.0229424612700581,-0.0229424612700581,-0.00168842555241322
-0.0338195946853143,-0.0338195946853143,-0.00372214088689382
0.00155478379725205,-0.00120770524542346,0.00155478379725205
0.000198916481648492,-0.0101624412808836,0.000198916481648492
-0.000237698332858916,-0.00139402106971553,-0.000237698332858916
0.00305370522838677,0.00848173343703928,0.00305370522838677
0.00418820871070524,-0.00412246231148539,0.00418820871070524
0.00154703839445891,-0.0216252376796685,0.00154703839445891
0.000833214388722414,0.0201361311750434,0.000833214388722414
0.00149650275667068,0.0290036133276199,0.00149650275667068
0.00648977013580265,0.00648977013580265,0.000722034435891805
-0.0136143042447555,-0.0136143042447555,0.00366755163064791
0.00980325471457477,0.00980325471457477,0.000834688051244425
-0.0268663293114531,-0.0268663293114531,-0.00109403990761869
0.00343464384039494,-0.0492460239063128,0.00343464384039494
0.00376031124679455,-0.026265457518273,0.00376031124679455
0.000479098905284303,-0.0441782582283213,0.000479098905284303
0.00113610067735337,-0.019963235054463,0.00113610067735337
0.000158040376955215,0.0616134943413296,0.000158040376955215
-0.00323611408104174,0.00416803068773275,-0.00323611408104174
-0.00051393577074732,0.00512562939484495,-0.00051393577074732
0.00248244350973748,-0.0425619744932322,0.00248244350973748
0.0000211128929701321,0.0155182250807193,0.0000211128929701321
-0.00251982886224378,-0.0111743167881302,-0.00251982886224378
-0.00343294690200158,0.049972156087325,-0.00343294690200158
-0.0156068404449611,-0.0156068404449611,0.000124239837220319
0.0616180356440097,0.0616180356440097,0.00278531046101715
-0.0140323159573279,-0.0140323159573279,0.000449655447128716
-0.0218321847552179,-0.0218321847552179,-0.00215259713844573
-0.0508910703826629,-0.0508910703826629,0.00315367627293428
0.00206807832050404,-0.0399035116054455,0.00206807832050404
0.00678205239910668,0.0722120581633388,0.00678205239910668
-0.0363243526778049,-0.0363243526778049,0.00613570617330694
0.00479961943528262,-0.0441977404607853,0.00479961943528262
-0.000136484214958155,0.013413309243387,-0.000136484214958155
0.000337758671620003,-0.01902579754986,0.000337758671620003
0.00613972739424695,0.0269849577784635,0.00613972739424695
0.00223457388480952,0.0250856191388449,0.00223457388480952
0.0375796776617521,0.0375796776617521,0.00252835875049806
0.0311272325435115,0.0311272325435115,-0.0026601076006354
0.0235424651396534,0.0235424651396534,0.00544464529679756
0.0104763608990976,0.0104763608990976,-0.00113776603568616
0.0341005718065839,0.0341005718065839,0.000912681372973179
-0.0242621781471978,-0.0242621781471978,-0.00132818538632185
-0.0128758539663201,-0.0128758539663201,0.00126304587234349
-0.00471234422594558,-0.00471234422594558,0.00164318239926975
-0.00257918405069202,-0.00257918405069202,-0.00352589712809259
-0.00733719262461896,-0.00733719262461896,0.00102703843052332
0.00328640317785056,0.00328640317785056,0.00356746022127052
-0.0108180809201013,0.00516165660492884,-0.0108180809201013
0.00793236952180121,-0.0216850332461457,0.00793236952180121
0.00645355848529539,0.0160159479364561,0.00645355848529539
-0.00047348641334688,-0.0154540721457791,-0.00047348641334688
0.00236836638120086,-0.0234460105671733,0.00236836638120086
0.00166094760278557,-0.0310531714584981,0.00166094760278557
0.00105564896158183,-0.00759254764702877,0.00105564896158183
0.0017295652431375,0.0071936889900035,0.0017295652431375
0.00541854824472843,-0.0143421279641143,0.00541854824472843
0.00313064747770464,0.0473703829759646,0.00313064747770464
0.00552145256656322,0.0156877187661513,0.00552145256656322
0.00215425305008088,0.00215425305008088,-0.00189724254300772
0.0266011949102298,0.0266011949102298,0.00254925932639383
0.00769893734228955,0.00769893734228955,0.00441711583383886
-0.0165352166903996,-0.0165352166903996,0.00347455197982405
-0.00352193175790272,-0.00352193175790272,0.000313028788894831
-0.0200456455303668,-0.0200456455303668,0.000796832003806314
0.022864225490046,0.022864225490046,-0.00151287825511637
0.0203051228809248,0.0203051228809248,0.00414968842336383
0.00933983358381285,0.00933983358381285,-0.00248058607474932
0.00388585042018019,0.00388585042018019,0.00157201813765617
-0.02364449332195,-0.02364449332195,0.00170167069168259
0.0193306952410592,0.0193306952410592,0.00286551510519795
0.041052789219699,0.041052789219699,0.00227027452208595
0.0203824538273316,0.0203824538273316,0.00181944967947234
0.00212838180021402,0.00212838180021402,0.00109511333300039
0.00765682770225506,0.00765682770225506,0.00241457065362161
-0.0123372953102826,-0.0123372953102826,0.00114594886099506
0.00183212769724195,0.00183212769724195,0.00210179014313661
-0.00351508775390552,-0.00351508775390552,0.00212230751864739
0.00654770905791624,0.00654770905791624,-0.000735500096434194
-0.00191206416887346,-0.00191206416887346,0.00204250018608954
-0.0197347265231057,-0.0197347265231057,0.00144287833893864
0.000601704557260829,0.00943365937482121,0.000601704557260829
0.00284490013859173,0.0450044182988096,0.00284490013859173
0.00468853591434404,0.00468853591434404,0.00177979570814846
-0.00470617057596256,-0.00470617057596256,0.00283714874560292
-0.00542584262674306,-0.00542584262674306,0.00184219446291656
0.0107419003303868,0.0107419003303868,0.00255645172730046
0.0182473776223777,0.0182473776223777,0.0053150839060836
-0.010778601044375,-0.010778601044375,0.00330344120623738
0.0190305042214498,0.0190305042214498,0.00221125428554769
0.00181351569383637,0.00181351569383637,0.000571909723865005
-0.0124667942620483,-0.0124667942620483,0.00102732302349273
-0.0158392070284699,-0.0158392070284699,0.00216982033136959
0.00233666117784859,-0.002630542481878,0.00233666117784859
0.00134795581018232,-0.00616248570319167,0.00134795581018232
0.0010667285466055,-0.0221183899980864,0.0010667285466055
0.0024183274686882,0.0395065855634011,0.0024183274686882
-0.0122927405765024,-0.0122927405765024,0.00159318723662971
-0.000134001436545628,-0.0370645383312156,-0.000134001436545628
0.00166821584937593,0.00552289499764269,0.00166821584937593
0.0028346999346589,-0.0227548921104254,0.0028346999346589
0.00367132653371693,-0.00444684419539254,0.00367132653371693
0.00381218888452772,0.0460412246561099,0.00381218888452772
0.0152979671662561,0.0152979671662561,0.00422829054729523
0.012351379277042,0.012351379277042,0.00270227323149763
0.0280801303706337,0.0280801303706337,0.00448929661277098
0.0131004588846941,0.0131004588846941,0.00597051075313071
-0.0328797133235299,-0.0328797133235299,0.00120882834132718
0.00338872664574441,0.00338872664574441,-0.00215326115088788
-0.0171967266741918,-0.0171967266741918,0.00251834563038833
-0.0115984281077696,-0.0115984281077696,-0.00222554558546584
-0.00333116462804672,-0.0241771786281408,-0.00333116462804672
0.00221624231019901,0.0316522602619207,0.00221624231019901
-0.00048311613855212,0.00489734612496173,-0.00048311613855212
0.001447713666624,0.024537124752642,0.001447713666624
0.00400934400608199,0.00400934400608199,-0.0171142028234273
-0.0236415055966784,-0.0236415055966784,-0.0103981854975376
-0.0349538856573913,-0.0349538856573913,-0.00149047060078
-0.000776274792243958,-0.0197260802102522,-0.000776274792243958
-0.00822269636747952,-0.00987802378591562,-0.00822269636747952
0.00505906647590271,-0.00654987936641138,0.00505906647590271
-0.00801771735772783,0.0000901037883012101,-0.00801771735772783
0.0160064483346913,0.0391226371002709,0.0160064483346913
-0.0028547485985797,0.0299913160928651,-0.0028547485985797
0.0278527131273141,0.0278527131273141,0.0164935667790764
-0.0297532442437946,-0.0297532442437946,-0.00188436867890363
0.0126983289589955,0.0126983289589955,0.00614770789409191
0.0319820066211882,0.0319820066211882,0.00743512622013087
0.0156550710188732,0.0156550710188732,-0.00149929699975115
-0.00692470178926441,-0.00692470178926441,0.00221783984834789
0.0282110088873373,0.0282110088873373,-0.0004883466884128
-0.0277971802466371,-0.0277971802466371,-0.00464222648315482
-0.0137759080571414,-0.0137759080571414,-0.00106729449658349
-0.0100250658374845,-0.0100250658374845,0.00614816288566522
0.00495650508478973,0.0301284828967239,0.00495650508478973
0.0135714170152339,0.0135714170152339,-0.00486590016308952
-0.0142958528152135,-0.0142958528152135,-0.00140623552802444
0.017226195177064,0.017226195177064,0.00476459316428479
0.00630037545094519,0.00630037545094519,-0.00280910482038932
-0.0162552950181499,-0.0162552950181499,0.00522780968008396
-0.00639036126693915,-0.00639036126693915,0.00529055979048754
0.00520684282750894,0.0146133342629031,0.00520684282750894
0.00100248227864097,0.00100248227864097,-0.00140332565410994
-0.0278992000431481,-0.0278992000431481,-0.00560249085621467
0.00422743874486287,-0.00427850508301031,0.00422743874486287
-0.000876303929186029,-0.00222126257375188,-0.000876303929186029
0.00382850590884032,0.0178731213993883,0.00382850590884032
0.000652675053263385,0.0197414114510661,0.000652675053263385
0.0398886770742515,0.0398886770742515,-0.0000970599403782302
-0.00327719649773861,-0.00327719649773861,0.0047022166790045
-0.00142396196476069,-0.00142396196476069,0.00124529694032227
0.0312808649997398,0.0312808649997398,0.00602227930915733
-0.000231411207404997,-0.000231411207404997,-0.00545310333824922
0.0122435696909484,0.0122435696909484,0.0032211150141952
0.000457330187867644,0.000457330187867644,0.00382345499833181
0.000531799337400773,0.000531799337400773,0.00206575389277575
-0.0129701378098347,-0.0129701378098347,0.00204924692888286
0.0245006547944358,0.0245006547944358,0.00349797555743536
0.0507069629391048,0.0507069629391048,0.00205555753819464
0.022785087672615,0.022785087672615,0.0049385514748157
-0.0178411426490102,-0.0178411426490102,0.00274903759545131
0.0515606904567905,0.0515606904567905,0.00795610423788551
-0.00503504987188197,-0.00503504987188197,0.00246901306716696
-0.00396072291548077,-0.00396072291548077,-0.00565163266508284
-0.000350775518919044,-0.000350775518919044,0.00136753033289705
0.0335153937692614,0.0335153937692614,0.00307765798882742
-0.0373766658596928,-0.0373766658596928,-0.00503477495649529
0.0278869962235293,0.0278869962235293,0.00231430742863026
0.0168204964990453,0.0168204964990453,0.00545571084916485
-0.023381379407484,-0.023381379407484,0.00218439218842947
-0.00425159848084211,-0.00425159848084211,-0.00535099936969108
0.00371114537371908,0.0299466004427666,0.00371114537371908
0.0157933389063805,0.0157933389063805,0.00320851680405809
0.00532328091771572,0.00532328091771572,0.000755965423007154
0.0168683685813604,0.0168683685813604,0.00257889649962428
0.00241883000853926,0.00241883000853926,0.00234814319655219
0.00197204980598475,0.00197204980598475,0.00353235037310839
-0.0186910462379142,-0.0186910462379142,0.00014797069571193
-0.00292547202577009,-0.00292547202577009,0.00124582491004777
-0.0107716010985962,-0.0107716010985962,0.00313815763737679
0.00395178529087103,-0.00980058314001742,0.00395178529087103
0.00128038148909915,0.0302349687323842,0.00128038148909915
0.0385792356981445,0.0385792356981445,0.00559199508885366
0.00183525776697535,0.00183525776697535,0.00369220406839266
0.00641345796300485,0.00641345796300485,0.0000725667318957068
0.0104205436939273,0.0104205436939273,0.00305836706622897
0.0130824687569457,0.0130824687569457,0.00260606538193175
-0.00581758989352998,-0.00581758989352998,0.00512220128930374
-0.0367978330451711,-0.0367978330451711,0.00562373663295546
0.000377851438791765,0.000377851438791765,-0.00499322732708762
0.00340172801855787,-0.00297641860100029,0.00340172801855787
0.00281960805093107,0.0237444216586917,0.00281960805093107
-0.0132105021727978,-0.0132105021727978,0.00195890206355398
0.00775866546604065,0.0276769210456826,0.00775866546604065
0.0378858037082836,0.0378858037082836,0.00231272967587048
-0.00295880877430355,-0.00295880877430355,0.00138022784771419
-0.0166898877799466,-0.0166898877799466,-0.000476836979731443
0.0166759315602023,0.0166759315602023,0.00173748124502593
0.00329100278131134,0.00329100278131134,0.00100302486253323
0.00772516398889067,0.00772516398889067,0.000283408448491063
0.00478961519301757,0.00478961519301757,0.00186396233390695
-0.0323631958422438,-0.0323631958422438,0.00158996149243285
0.00154917896589146,-0.00823287165265407,0.00154917896589146
0.00178660079611603,-0.0265154095274661,0.00178660079611603
0.00199834060931914,0.0293512821421529,0.00199834060931914
0.00143779773713204,0.0226102017809551,0.00143779773713204
-0.0198614438329556,-0.0198614438329556,0.0016828825878703
0.00103213071797637,-0.0348873669153966,0.00103213071797637
0.000155554246111356,-0.0149038382562573,0.000155554246111356
-0.000667503281089665,0.00166569856043997,-0.000667503281089665
0.00243776528622242,0.00864759878841137,0.00243776528622242
0.00378291658241725,0.0238745615844853,0.00378291658241725
0.00144245248548724,-0.00271087898034417,0.00144245248548724
-0.035801487986997,-0.035801487986997,-0.00201228198978587
0.000387474582350222,-0.016243572561485,0.000387474582350222
0.00403948162069057,0.0314008838599003,0.00403948162069057
0.000615301172232074,0.0190996508310661,0.000615301172232074
0.0127871870530294,0.0127871870530294,0.00324807099130964
-0.0140691129611035,-0.0140691129611035,0.00176868383652007
0.0305404242537404,0.0305404242537404,0.000407503103884377
-0.00977254008141903,-0.00977254008141903,0.00123738344799751
0.00135593579900339,0.00135593579900339,0.00262476423704072
0.00383632165076597,0.00383632165076597,0.00108418312924008
-0.005249726961437,-0.005249726961437,0.00284843334981821
-0.0256446069418121,-0.0256446069418121,0.0013218068089933
0.00162141579909125,-0.0356307531513614,0.00162141579909125
0.00151501818214861,-0.0428844657645852,0.00151501818214861
0.00116271711739424,0.0176819528880983,0.00116271711739424
0.00286899668184937,0.0247577157184886,0.00286899668184937
0.00111098650797792,-0.0141783075570201,0.00111098650797792
0.00693363302183658,0.0104690117252932,0.00693363302183658
0.00220979785742403,0.0300351785514914,0.00220979785742403
0.00643832017622015,0.00643832017622015,0.0015918436205753
0.00729888367329989,0.00729888367329989,0.00188981455662529
-0.0275623298817372,-0.0275623298817372,0.000574373253752425
-0.0138246872743367,-0.0138246872743367,0.000638805767873007
0.00181499873994939,-0.0239307323968146,0.00181499873994939
0.000488418176210592,0.0121493427293671,0.000488418176210592
0.000952150699387477,0.0109648808208789,0.000952150699387477
0.00179158493054721,-0.0202492536014441,0.00179158493054721
0.00137800430112867,-0.0220282309729634,0.00137800430112867
0.00251955693199446,0.0199031057691264,0.00251955693199446
0.000836080415510088,0.0127703733533653,0.000836080415510088
0.00275753251911715,0.01299168043066,0.00275753251911715
-0.0454378184563125,-0.0454378184563125,0.00247542828330549
0.00111918558480983,-0.0215144640659521,0.00111918558480983
0.00274031924317453,-0.00198710954863213,0.00274031924317453
0.00227330712452578,0.0192051324357512,0.00227330712452578
0.000411417952492554,-0.00961479253857944,0.000411417952492554
0.00101911496323814,-0.0678536509544175,0.00101911496323814
-0.00063011383993572,0.0329582019512857,-0.00063011383993572
-0.00328555375832884,-0.0250651702758971,-0.00328555375832884
0.00590095425437198,0.0648417386845563,0.00590095425437198
0.00331959282069083,0.00331959282069083,0.000707966641303237
0.0142403196422822,0.0142403196422822,0.00405920185913078
0.0149187665128752,0.0149187665128752,0.00202721960409313
-0.000314718021394933,-0.000314718021394933,0.00502053095555177
-0.0204708847623666,-0.0204708847623666,0.00404159373459545
0.039084377458211,0.039084377458211,0.00121860321151379
0.00622146783490618,0.00622146783490618,0.000607497953212466
-0.00626554170275873,-0.00626554170275873,0.00162086847149889
-0.0147057279110953,-0.0147057279110953,0.00184175325089631
0.0105289473378216,0.0105289473378216,0.00218962818234192
-0.00834134002251463,-0.00834134002251463,0.000719368809499965
0.0525141198960719,0.0525141198960719,0.00153521725092887
0.00986046699642062,0.00986046699642062,0.00111356962181741
-0.00459507232849432,-0.00459507232849432,0.00229706709544075
0.00107295941215724,0.00107295941215724,0.00141207578419889
-0.00969101944229389,-0.00969101944229389,0.00208805361116293
0.0302895930688678,0.0302895930688678,0.00341611684666554
-0.000309596138101442,-0.000309596138101442,0.00398393778841699
0.0269995945361736,0.0269995945361736,0.00375038323947585
0.000298935684379664,0.000298935684379664,0.00208615164189307
0.0119651804796701,0.0119651804796701,0.00246596064353821
0.00524158831835253,0.00524158831835253,0.000641152107353271
-0.00104918942622612,-0.00104918942622612,0.00209044741156328
-0.000138038295767196,-0.000138038295767196,0.00122075550455492
-0.0108816634110285,-0.0108816634110285,0.0014078293909725
0.0279880571343365,0.0279880571343365,0.00197786754525597
0.00694566258720042,0.00694566258720042,0.00302043554946363
-0.0096313939893401,-0.0096313939893401,0.00153713010909473
0.00591537337464643,0.00591537337464643,0.00317331542618837
-0.0249557169482819,-0.0249557169482819,0.00172586194532709
0.00468460134992088,0.0100386093728175,0.00468460134992088
0.00135124297810885,-0.0131322745451209,0.00135124297810885
0.00184277831999058,0.0134731043932044,0.00184277831999058
0.00157139915421944,-0.00753206783213856,0.00157139915421944
0.000316377608020835,-0.0218096853199775,0.000316377608020835
0.00625135872766447,-0.0163001957852112,0.00625135872766447
0.00524857726918704,-0.0267809425075742,0.00524857726918704
0.00923816294810775,0.00499098225469341,0.00923816294810775
-0.000913551361044207,-0.00339272970826898,-0.000913551361044207
-0.00477270947462727,0.0216340908382431,-0.00477270947462727
-0.00229188791437585,-0.0147996647168311,-0.00229188791437585
0.0000951612740225372,-0.0188842867175992,0.0000951612740225372
0.00139540090183021,0.0250506007093383,0.00139540090183021
0.00368624263227169,0.00708397604799105,0.00368624263227169
0.018991565500035,0.018991565500035,0.00119616591665395
-0.00607160951051133,-0.00607160951051133,-0.000165834338955007
0.0350777329524314,0.0350777329524314,0.00166845701259444
0.0118067947838023,0.0118067947838023,0.00274202504524768
0.00620674568113944,0.00620674568113944,-0.00667685760902115
0.00351737028117061,0.00351737028117061,0.00135463601773744
0.0133559389212468,0.0133559389212468,0.000522837262449949
-0.00438446386649882,-0.00438446386649882,0.00165939306617968
0.00430306208228237,0.00430306208228237,-0.00171822262590415
0.0262414638997548,0.0262414638997548,0.00237543018221165
-0.00549622709770792,-0.00549622709770792,0.0041747497179625
0.00744702792858787,0.00744702792858787,0.00226729142815607
0.00267678163958318,0.00267678163958318,-0.00373091747631882
-0.00516242091978225,-0.00516242091978225,0.00306403376390785
-0.00343496276568234,-0.00343496276568234,-0.000655261714547217
0.0202470248930322,0.0202470248930322,0.000256422667275213
-0.00192960594077018,-0.00192960594077018,0.00183999892557174
0.012451228640135,0.012451228640135,0.00162225044818642
0.00286748612069099,0.00286748612069099,0.00191346206687903
0.0180654248190204,0.0180654248190204,0.00356187904127414
0.00702445502507731,0.00702445502507731,0.00274295348914588
0.00268798697772055,0.00268798697772055,0.00489715673190405
-0.00780127127307351,-0.00780127127307351,0.00196947568874406
-0.000735053275984887,-0.000735053275984887,0.000868421637182371
-0.00492217015612129,-0.00492217015612129,0.000384596884785315
0.0156986405388666,0.0156986405388666,0.00051137506264487
0.0242201387857954,0.0242201387857954,0.00318959510351813
0.00332701774781108,0.00332701774781108,0.00293965716217537
0.0103606023002982,0.0103606023002982,0.000301245650765836
0.00537978164113762,0.00537978164113762,0.00465458718395584
-0.0348080840347533,-0.0348080840347533,-0.000619674236965739
0.00170890024849313,0.0130623687113689,0.00170890024849313
0.00226596862700057,0.00226596862700057,0.000398089407240176
0.011954649133578,0.011954649133578,0.00238597124680751
-0.00378876739306777,-0.00378876739306777,0.000491279243373333
0.0153581312465074,0.0153581312465074,0.000299398093591252
-0.0118382041815768,-0.0118382041815768,-0.00152881307384478
-0.0176430036073248,-0.0176430036073248,0.00134596222734262
0.000164524458740045,0.0195206856805614,0.000164524458740045
0.0188112069453148,0.0188112069453148,0.00192461952027378
-0.002052102936829,-0.002052102936829,0.00078121354041305
0.0174830783281215,0.0174830783281215,0.00138951926055597
0.0136881924072998,0.0136881924072998,0.00068099060301785
-0.012505805616404,-0.012505805616404,-0.000499425750254079
-0.0036980942010223,-0.0036980942010223,-0.000741069056518273
0.0103308668557822,0.0103308668557822,0.000578601033461856
-0.0257861320520021,-0.0257861320520021,0.00152964964442859
0.000301027874923809,0.0142098394620185,0.000301027874923809
0.00658704203652638,0.00658704203652638,0.000109041469672944
0.0154609808464956,0.0154609808464956,-0.00114001080071857
0.00358885146285992,0.00358885146285992,-0.00107517098093957
0.002676972198427,0.002676972198427,0.000783985881840366
0.0115891215373756,0.0115891215373756,-0.000403604869894436
0.0201034581567556,0.0201034581567556,0.00106000784391735
0.0161416052900383,0.0161416052900383,0.000797698367229316
-0.0275352159248727,-0.0275352159248727,-0.00262937769807581
-0.0277558648154596,-0.0277558648154596,0.00262656746799794
0.00257625482086854,-0.0000762424369601389,0.00257625482086854
-0.00175768157133982,0.00398659429844961,-0.00175768157133982
0.0011746697730215,-0.0028483041163847,0.0011746697730215
0.00211310870072778,-0.0221388084564044,0.00211310870072778
0.00430855546687092,-0.00239662500321558,0.00430855546687092
0.000776009714245518,-0.0182041008112518,0.000776009714245518
0.00389942756531703,0.011569279615729,0.00389942756531703
0.00565419818688362,0.0215432903227204,0.00565419818688362
-0.00508058834557346,0.0144221944214602,-0.00508058834557346
0.00796252373237127,0.00796252373237127,-0.00552239225391504
0.0121425370624948,0.0121425370624948,-0.00208914188142073
-0.00684979633435956,-0.00684979633435956,0.00104821237761032
0.0177567345907041,0.0177567345907041,-0.00000131746669451704
-0.019444648790269,-0.019444648790269,0.00202704142701982
0.00188315362156044,0.00188315362156044,-0.000520043363758549
0.0095643225076909,0.0095643225076909,0.0000411670168312117
0.00679872613198684,0.00679872613198684,0.000205517097188856
0.00608233284736848,0.00608233284736848,0.00211153277985598
0.000585812848918232,0.000585812848918232,0.00356337528329331
-0.00940713118419345,-0.00940713118419345,-0.000878988110948331
0.00584387460679903,0.00584387460679903,0.00146417737265048
0.0232309285700327,0.0232309285700327,0.0024117416530347
0.000345738655820771,0.000345738655820771,0.0015629401005901
0.0246252007059848,0.0246252007059848,0.00130424002059581
0.00747356592280091,0.00747356592280091,0.00393970531305587
0.00611013289746309,0.00611013289746309,0.00205313375321792
0.00439392710087017,0.00439392710087017,-0.00146577818632576
0.00783559389207378,0.00783559389207378,0.000893631747055812
0.0108774061040213,0.0108774061040213,-0.000435159536628538
-0.00766066363510787,-0.00766066363510787,-0.00169075360537396
-0.00620230913667053,-0.00620230913667053,-0.00125219500962093
-0.0321799342733384,-0.0321799342733384,0.00350668769414897
0.00288002828007072,-0.0190859907996802,0.00288002828007072
0.00277135067702572,-0.0561727872288621,0.00277135067702572
0.00430469305735959,0.0151264486424192,0.00430469305735959
0.0028026746909755,-0.0161344008574077,0.0028026746909755
0.00383782919822195,-0.025567794980354,0.00383782919822195
0.00486716852648628,0.0523671121771669,0.00486716852648628
0.00181579871433524,0.00313005648201647,0.00181579871433524
0.00166534164080834,0.00916777033356997,0.00166534164080834
0.0024333808938799,-0.0145523510738638,0.0024333808938799
0.00374766541014315,0.0332456936003327,0.00374766541014315
-0.0168293892772408,-0.0168293892772408,0.00539788758822057
0.0104491916414571,0.0104491916414571,0.00224772649741145
-0.00442628122861055,-0.00442628122861055,0.00496183615229007
0.0101326537052131,0.0101326537052131,-0.0000165997646400795
-0.0122064373420607,-0.0122064373420607,0.000676451638021769
0.00630076391043,0.00630076391043,0.000368118982574162
0.0104725204993805,0.0104725204993805,0.00351255344197865
-0.0112401113026447,-0.0112401113026447,0.00199625991625174
0.0105152625904408,0.0105152625904408,0.00255249593031737
0.00488833521753795,0.00488833521753795,0.00530587752835721
-0.0195577413066087,-0.0195577413066087,0.0034531187926905
0.00165555229025593,0.00647406910468806,0.00165555229025593
0.00190536521856299,0.00703485972357476,0.00190536521856299
0.0158244743469089,0.0158244743469089,0.00105153452774731
0.0359892690958972,0.0359892690958972,0.00406396438604584
0.00284476554317115,0.00284476554317115,0.000936065493103433
0.0146566806260087,0.0146566806260087,0.00306447952229782
0.00361511224685063,0.00361511224685063,-0.000926436159661037
-0.00192601058472708,-0.00192601058472708,-0.00224576720312575
0.00938956685939196,0.00938956685939196,0.000779367759955463
0.000157426005183536,0.000157426005183536,-0.000796352134532774
-0.00360797907849852,-0.00360797907849852,0.00246584511739578
-0.0367949921291012,-0.0367949921291012,0.00141347843080553
0.00511053578920584,0.0113929769792049,0.00511053578920584
0.00447962596948726,0.039387432794215,0.00447962596948726
0.00670857375272793,0.00670857375272793,0.00336567149286138
-0.003909919884029,-0.003909919884029,0.00285689703578251
-0.00309166262072735,-0.00309166262072735,0.00292409594199627
-0.00752753141784901,-0.00752753141784901,0.00260917692327967
0.00552265444740097,0.00552265444740097,-0.000406978081698317
0.00213826948645646,0.00213826948645646,0.00491019131127102
-0.0215702359403948,-0.0215702359403948,0.00429872182763624
0.00400379657377026,-0.0104382902800404,0.00400379657377026
-0.00140961398137351,-0.0109698317085332,-0.00140961398137351
0.00601716908840078,-0.024596354108872,0.00601716908840078
0.00303543458688527,0.0104006245965442,0.00303543458688527
-0.000672567380441413,-0.00502743406559469,-0.000672567380441413
0.0016924394639275,-0.0191211141848017,0.0016924394639275
0.00282578291162916,0.0179044201022092,0.00282578291162916
0.00186310531915912,-0.00698812924736092,0.00186310531915912
0.000182430542204237,0.0118460245086114,0.000182430542204237
0.0000803813081999838,0.0179055317064367,0.0000803813081999838
0.0211284328320875,0.0211284328320875,-0.00174261013162469
-0.0293290503018482,-0.0293290503018482,0.00601919024268205
0.0116574137369272,0.0116574137369272,0.000485024621917463
0.0325850622380435,0.0325850622380435,0.00211039799783741
-0.00220106708025603,-0.00220106708025603,0.00201236085765166
0.0227126042817818,0.0227126042817818,0.00176028486289082
0.00147671093802915,0.00147671093802915,0.000543765065263324
-0.00106819896866428,-0.00106819896866428,0.00176688320498442
0.00159292904845998,0.00159292904845998,0.00186914714581943
0.0118893888490474,0.0118893888490474,0.00170776836870346
-0.0111603752004533,-0.0111603752004533,-0.00398434220164245
0.0138967594153414,0.0138967594153414,-0.00352698380337857
0.0153629736887408,0.0153629736887408,0.00344377282229291
-0.00211820366110127,-0.00211820366110127,0.000820182599369002
-0.00156584035760043,-0.00156584035760043,0.00302368578768086
0.00246696291979331,0.00246696291979331,-0.000625019198767895
0.00779718482792946,0.00779718482792946,0.0021046066444772
-0.0082519959388988,-0.0082519959388988,0.002826944143419
-0.0478794100796004,-0.0478794100796004,0.0013959577409175
0.00906110934951587,0.0374335634430936,0.00906110934951587
0.00360915850145527,0.00124486581182737,0.00360915850145527
0.00135692799639742,-0.0024542886532819,0.00135692799639742
0.00259440631911501,-0.0727686078074848,0.00259440631911501
0.00881343529709433,-0.0182133564614051,0.00881343529709433
-0.00551630582238016,-0.0941143021460473,-0.00551630582238016
-0.00127566890819208,-0.12072156833587,-0.00127566890819208
0.0115665058741055,-0.00854721703198857,0.0115665058741055
-0.00108344929475179,-0.0665593974553906,-0.00108344929475179
-0.00142306996994623,0.127178655458346,-0.00142306996994623
0.0103733377605819,0.0169919958346227,0.0103733377605819
0.0113571300064843,-0.0121233302446356,0.0113571300064843
-0.00175820801283488,0.0771789820930238,-0.00175820801283488
-0.0616212120557353,-0.0616212120557353,0.00589906822866459
-0.00191658652933979,-0.0123927169569763,-0.00191658652933979
0.00519369707732809,-0.0106799013923818,0.00519369707732809
-0.000323704541082992,0.0607797174176379,-0.000323704541082992
NA,NA,NA
