"SYMBOL","CAP_START","CAP_END","DECILE_START","DECILE_END","EBIT_START","EBIT_END"
"20MICRONS",127.7371,1115.94,3,4,34553600000,78387800000
"21STCENMGM",16.695,139.92,1,1,NA,32926000000
"3PLAND",12.15,78.3,1,1,4865300000,2416100000
"63MOONS",508.0159,1921.94,5,5,-47971100000,213899100000
"AARTIDRUGS",1458.2305,5102.39,7,6,180820000000,235530000000
"AAVAS",15582.1302,14840.23,9,8,301936400000,625373800000
"ABB",28153.0872,159510.85,10,10,24558000000000,NA
"ABBOTINDIA",17572.6834,40605.69,9,9,NA,NA
"ABSLNN50ET",70.4132,57.83,2,1,NA,NA
"ADANIENT",23975.8598,338819.73,10,10,92358000000000,564028000000000
"ADANIGREEN",29583.3301,296831.85,10,10,141546300000,162800000000000
"ADROITINFO",11.6911,44.93,1,1,185300000,3813300000
"AGARIND",105.6651,1824.85,3,5,31090500000,127185800000
"AKASH",161.7117,66.02,3,1,774900000,593100000
"ALANKIT",199.4265,704.47,4,3,22513200000,26961600000
"ALBERTDAVD",257.9637,898.88,4,4,28954400000,97285300000
"ALKYLAMINE",2614.2056,11606.74,7,8,226378400000,20247000000000
"ALPA",36.8211,245.86,2,2,2907500000,20682000000
"AMBIKCO",480.9,979.09,5,4,69130000000,85250000000
"AMBUJACEM",42234.674,153772.8,10,10,415316000000000,566614100000000
"AMJLAND",94.3,223.41,2,2,10716000000,13965000000
"AMRUTANJAN",1377.6396,2335.98,7,5,34454000000,61946000000
"APOLLO",157.4941,3172.17,3,6,25261000000,44094200000
"APOLSINHOT",187.2288,458.97,3,3,8888900000,19146700000
"APTECHT",691.1559,1336.6,5,4,17178700000,47467600000
"ARMANFIN",578.6463,1781.38,5,5,53776100000,228089500000
"ARROWGREEN",61.0477,1273.42,2,4,-101506000,40650000000
"ARSSINFRA",49.6825,44.68,2,1,9885400000,-33488200000
"ASIANHOTNR",165.3524,356.09,3,2,-75556500000,-87304300000
"ASIANPAINT",176473.2094,313321.96,10,10,358325000000000,721477000000000
"ASTEC",958.7122,2353.23,6,5,61352500000,-61747900000
"ASTRAL",16994.6968,51051.22,9,9,3077000000000,7337000000000
"ATFL",1747.2762,2032.4,7,5,40630000000,11630000000
"ATLANTAA",54.605,456.48,2,3,NA,84014000000
"ATULAUTO",541.5582,1908.73,5,5,66880000000,10710000000
"AUBANK",25904.5595,52237.03,10,9,NA,NA
"AVANTIFEED",9550.8187,9086.9,9,7,484446300000,536641800000
"AXISNIFTY",7.8526,778.31,1,3,NA,NA
"BALKRISIND",20876.3233,57544.73,10,9,1139520000000,1941000000000
"BANCOINDIA",786.7052,4899.03,6,6,111470000000,362700000000
"BEDMUTHA",40.7225,690.58,2,3,-71024000000,20266100000
"BEML",4251.9035,16441.67,8,8,19360000000,381624700000
"BEPL",928.2421,4097.21,6,6,82611400000,241636100000
"BHAGERIA",496.2343,1082.59,5,4,78546200000,26262700000
"BHAGYANGR",79.3476,327.95,2,2,1172700000,55874100000
"BHARATWIRE",128.7882,1909.72,3,5,-82001700000,128886300000
"BHARTIARTL",240175.8146,876776.88,10,10,-32645000000000,175419000000000
"BHEL",16330.8771,91926.47,9,10,-68479000000000,17868000000000
"BLBLIMITED",26.1683,99.18,1,1,-2420000000,3500000000
"BLS",717.6623,18363.64,5,8,82642000000,352074000000
"BLUESTARCO",8191.4962,35447.99,9,9,21002000000000,55667000000000
"BSLGOLDETF",101.7876,818.33,3,3,NA,NA
"BVCL",28.5864,137.66,1,1,1403000000,12652200000
"CANFINHOME",4999.9374,11544.46,8,8,518286500000,957531500000
"CAPLIPOINT",2220.1147,15336.12,7,8,269462600000,56416000000000
"CARBORUNIV",6305.1067,28809.59,8,9,332770000000,606390000000
"CCL",2594.7096,10147.45,7,7,225315000000,276237600000
"CENTEXT",27.2,209.52,1,2,5380000000,10570000000
"CENTRUM",1015.1199,1523.93,6,4,-38614100000,-108954500000
"CENTUM",547.4743,2340.77,5,5,351730000000,127570000000
"CENTURYTEX",5950.5874,26583.57,8,9,28439000000000,47229000000000
"CERA",3453.0595,11951.1,8,8,134874800000,320405500000
"CEREBRAINT",299.3306,174.25,4,2,32229300000,-42612800000
"CHALET",7032.3185,19312.11,9,8,1050190000000,2693530000000
"CHOLAHLDNG",10474.4289,34139.82,9,9,180562000000000,519983000000000
"CIGNITITEC",773.2281,3742.98,6,6,130842900000,220375700000
"CIPLA",39021.4156,130307.87,10,10,217818000000000,589672000000000
"CONFIPET",781.7989,2814.82,6,5,68090000000,140280000000
"CONTROLPR",478.5192,1317.92,5,4,37050500000,74081000000
"CORDSCABLE",59.8556,271.48,2,2,10846900000,13752000000
"COSMOFIRST",541.4061,2065.98,5,5,NA,7239000000000
"CREDITACC",10977.8279,19259.73,9,8,46160000000000,193918000000000
"CTE",56.5373,194.82,2,2,5429800000,8040500000
"CUB",17861.8802,12347,9,8,NA,NA
"LTFOODS",782.0205,13959.57,6,8,NA,751661000000
"DABUR",86550.7894,114145.71,10,10,182765000000000,235925000000000
"DALMIASUG",1011.3366,3666.55,6,6,247470000000,36341000000000
"DATAMATICS",427.6774,3801.63,5,6,866880000000,25082000000000
"DGCONTENT",34.9122,228.09,2,2,-39520000000,12700000000
"DIAMONDYD",1946.3675,1969.56,7,5,33675500000,77411900000
"DLINKINDIA",376.3514,2311.19,4,5,44932300000,124188400000
"DNAMEDIA",5.8854,67.8,1,1,100000000,8766100000
"DONEAR",157.56,644.8,3,3,18460600000,47476400000
"DTIL",127.0698,264.68,3,2,-6140800000,-177140600000
"DVL",254.9802,1502.56,4,4,-4099800000,85177300000
"EDELWEISS",10164.405,11186.02,9,8,-245665000000000,43739000000000
"EICHERMOT",56300.1449,130124.03,10,10,232318000000000,475430000000000
"EIHAHOTELS",932.3253,2510.58,6,5,43001200000,108738400000
"ELECTCAST",699.2219,13018.97,5,8,114494000000,937303500000
"ELGIRUBCO",100.1,551.55,3,3,-22331600000,2738900000
"EMKAY",192.0284,461.99,3,3,-16810300000,42415300000
"EMMBI",196.4502,229.97,4,2,186645000000,98020000000
"EPL",5463.0221,8085.7,8,7,NA,3253000000000
"EUROTEXIND",9.7561,12.94,1,1,-21799600000,-6926900000
"EXCEL",9.4046,78.01,1,1,-2710800000,1150500000
"FCL",371.1855,4069.51,4,6,34583500000,157567400000
"FEDERALBNK",18130.4551,45029.39,9,9,NA,NA
"FINPIPE",7259.5798,19160.33,9,8,39226700000000,61233000000000
"FLEXITUFF",18.6621,240.66,1,2,-200902600000,-25623400000000
"FMNL",177.2367,81.6,3,1,38642500000,2638700000
"FORTIS",10829.8746,41220.71,9,9,165370000000,832440000000
"GALAXYSURF",5165.7574,10884.25,8,8,28884000000000,37547000000000
"GALLANTT",275.2761,9070.96,4,7,12890200000,311317400000
"GANDHITUBE",350.0945,1000.55,4,4,26027000000,73341100000
"ACLGATI",738.0229,1492.21,5,4,NA,-35550000000
"GENUSPAPER",133.7055,644.36,3,3,8579500000,2923100000
"GENUSPOWER",732.1863,12560.25,5,8,116775900000,139660300000
"GEPIL",4618.5273,2776.49,8,5,1403500000000,-1770813000000
"GESHIP",4945.4222,18488.35,8,8,23503000000000,269438000000000
"GFLLIMITED",1069.939,888.03,6,4,-277440000000,2196800000
"GMRINFRA",14456.0889,95928.3,9,10,-131417000000000,-97650000000000
"GOCLCORP",1378.1152,2344.78,7,5,52778000000,60969300000
"GODREJCP",78094.2902,147230.38,10,10,184064000000000,267509000000000
"GOODLUCK",143.7891,4000.65,3,6,44925300000,182419300000
"GRAPHITE",5861.2678,9864.51,8,7,2600000000000,6400000000000
"GREENPOWER",153.8984,2346.05,3,5,37046600000,33830000000
"GROBTEA",57.0704,120.88,2,1,2841500000,130500000
"GSFC",3337.2493,9252.65,8,7,137980000000,695380000000
"GSPL",13475.473,25163.83,9,9,2443662800000,2873576400000
"GSS",66.9005,206.53,2,2,6832900000,8729400000
"GTPL",888.458,1866.89,6,5,2258050000000,1510420000000
"GUJGASLTD",18383.4583,45953.48,9,9,120801000000000,147888000000000
"GUJRAFFIA",4.0804,27.22,1,1,553200000,666500000
"GULFOILLUB",4038.3696,6829.81,8,7,264540300000,412479700000
"HAL",28690.4475,314524.88,10,10,3843050000000,10198380000000
"HATHWAY",3832.2762,3646.42,8,6,8361000000000,10519000000000
"HAVELLS",40264.1543,117265.21,10,10,90437000000000,170737000000000
"HAVISHA",9.9798,34.85,1,1,-783900000,-3972300000
"HCL-INSYS",248.5535,524.1,4,3,-240340000000,-27780000000
"HDFCLIFE",124386.553,159177.76,10,10,NA,NA
"HEG",4120.0703,7645.58,8,7,2928700000000,31371500000000
"HEIDELBERG",4408.7582,5268.75,8,7,3980600000000,2268100000000
"HESTERBIO",1276.0298,2045.9,6,5,413262000000,273440000000
"HIKAL",1609.0748,4266.21,7,6,141970000000,95500000000
"HIL",1058.9277,2112.96,6,5,126280000000,-1090000000
"HINDNATGLS",295.9745,187.26,4,2,-103110000000,264068200000
"HINDOILEXP",1322.4329,3241.21,7,6,110573700000,215662900000
"HIRECT",424.7767,1556.12,5,4,26240700000,24681200000
"HOVS",64.2038,112.11,2,1,2264100000,3656300000
"HTMEDIA",400.3271,571.86,4,3,95200000000,-78670000000
"HUBTOWN",98.9208,2094.32,2,5,-29060000000,-75270000000
"SAMMAANCAP",13295.4164,8020.84,9,7,256089000000000,164869000000000
"PVTBANIETF",804.8279,2440.14,6,5,NA,NA
"ICIL",1198.216,8252.92,6,7,15514000000000,450311400000
"IDEA",17241.2335,91161.34,9,10,-237966000000000,-311598000000000
"IFBIND",2706.6556,7775.56,7,7,25270000000,9715000000000
"IFCI",1144.7953,18532.97,6,8,-9028000000000,74779000000000
"IIFL",4679.6312,19809.99,8,8,725184300000,257190800000000
"IMFA",627.4863,3453.06,5,6,-9049000000000,51612000000000
"IMPEXFERRO",3.5173,31.66,1,1,-25048100000,NA
"INDIANB",6017.9937,70452.95,8,10,NA,NA
"INDIANCARD",54.0218,168.52,2,1,-7384300000,7520200000
"INDIANHUME",1232.0115,2923.05,6,6,100359300000,103493800000
"INDORAMA",658.0051,1263.79,5,4,-18044000000000,-20344000000000
"INDSWFTLAB",117.4959,862.37,3,3,-19771200000,195167200000
"INDTERRAIN",262.1744,266.64,4,2,-1150000000000,-1016000000000
"INDUSINDBK",96960.5243,110013.44,10,10,NA,NA
"INFIBEAM",3961.7327,8426.68,8,7,700000000000,2095900000000
"INSPIRISYS",158.0713,557.21,3,3,5530000000,20430000000
"IOC",118383.0484,249352.83,10,10,276100000000000,5574186000000000
"IRCTC",15744,74724,9,10,744236200000,1554572700000
"ITI",8916.18,27856.11,9,9,150860000000,-569060000000
"IVC",109.9115,386.26,3,2,-6558800000,15601500000
"IZMO",33.9093,559.56,2,3,11931800000,26830800000
"JAGSNPHARM",71.7825,1087.78,2,4,9414800000,298690000000
"JASH",152.6921,2590.1,3,5,27743500000,83225800000
"JAYAGROGN",398.4,915.6,4,4,-61145400000,73281400000
"JAYBARMARU",506.61,1136.3,5,4,42138800000,46370000000
"JBCHEPHARM",3555.7493,29832.06,8,9,358892300000,751510000000
"JHS",71.2967,234.8,2,2,4793900000,-3428600000
"JINDALPOLY",1015.188,3504.45,6,6,564770000000,91560000000
"JINDALSAW",3186.3498,22126.98,8,9,59236000000000,221648000000000
"JINDRILL",274.7409,1912.75,4,5,33410000000,151650000000
"JSWSTEEL",68310.6296,227671.76,10,10,390800000000000,1296300000000000
"JUNIORBEES",239.5917,5532.03,4,7,NA,NA
"JUSTDIAL",3771.6452,10587.09,8,8,351650000000,4665700000000
"KBCGLOBAL",162.6675,306.06,3,2,NA,-36561500000
"KAUSHALYA",2.0778,33.23,1,1,-5119800000,13830400000
"KCP",897.2913,3194.67,6,6,45096700000,29353300000000
"KHADIM",325.25,674.49,4,3,-340820000000,82190000000
"KIRIINDUS",1356.5931,1998.21,7,5,142109900000,-74938900000
"3MINDIA",24909.3228,39568.61,10,9,432565800000,781214200000
"A2ZINFRA",135.6123,302.93,3,2,-74834400000,-28008100000
"ABAN",156.4191,459.34,3,3,-93998770000000,-12955710000000
"ABCAPITAL",25642.0908,56381.22,10,9,103881000000000,427845000000000
"ABFRL",17825.0532,31512.63,9,9,-3289000000000,-82890000000000
"ACC",28771.8255,45662.35,10,9,187593000000000,251681100000000
"ADANIPORTS",79350.065,311492.04,10,10,430694000000000,1062912000000000
"ADANIPOWER",24356.5694,245359.17,10,10,-126193000000000,2079151000000000
"ADFFOODS",608.8909,2927.32,5,6,55313000000,98071300000
"ADORWELD",451.1971,1856.19,5,5,33720000000,85550000000
"ADSL",96.9921,1624.72,2,4,24040000000,62960000000
"ADVANIHOTR",249.1218,747.09,4,3,14051700000,33494100000
"AGRITECH",29.7,125.33,1,1,469100000,9744300000
"AGROPHOS",87.8883,90.4,2,1,4470000000,-7181700000
"AIAENG",15408.1756,41029.36,9,9,718724300000,1486506900000
"AJMERA",512.7564,2448.46,5,5,42660000000,138810000000
"AKSHOPTFBR",116.329,143.5,3,1,-47293700000,-19451000000
"ALEMBICLTD",1446.9656,4105.94,7,6,93165100000,102686200000
"ALLSEC",457.0736,1683.38,5,4,57200000000,85100000000
"APARINDS",1676.5482,35924.53,7,9,16941000000000,110646000000000
"APLLTD",10632.2975,21759.54,9,8,104347500000000,63280500000000
"ARIES",97.8577,370.49,2,2,16118500000,28383100000
"ASAHIINDIA",5928.9634,16675.97,8,8,164480000000,434490000000
"ASAL",56.4773,1265.98,2,4,-37893700000,20170100000
"ASHOKLEY",24306.1658,72764.67,10,10,78955000000000,417391000000000
"ASIANTILES",628.0754,1107.88,5,4,54650800000,-14934600000
"ATUL",12802.004,23188.33,9,9,84044000000000,44092000000000
"BAGFILMS",37.5721,204.47,2,2,-10654600000,8421400000
"BAJAJHLDNG",37984.475,118838.1,10,10,25586000000000,153721000000000
"BALAMINES",1377.6905,7228.66,7,7,131103600000,301555500000
"BALPHARMA",66.681,211.78,2,2,-13529300000,9047300000
"BANARBEADS",22.0323,69.65,1,1,3232600000,3686200000
"BANARISUG",1774.3676,4388.9,7,6,126043800000,223860800000
"BANG",32.0016,76.94,1,1,1438500000,-8459000000
"BATAINDIA",23010.9281,18069.04,10,8,4872360000000,3915320000000
"BBTC",7821.43,18352.45,9,8,1751775400000,2820522700000
"BEARDSELL",29.0825,137.4,1,1,580000000,12370000000
"BFINVEST",1285.0311,2216.74,6,5,153860000000,360670000000
"BOMDYEING",1828.8665,4306.25,7,6,-20907000000000,-29597000000000
"BPCL",101519.2173,152823.86,10,10,356125000000000,3539661000000000
"BSOFT",2008.5925,18042.45,7,8,3362040000000,8347590000000
"CANTABIL",465.3368,2007.31,5,5,24006100000,75304500000
"CCHHL",52.3087,362.89,2,2,-87142300000,-3788400000
"CDSL",2894.1275,29299.71,8,9,136447800000,557094700000
"CEATLTD",4097.5943,11576.82,8,8,316910000000,894070000000
"JWL",145.8567,23249.76,3,9,NA,443684500000
"CELEBRITY",32.2434,91.73,1,1,120000000000,180000000000
"CESC",9954.3711,24920.72,9,9,160000000000000,168300000000000
"CINEVISTA",45.662,130.38,2,1,-3043400000,-6583100000
"COALINDIA",130896.3497,301203.35,10,10,2407249000000000,4838578000000000
"CONSOFINVT",121.8704,740.27,3,3,20990000000,50900000000
"COUNCODOS",12.4156,60.91,1,1,843500000,1947200000
"CPSEETF",36871.8394,43703.07,10,9,NA,NA
"CREST",290.1877,1325.77,4,4,15071700000,81225900000
"CYBERMEDIA",3.0238,42.3,1,1,-475600000,6409400000
"DAMODARIND",62.3045,112.77,2,1,-11164800000,6233000000
"DBCORP",2512.2411,5843.57,7,7,3481630000000,5654900000000
"DCBBANK",6001.1187,3789.53,8,6,NA,NA
"DCW",356.8947,2711,4,5,-39658400000,26493800000
"DEN",2648.5923,2427.64,7,5,1087080000000,2462940000000
"DENORA",124.1955,849.38,3,3,10353200000,25224700000
"DHANBANK",376.988,969.8,4,4,NA,NA
"DICIND",311.1673,671.9,4,3,13252400000,NA
"DIGISPICE",116.2301,809.55,3,3,-6257800000,31268400000
"EBBETF0430",5361.5702,19412.81,8,8,NA,NA
"EIDPARRY",4115.1333,14945.21,8,8,126857000000000,220315000000000
"EKC",353.4542,2109.28,4,5,15810000000,120340000000
"ELGIEQUIP",4224.3972,22351.59,8,9,683210000000,4349910000000
"EMAMIPAP",657.6247,756.24,5,3,2248000000000,11215000000000
"ENDURANCE",14699.2676,35478.69,9,9,7465460000000,8969480000000
"ENIL",1287.1012,996.07,6,4,15080500000,38390200000
"EROSMEDIA",142.4744,171.59,3,2,-61940000000,NA
"ESABINDIA",2024.1821,9475.25,7,7,97240000000,219960000000
"ESCORTS",8296.0031,40762.81,9,9,63555000000000,138465000000000
"ESSARSHPNG",140.7437,933.46,3,4,-19408000000000,-11808000000000
"EVEREADY",403.4143,3314.54,5,6,68395400000,8063500000000
"FINEORG",6294.4931,16645.3,8,8,221182400000,547324100000
"FOSECOIND",906.8772,3075.08,6,6,21088500000,NA
"GANESHHOUC",211.1842,6754.35,4,7,-132361300000,619741700000
"GANGESSECU",44.5164,180.12,2,2,8710000000,5909300000
"GARFIBRES",2808.6718,7583.02,7,7,178863100000,271714100000
"GENESYS",207.0824,3206.98,4,6,-6625800000,37175500000
"GHCL",1885.6951,6279.6,7,7,49460000000000,77217000000000
"GICHSGFIN",851.6546,1270.35,6,4,112270000000,204160000000
"GILLETTE",21007.6894,29473.33,10,9,313970000000,562250000000
"GLOBALVECT",91.7,402.78,2,2,2540000000,2337000000
"GMBREW",721.1403,1937.42,5,5,90790000000,181210000000
"GOKUL",157.6145,496.95,3,3,26573000000,21034100000
"GOLDIAM",354.8246,3544,4,6,62003000000,122094800000
"GOLDSHARE",476.1722,1366.46,5,4,NA,NA
"GPIL",873.8589,12442.93,6,8,28007000000000,122505200000000
"GPTINFRA",118.9617,2021.08,3,5,18867200000,79115700000
"GRANULES",3497.1752,16651.94,8,8,397896200000,5472290000000
"GRASIM",50512.3804,177552.34,10,10,746671000000000,1418049000000000
"GRAVITA",383.8508,15429.97,4,8,52169800000,27415000000000
"GREENLAM",2271.2328,7119.26,7,7,108334900000,184938800000
"GRPLTD",114,1860.8,3,5,-2254100000,32577300000
"GRSE",2553.9368,20951.56,7,8,234478000000,480920900000
"GUFICBIO",512.5106,3940.91,5,6,30330100000,115671500000
"GUJALKALI",3101.9758,5800.71,8,7,491620000000,-195880000000
"GUJAPOLLO",169.4797,436.95,3,3,16498200000,13594500000
"HDFCAMC",68105.0511,94292.04,10,10,165305000000000,247502000000000
"HDFCBANK",703825.3634,1248818.46,10,10,NA,NA
"HERCULES",312,1872,4,5,15989100000,46630200000
"HFCL",2305.4571,22072.89,7,9,35940000000000,45309000000000
"HGS",1303.0775,4098.44,6,6,338421400000,110483300000
"HITECHGEAR",393.7526,1678.77,4,4,189820000000,609250000000
"HMVL",550.4533,666.73,5,3,167850000000,-8100000000
"HNGSNGBEES",13.4762,548.31,1,3,NA,NA
"HONAUT",24225.773,43588.71,10,9,686550000000,6749329000000
"HUDCO",8097.6855,51128.53,9,9,217453000000000,284344000000000
"BSE500IETF",65.7408,289.94,2,2,NA,NA
"ICICIB22",8221.8615,20013.47,9,8,NA,NA
"ICICIBANK",346441.688,851909.03,10,10,NA,NA
"ICICIGI",61814.6506,111229.84,10,10,NA,NA
"IDFNIFTYET",1.125,3.96,1,1,NA,NA
"IGL",31335.5358,37957.54,10,9,140245000000000,220148000000000
"IGPL",550.4579,2026.3,5,5,32191900000,53408900000
"360ONE",10261.0665,39449.52,9,9,NA,100854000000000
"IMPAL",725.0256,1799.62,5,5,NA,9102000000000
"INDIAGLYCO",739.9799,4008.9,5,6,174320000000,20665000000000
"INDOSTAR",1780.7611,3335.88,7,6,-436670000000,129640000000
"INDOTHAI",25.7,536.9,1,3,-13605200000,19662900000
"INDOWIND",30.5121,309.77,1,2,-5577300000,6610200000
"INDRAMEDCO",410.695,4309.55,5,6,481920000000,16611000000000
"INDSWFTLTD",17.3327,129.29,1,1,-23060900000,16463500000
"INDUSTOWER",45694.5717,114130.58,10,10,NA,81224000000000
"INGERRAND",2023.5088,13605.81,7,8,114030000000,298040000000
"IOLCP",1000.3667,2734.5,6,5,53324000000000,18165000000000
"IPCALAB",15718.2024,36066.59,9,9,74670000000000,95042000000000
"IRCON",4260.5363,23254.25,8,9,64155000000000,121491000000000
"ISFT",104.5949,287,3,2,2132300000,13987400000
"ITDC",2847.9729,6055.75,8,7,35233000000,107960700000
"IVP",56.9493,215.82,2,2,-12830000000,16630000000
"JAGRAN",1885.1792,2335.43,7,5,285768900000,222421400000
"JAYNECOIND",287.3849,4689.92,4,6,-935720000000,309900000000
"JAYSREETEA",156.2272,386.96,3,2,-56210000000,-24610000000
"JKCEMENT",10137.5945,36316.08,9,9,734446900000,117911000000000
"JKTYRE",1913.2139,10823.94,7,8,8913000000000,123827000000000
"JMFINANCIL",8870.1261,11985.15,9,8,109352000000000,120023000000000
"JOCIL",96.9822,197.56,2,2,17648200000,2646500000
"JSL",2229.0983,60114.84,7,10,16868000000000,349332000000000
"JUBLFOOD",23186.9603,42626,10,9,427696000000,2996420000000
"KABRAEXTRU",242.9362,1395.42,4,4,6289800000,42105900000
"KAMATHOTEL",97.1663,549.32,2,3,9333200000,23561100000
"KAVVERITEL",3.723,80.78,1,1,-16359500000,-1345500000
"KAYA",511.4592,632.36,5,3,NA,-128658700000
"KDDL",378.0923,4067.67,4,6,5450000000,185500000000
"KEC",8334.805,25580.29,9,9,79027000000000,42648700000000
"KEI",4181.9334,39886.72,8,9,3278680000000,7812880000000
"KELLTONTEC",156.6215,1443.04,3,4,87075000000,71906500000
"KESORAMIND",812.7635,6567.55,6,7,-18753000000000,-22461000000000
"KEYFINSERV",19.1952,190.27,1,2,-4360500000,35486900000
"KHAITANLTD",10.64,53.44,1,1,-4905400000,1340000000
"KICL",790.1204,2579.02,6,5,368020000000,694340000000
"KIRLOSBROS",1228.4561,13123.52,6,8,1213000000000,4740000000000
"KIRLOSENG",2140.2851,19220.49,7,8,22825000000000,60920000000000
"KIRLOSIND",652.4192,5505.54,5,7,199910000000,61938000000000
"KOHINOOR",32.0698,147.95,1,1,-18890000000,-8876400000
"KOPRAN",149.2215,1624.76,3,4,28837800000,67544700000
"KREBSBIO",149.509,175.72,3,2,-28872100000,-19728400000
"LALPATHLAB",13584.6824,28185.42,9,9,3105000000000,5055000000000
"LAOPALA",1873.68,3779.55,7,6,104648800000,151761100000
"LIBERTSHOE",261.138,794.06,4,3,13385100000,20191600000
"LICNETFSEN",493.7054,846.31,5,3,NA,NA
"LINCOLN",401.3,1550.3,4,4,64046700000,122242600000
"LUPIN",34149.1693,102858.99,10,10,15053600000000,24222700000000
"M&M",70774.9515,335678.17,10,10,NA,NA
"M&MFIN",21807.1031,40278.28,10,9,NA,NA
"MOM50",37.5062,44.09,2,1,NA,NA
"MAGADSUGAR",180.7956,1182.85,3,4,91700200000,156592400000
"MAGNUM",14.6647,336.04,1,2,-8890000000,4809300000
"MAHABANK",7654.0177,42693.6,9,9,NA,NA
"MAHAPEXLTD",138.671,236.29,3,2,-1268700000,6884200000
"MAHLIFE",2110.8647,8651.45,7,7,-37170000000,-125190000000
"MANAKSIA",233.9566,617.99,4,3,87647200000,137243200000
"MANAKSTEEL",90.437,353.88,2,2,10528000000,37885600000
"MANINDS",329.4846,2550.57,4,5,67760000000,144300000000
"MARICO",44518.2176,86342.89,10,10,140300000000000,193700000000000
"MAWANASUG",164.2908,465.49,3,3,-101790000000,5319000000000
"MAYURUNIQ",1081.0633,2786.38,6,5,103555100000,158819700000
"MAZDA",188.215,528.24,3,3,22425500000,41790000000
"UMESLTD",0,17.54,1,1,70500000,340200000
"AARVEEDEN",33.5475,103.18,2,1,-55525400000,-72964800000
"ABSLBANETF",139.2831,2664.06,3,5,NA,NA
"ACE",979.9274,15040.8,6,8,68029400000,433940000000
"ATGL",19180.6878,90954.29,9,10,NA,87841000000000
"ADVENZYMES",1961.0389,5121.54,7,6,1791570000000,2029530000000
"BBOX",545.5372,8879.41,5,7,NA,19605000000000
"AHLEAST",205.1948,235.17,4,2,761700000,34381500000
"ALKALI",45.3122,135.22,2,1,1331700000,1959800000
"ALLCARGO",2601.9156,6614.12,7,7,244660000000,15430000000
"ALMONDZ",28.9912,526.52,1,3,-480000000,12070000000
"ANDHRSUGAR",970.4334,1535.75,6,4,226292500000,73466700000
"ANTGRAPHIC",7.2186,30.69,1,1,42200000,-465100000
"ANUP",529.151,4505.94,5,6,63002300000,116175900000
"APCL",388.1354,536.06,4,3,63560000000,-50380000000
"APCOTEXIND",821.2242,2275.99,6,5,24603800000,74517900000
"APEX",1348.4375,816.41,7,3,80760400000,19557200000
"APLAPOLLO",4787.0728,39241.97,8,9,29634000000000,97772000000000
"APOLLOHOSP",21117.1123,99313.5,10,10,461800000000,13606000000000
"APOLLOTYRE",10048.0579,32199.62,9,9,5434380000000,26171470000000
"ARCHIDPLY",66.857,258.25,2,2,6450000000,12317300000
"AROGRANITE",63.7245,88.43,2,1,5173400000,3402400000
"ARVIND",1123.0491,10343.59,6,8,22029000000000,46092000000000
"ARVINDFASN",2346.8812,7490.28,7,7,-43573000000000,17001000000000
"ASHAPURMIN",303.1466,2861.69,4,5,-100729100000,159629300000
"ASTERDM",8119.0034,20559.96,9,8,34987000000000,27253000000000
"ASTRAZEN",6353,17162.5,8,8,113960400000,203108800000
"AUSOMENT",49.0448,126.15,2,1,25795200000,10292600000
"AUTOIND",68.7852,540.34,2,3,-62370000000,16250000000
"AYMSYNTEX",154.0973,820.32,3,3,14630000000,7920000000
"BAJAJCON",3503.9407,3686.72,8,6,224988400000,189044300000
"BAJAJELEC",3892.2898,11565.93,8,8,10010000000,173100000000
"BAJFINANCE",253084.7325,452786.52,10,10,732213000000000,1930193000000000
"BALMLAWRIE",2170.0388,4728.26,7,6,173441500000,274489400000
"BALRAMCHIN",4141.5,11469.44,8,8,560253600000,716110300000
"BANDHANBNK",79086.9104,31658.8,10,9,NA,NA
"BANKBEES",7447.6277,6676.2,9,7,NA,NA
"BANKINDIA",22594.3865,52851.92,10,9,NA,NA
"BANSWRAS",196.8345,510.02,4,3,57124100000,45718900000
"BASF",4278.7855,29051.59,8,9,371100000000,7588700000000
"BAYERCROP",19942.6839,31752.96,9,9,NA,NA
"BBL",513.4442,5685.47,5,7,68920000000,174070000000
"BEL",25389.2985,207634.27,10,10,2478400000000,5266210000000
"BERGEPAINT",52912.0536,69370.69,10,10,89146000000000,151587000000000
"BHANDARI",19.0485,173.32,1,2,6261900000,8735300000
"BHARATFORG",24577.0314,72271,10,10,5835280000000,14460000000000
"BIGBLOC",49.5515,1754.76,2,5,1455400000,41111900000
"BIL",223.7037,644.66,4,3,29102800000,18471600000
"BIRLACABLE",191.4,789.3,3,3,303500000,29785800000
"BIRLAMONEY",223.7979,881.54,4,4,16501500000,68930500000
"BLISSGVS",1531.2123,1354.06,7,4,142346100000,146068100000
"BLUEDART",6181.1268,19361.99,8,8,24990000000,392700000000
"BPL",108.0354,572.48,3,3,-12307900000,16870400000
"BROOKS",62.9496,341.21,2,2,-13513700000,1554600000
"BSE",2422.7574,38365.66,7,9,76800000000,517080000000
"CALSOFT",18.9803,39.08,1,1,85300000,849200000
"CAMLINFINE",1007.6207,1783.82,6,5,58201700000,-49439500000
"CANBK",22484.8429,93908.45,10,10,NA,NA
"CAPACITE",1325.242,3205.65,7,6,103384600000,166379100000
"CAPTRUST",282.0708,301.07,4,2,13630800000,2881200000
"CARERATING",1764.4321,2983.99,7,6,104092600000,146629500000
"CASTROLIND",13145.0043,26177.12,9,9,78530000000000,NA
"CHAMBLFERT",7287.7683,20024.6,9,8,121948000000000,180654000000000
"CHEMFAB",246.9005,1414.81,4,4,29922300000,39146500000
"CHOLAFIN",26032.5649,127510.02,10,10,1588220000000,460531000000000
"CINELINE",112.7,424.9,3,3,9625200000,-3746700000
"COCHINSHIP",5349.09,49011.95,8,9,857720000000,1070937600000
"CONCOR",33937.6952,57334.6,10,9,135678000000000,163849000000000
"CORALFINAC",57.3609,272.97,2,2,9685800000,23578800000
"CREATIVE",124.12,1117.52,3,4,11164600000,58225200000
"CUBEXTUB",18.9726,155.79,1,1,761200000,5294700000
"DALBHARAT",16108.18,35165.18,9,9,35700000000000,107000000000000
"DBL",5756.6395,7976.03,8,7,499091700000,174066700000
"DBREALTY",262.7195,10176.46,4,7,-368994500000,1298496700000
"DCM",46.9745,185.84,2,2,-22990000000,8100000000
"DCMSHRIRAM",6424.8226,17621.48,8,8,91201000000000,69874000000000
"DECCANCE",496.9161,894.38,5,4,60164400000,69802000000
"DEEPAKFERT",1066.9489,13254.97,6,8,103250000000,671960000000
"DEEPAKNTR",5320.6925,40031.36,8,9,80640000000000,102189000000000
"DELTAMAGNT",25.1722,96.03,1,1,-12023500000,-10400100000
"DHANUKA",2124.6101,7269.74,7,7,180525500000,318754200000
"DISHTV",2338.3916,2555.66,7,5,128150000000,34050000000
"DIVISLAB",49616.0776,135954.42,10,10,1819460000000,216300000000000
"DIXON",4765.7411,72390.31,8,10,156770000000,483590000000
"DMART",121160.5154,345526.24,10,10,174477000000000,346133000000000
"DOLATALGO",1020.8,2995.7,6,6,NA,2195468000000
"DREDGECORP",979.72,2590,6,5,13415600000,38317500000
"DSSL",23.3914,1932.52,1,5,7565500000,72067200000
"DUCON",54.4311,342.8,2,2,1102000000,10787300000
"DYNAMATECH",634.7784,5421.78,5,7,29750000000,54980000000
"EIMCOELECO",207.2292,1770.72,4,5,10201600000,48070800000
"EMAMILTD",14074.2621,36316.8,9,9,390270000000,800450000000
"ENERGYDEV",29.2125,125.78,1,1,-14360300000,-2225600000
"ERIS",7054.7649,19639.28,9,8,3313500000000,4312390000000
"ESTER",331.4902,1305.58,4,4,138566400000,-135000800000
"EXCELINDUS",1117.5345,1953.36,6,5,114905900000,22650400000
"EXIDEIND",16524,41169.75,9,9,99358000000000,123062000000000
"FACT",1671.4409,63005.4,7,10,3350000000,289090000000
"FCSSOFT",42.7388,618.86,2,3,-19923500000,6453300000
"FDC",3922.1225,9294.83,8,7,320967000000,396218600000
"FIEMIND",657.9915,4276.94,5,6,87735900000,223061200000
"FILATEX",908.3975,2809.16,6,5,121990000000,150430000000
"FLUOROCHEM",6447.0965,41579.32,9,9,358130000000,595090000000
"GEECEE",173.6719,812.84,3,3,19869200000,43383000000
"GEOJITFSL",698.2183,3871.27,5,6,74110000000,191974900000
"GET&D",4046.8155,40429.75,8,9,NA,NA
"GICRE",46491.6,67623.35,10,10,NA,NA
"GILLANDERS",66.0546,189.84,2,2,-22061700000,-46023300000
"GIPCL",1172.1967,3538.98,6,6,305379900000,252516900000
"GKWLIMITED",425.2623,1968.95,5,5,1537200000,19086700000
"GLFL",2.1701,20.75,1,1,371300000,86800000
"GLOBUSSPR",402.4698,3161.59,5,6,66902000000,90710400000
"GMDCLTD",2125.83,11738.97,7,8,260391400000,814730900000
"GMMPFAUDLR",2923.4269,6347.96,8,7,922880000000,25540000000000
"GNA",636.6638,1868.13,5,5,69841200000,134786700000
"GNFC",3101.3818,9977.27,8,7,42483000000000,65100000000000
"GODREJAGRO",10936.7861,14996.33,9,8,34561000000000,42061000000000
"GOKEX",337.6409,6598.11,4,7,10447700000,158994200000
"GOLDTECH",18.2186,386.45,1,2,710000000,-16430000000
"GREAVESCOT",3294.6968,3839.43,8,6,16428000000000,6263000000000
"GREENPANEL",564.086,4868.31,5,6,22547800000,183174800000
"GREENPLY",1983.4981,4776.63,7,6,111158500000,102779100000
"GRINDWELL",6655.9328,27237.12,9,9,242630000000,509110000000
"GTL",22.808,214.08,1,2,-230516300000,37606100000
"GULFPETRO",227.3903,402.22,4,2,18725500000,37157300000
"GVKPIL",623.5551,987.01,5,4,-1487270000000,240880000000
"HATSUN",9146.8369,27824.6,9,9,156393400000,357891800000
"HCC",1694.5916,7794.65,7,7,-4701000000000,-11451000000000
"HGINFRA",1785.6884,9743.08,7,7,2337910000000,7217550000000
"HIMATSEIDE",1322.2797,1403.41,7,4,158380000000,162762400000
"HINDCOMPOS",290.9493,865.68,4,3,10310000000,42600000000
"HINDCOPPER",4330.0202,30006.76,8,9,-53757000000000,41075000000000
"HINDMOTORS",118.9358,615.54,3,3,-840000000,25290000000
"HISARMETAL",33.426,100.49,1,1,5020000000,8360000000
"HITECH",179.2434,3000.85,3,6,1637000000000,58687200000
"HITECHCORP",151.6614,386.66,3,2,6806100000,30021300000
"HLVLTD",365.72,1356.1,4,4,-43280000000,23800000000
"HPL",305.7488,3813.02,4,6,30617700000,68099400000
"EMBDL",4544.3654,8185.02,8,7,458565500000,-3937200000000
"NEXT50IETF",44.5066,891.21,2,4,NA,NA
"IDFC",6425.3422,17799.83,9,8,8834000000000,4034000000000
"IFGLEXPOR",575.1874,2232.09,5,5,50580000000,97830000000
"IGARASHI",1032.6963,2218.99,6,5,32455800000,13879100000
"IITL",141.5986,579.36,3,3,-23057400000,54000700000
"INDBANK",38.8309,215.23,2,2,2940000000,11652600000
"INDIGO",55872.4197,185169.76,10,10,-2556690000000,80493090000000
"INDOCO",1905.6693,3409.36,7,6,28580000000,124270000000
"INDOTECH",119.0502,2270.56,3,5,100000000,57280000000
"INFY",326339.2978,790566.44,10,10,2200700000000000,3598800000000000
"INOXWIND",996.4128,29322.33,6,9,-430048300000,-33510000000
"INSECTICID",1132.4919,2815.05,6,5,110461100000,131881500000
"INTELLECT",2108.9592,13735.91,7,8,109800000000,4584700000000
"IOB",14410.281,109690.7,9,10,NA,NA
"IRB",3184.137,37381.41,8,9,1133687200000,1266287800000
"ITC",297284.8962,628338.09,10,10,2015846000000000,2711984000000000
"JAIBALAJI",298.2366,20343.33,4,8,-108571500000,963211000000
"JAMNAAUTO",1791.0952,4879.13,7,6,71641200000,283262700000
"JCHAC",5410.714,5845.22,8,7,1190600000000,-721600000000
"JINDALPHOT",14.3104,834.1,1,3,-4660000000,15330000000
"JINDALSTEL",18395.988,97311.3,9,10,-13645000000000,624137000000000
"JISLDVREQS",16.0143,74.09,1,1,-1019950000000,127660000000
"JKIL",1165.2488,5999.9,6,7,233267500000,440582200000
"JKLAKSHMI",4027.258,9233.57,8,7,39925000000000,72388000000000
"JPOLYINVST",15.0321,866.92,1,3,-109626300000,34244300000
"JPPOWER",1139.2406,12027.82,6,8,-114150000000,1710320000000
"JSWHL",2601.2526,8285.87,7,7,115455900000,157489800000
"JUBLINDS",181.3192,2814.01,3,5,17290000000,74370000000
"JYOTHYLAB",5829.4372,20078.97,8,8,185280000000,478840000000
"KAMDHENU",238.51,1711.45,4,4,24740900000,66921200000
"KARMAENG",16.2557,93.95,1,1,162600000,-29700000
"KCPSUGIND",174.0461,682.58,3,3,-10754100000,70818200000
"KILITCH",195.6284,550.02,4,3,1607300000,19354500000
"KOKUYOCMLN",839.5429,2110.39,6,5,8784500000,59382300000
"NIFTY1",230.2673,2564.68,4,5,NA,NA
"PSUBANK",8.4645,1393.03,1,4,NA,NA
"KOTHARIPET",98.5677,1488.81,2,4,22903100000,95492700000
"KSCL",3113.5288,5730.31,8,7,272653300000,320773500000
"LAMBODHARA",32.8033,191.99,1,2,8802400000,7872300000
"LAURUSLABS",4356.7658,26014.44,8,9,2936110000000,23636000000000
"LGBBROSLTD",1043.7978,4457.72,6,6,96012700000,357906700000
"LINDEINDIA",6044.9457,62948.28,8,10,2252420000000,5711220000000
"5PAISA",532.8654,1617.2,5,4,-9650600000,72126700000
"AARTIIND",14862.2006,21992.11,9,9,676180000000,39543000000000
"ACCELYA",1541.8828,2675.98,7,5,120336400000,169772800000
"AEGISLOG",7124.5083,28694.25,9,9,NA,NA
"AFFLE",3939.1887,22797.13,8,9,792250000000,3267960000000
"AHLUCONT",2009.2919,7958.12,7,7,96545300000,310149100000
"AIRAN",168.777,509.96,3,3,8037300000,16871300000
"AJANTPHARM",9446.0325,41345.9,9,9,61659000000000,111393000000000
"AKSHARCHEM",204.2445,278.35,4,2,19109600000,-15561900000
"AKZOINDIA",8992.6181,17123.16,9,8,3283900000000,5730004000000
"ALICON",570.29,2344.96,5,5,25317400000,80897600000
"ALKEM",28109.7315,75744.43,10,10,12597900000000,21446200000000
"ALPHAGEO",117.0481,273.05,3,2,-7710800000,11763500000
"ALPSINDUS",6.4538,14.82,1,1,-121627500000,-56245700000
"AMBER",4103.7735,15182.53,8,8,190743300000,193676400000
"AMDIND",31.0501,146.72,1,1,1136700000,-1997500000
"ANANTRAJ",1153.8267,21043.38,6,8,2905000000000,31858000000000
"ANIKINDS",24.8394,237.65,1,2,-58196100000,10859100000
"APOLLOPIPE",517.8869,2651.15,5,5,37716700000,64825800000
"ARCHIES",59.4528,104.72,2,1,-10219100000,-8619200000
"ARENTERP",2.9373,16.1,1,1,-7833600000,902700000
"ARIHANTSUP",115.6596,1378.86,3,4,15579400000,86202700000
"ARVSMART",332.4257,3484.92,4,6,65549800000,75712900000
"ASAHISONG",189.4224,614.06,3,3,23267900000,-7699800000
"ASHIANA",1161.6963,3272.08,6,6,-22000000000,107770000000
"ASHIMASYN",114.3239,603.54,3,3,-3370000000,61436700000
"ASHOKA",2998.124,7607.04,8,7,314579500000,781306300000
"ASPINWALL",123.529,234.71,3,2,-600000000,9550000000
"ASTRAMICRO",773.0092,8230.78,6,7,60428000000,146986600000
"ASTRON",183.21,108.39,3,1,19798900000,-15614900000
"AURIONPRO",140.335,10490.57,3,8,33870700000,168775200000
"AUROPHARMA",28456.1085,89324.39,10,10,3784320000000,45890100000000
"AUTOAXLES",1311.795,2992.17,6,6,619780000000,2229647000000
"AVADHSUGAR",635.3847,1447.03,5,4,106162900000,196664500000
"AVTNPL",520.8113,1355.63,5,4,44794500000,71071100000
"AXISBANK",210140.8226,358313.74,10,10,NA,NA
"AXISCADES",204.6567,2383.5,4,5,38228200000,53024100000
"AXISGOLD",141.3681,1008.2,3,4,NA,NA
"BAJAJ-AUTO",90470.5988,302742.53,10,10,637062000000000,977245000000000
"BAJAJFINSV",152549.0062,296548.05,10,10,830100000000000,2136694000000000
"BAJAJHIND",770.8208,5007.25,6,6,-5236000000000,-9505000000000
"BALAJITELE",533.4631,687.86,5,3,-22168300000,33277400000
"BALAXI",69,585.2,2,3,88737000,40308700000
"BALKRISHNA",20.889,87.31,1,1,-32701900000,-21051400000
"BANKBARODA",45304.6554,122044.15,10,10,NA,NA
"BASML",207.9564,406.82,4,2,10035200000,-29778100000
"BDL",5861.3344,47323.22,8,9,742454000000,828235200000
"BFUTILITIE",1262.8072,2889.11,6,6,59212000000,13686100000
"BGRENERGY",279.2652,351.79,4,2,-79710000000,-685440000000
"BHARATGEAR",66.7712,167.37,2,1,-24820000000,-12880000000
"BHARATRAS",2744.686,5684.41,7,7,208400000000,109420000000
"BIOCON",33780,44782.38,10,9,11474000000000,16210000000000
"BIOFILCHEM",23.4343,107.33,1,1,1464200000,865400000
"BIRLACORPN",5844.7058,10257.11,8,7,68152000000000,57315000000000
"BLKASHYAP",208.532,2364.41,4,5,-44507200000,63282600000
"BODALCHEM",905.2432,1032.74,6,4,1012190000000,47270000000
"BOSCHLTD",44092.9918,95411.93,10,10,1636440000000,23369000000000
"BRIGADE",4781.1344,30558.44,8,9,180250000000,568680000000
"BRITANNIA",74786.8424,140671.9,10,10,186087000000000,291956000000000
"BRNL",572.9588,394.57,5,2,-16804300000,-121035600000
"BSL",32.2659,222.83,1,2,-870000000,14932400000
"BSLNIFTY",164.2741,2724.07,3,5,NA,NA
"BURNPUR",12.488,63.47,1,1,-53139100000,-101155000000
"BUTTERFLY",437.8702,1897.47,5,5,4128000000,7744000000
"BYKE",81.599,344.23,2,2,2457400000,3709800000
"CAREERP",217.4104,882.27,4,4,33726500000,73084600000
"CENTENKA",420.7331,1573.24,5,4,86450000000,60670000000
"CENTRALBK",10249.0241,51373.8,9,9,NA,NA
"CENTURYPLY",3622.5306,17973.79,8,8,177218400000,439160000000
"CGCL",3467.6691,13240.29,8,8,221981600000,3656400000000
"CHEMBOND",309.3106,829.76,4,3,7892000000,59859600000
"CHENNPETRO",2236.6492,13773.56,7,8,-302193000000000,365716000000000
"CLEDUCATE",111.2006,553.43,3,3,-13629200000,21607400000
"COLPAL",40962.3964,99546.74,10,10,1043370000000,1800830000000
"COMPUSOFT",61.7176,265.78,2,2,707200000,7376300000
"COROMANDEL",16828.2397,49942.88,9,9,137773000000000,221498000000000
"CRISIL",13050.9308,33785.17,9,9,45829000000000,NA
"CROMPTON",15498.7809,29832.58,9,9,59069000000000,57307000000000
"CSBBANK",3359.8394,5480.42,8,7,NA,NA
"CUMMINSIND",16080.372,104559.84,9,10,705070000000,196115000000000
"CUPID",312.1092,1260.46,4,4,52704000000,52581800000
"CYBERTECH",121.0686,739.66,3,3,17674700000,31541100000
"CYIENT",5003.6906,22245.06,8,9,4708000000000,9860000000000
"DBSTOCKBRO",43.4,160.62,2,1,3907400000,11688400000
"DCAL",1367.8165,3112.14,7,6,22208000000000,-11612000000000
"DCMNVL",60.1424,425.85,2,3,6560000000,-3040000000
"DELTACORP",5372.7042,3586.79,8,6,25554000000000,27549000000000
"DHAMPURSUG",1558.7079,1434.73,7,4,215664800000,19208000000000
"DHUNINV",148.5273,1153.59,3,4,-2794500000,112646100000
"DLF",63269.0523,201540.15,10,10,NA,215054000000000
"DOLLAR",789.772,2891.39,6,6,79788900000,123371700000
"DPSCLTD",827.7212,1786.9,6,5,25444300000,21760000000
"DRREDDY",48410.8655,111302.21,10,10,18296000000000,71863000000000
"DWARKESH",730.6097,1333.99,5,4,71574000000,143986000000
"DYNPRO",176.1574,495.57,3,3,32135200000,3101500000
"ECLERX",2478.2577,13628.48,7,8,2805190000000,6911710000000
"EIHOTEL",8487.8058,24217.23,9,9,16663000000000,89071000000000
"ELECON",460.0199,13906.06,5,8,17933500000,458970000000
"ELECTHERM",174.6403,1174.89,3,4,-1143000000000,31730000000000
"EMAMIREAL",139.6944,408.71,3,2,-171000300000,-168120000000
"ENGINERSIN",6562.4001,12273.88,9,8,683019100000,478183500000
"EVERESTIND",492.5447,1785.19,5,5,20880000000,13594800000
"EXPLEOSOL",295.6304,2017.57,4,5,540560000000,1195740000000
"FELDVR",88.593,21.81,2,1,-34868000000000,NA
"FINCABLES",6350.0416,21625.62,8,8,43446000000000,71767000000000
"FMGOETZE",3685.3505,2393.85,8,5,46646200000,180845000000
"FORCEMOT",1672.0676,10028.83,7,7,NA,618900000000
"FSL",2975.4146,21993.55,8,9,3942100000000,6296750000000
"GABRIEL",1795.5493,7483.85,7,7,1002690000000,2438350000000
"GAEL",1731.4817,6559.45,7,7,18135000000000,44757000000000
"GAIL",59488.7712,146624.72,10,10,818234000000000,1091293000000000
"GANECOS",549.0093,4932.65,5,6,83272000000,58908900000
"GINNIFILA",59.3461,287.18,2,2,3713300000,-4292900000
"GLAXO",27826.6351,47857.2,10,9,647241200000,959800000000
"GLENMARK",9747.4989,48073.57,9,9,10632000000000,9374500000000
"GOACARBON",233.123,712.09,4,3,-28377300000,115710900000
"GODFRYPHLP",7226.8949,36993.67,9,9,513020000000,934300000000
"GODREJIND",15060.2189,40881.51,9,9,65611000000000,-20252000000000
"GODREJPROP",24573.5403,79385.26,10,10,57606000000000,97225000000000
"GOKULAGRO",185.972,3968.92,3,6,26407400000,177338000000
"GOLDBEES",2837.8291,12828.29,7,8,NA,NA
"GPPL",4641.0231,10963.93,8,8,3548550000000,5230290000000
"GTLINFRA",550.0914,3137.72,5,6,-1014080000000,-665930000000
"GULPOLY",226.3746,1390.86,4,4,27422200000,27799100000
"HARRMALAYA",122.5439,443.87,3,3,9262500000,276300000
"HBLPOWER",749.5507,16964.33,6,8,34172600000,387176000000
"HCG",961.1368,5642.2,6,7,-106940000000,63430000000
"HCLTECH",161463.0732,475976.86,10,10,1398000000000000,2096700000000000
"HERITGFOOD",1706.0545,5197.04,7,7,-152476100000,1450870000000
"HEROMOTOCO",49377.0426,114608.61,10,10,389908000000000,537044000000000
"HEXATRADEX",59.6643,1760.37,2,5,-24983700000,117538400000
"HILTON",14.185,186.1,1,2,1707700000,7865300000
"HINDALCO",47896.8161,149967.99,10,10,620400000000000,1398900000000000
"HINDPETRO",39032.7165,92241.11,10,10,283539000000000,1869229200000000
"HINDUNILVR",436729.1844,666954.98,10,10,937300000000000,1392400000000000
"HINDZINC",91478.1564,205667.4,10,10,839000000000000,1030700000000000
"HNDFDS",901.1641,6594.84,6,7,NA,117414100000
"HONDAPOWER",1290.4015,3722.46,6,6,86060000000,119750000000
"HSCL",2960.2342,26156.3,8,9,19413000000000,57386000000000
"DHANI",9623.9326,3287.62,9,6,NA,-334503500000
"LIQUIDIETF",90.8312,3012.41,2,6,NA,NA
"ICICIPRULI",70399.8378,108602.41,10,10,NA,NA
"ICRA",2847.1131,6085.1,8,7,131475900000,199860200000
"IDBI",37058.7206,95029.73,10,10,NA,NA
"IDFCFIRSTB",21552.5612,55197.37,10,9,NA,NA
"IEX",5541.7955,18529.38,8,8,225619300000,455245400000
"IFBAGRO",402.9263,550.79,5,3,16786100000,-14990000000
"IIFLSEC",1486.0364,9844.83,7,7,199765700000,682601000000
"INDHOTEL",16286.8944,93441.21,9,10,354590000000,1665530000000
"INDIACEM",2733.2933,11264.76,7,8,3739000000000,-30546000000000
"INDIAMART",5867.8315,17909.77,8,8,2131000000000,4966000000000
"INDNIPPON",961.2974,1803.15,6,5,72910000000,75780000000
"INFOBEAN",155.6211,1079.05,3,4,25648100000,30910000000
"INFRABEES",5.4995,157.78,1,1,NA,NA
"ESSENTIA",1.2716,424.94,1,3,NA,18965100000
"INTENTECH",68.0502,340.28,2,2,21402100000,19998800000
"INVENTURE",121.38,256.2,3,2,-50000000,21480000000
"ISEC",13703.8952,27077.38,9,9,7529300000000,22775200000000
"ITDCEM",1048.7632,8820.43,6,7,73185100000,367218600000
"IVZINGOLD",39.8636,120.21,2,1,NA,NA
"IVZINNIFTY",2.1776,93.1,1,1,NA,NA
"J&KBANK",1676.1438,11746.31,7,8,NA,NA
"JAICORPLTD",2020.0473,6388.49,7,7,46180000000,73650000000
"JBMA",1105.5544,22503.02,6,9,10748000000000,23601000000000
"JINDWORLD",1262.2759,7355.09,6,7,39207200000,102505200000
"JISLJALEQS",426.8748,4605.53,5,6,-1019950000000,127660000000
"JITFINFRA",25.1896,2488.12,1,5,-126260100000,130455100000
"JKPAPER",2398.2674,7582.45,7,7,69639000000000,132468000000000
"JMA",73.7997,247.64,2,2,19404800000,34875300000
"JSWENERGY",11053.0826,123742.01,9,10,102472000000000,215040000000000
"JTEKTINDIA",2294.7046,4229.96,7,6,42961600000,139060100000
"KAJARIACER",8742.2665,23092.45,9,9,31245000000000,57682000000000
"KAKATCEM",191.0814,173.43,3,2,6337300000,-1526900000
"KALYANIFRG",65.484,196.45,2,2,-8130000000,5619800000
"KANANIIND",33.1429,56.79,1,1,2744900000,669500000
"KANORICHEM",190.066,576.75,3,3,-42830000000,-33540000000
"KANSAINER",27983.4065,24784.98,10,9,66696000000000,89996000000000
"KARURVYSYA",4575.2394,17491.75,8,8,NA,NA
"KECL",86.3383,1290.76,2,4,35490000000,14080000000
"KERNEX",26.4368,1458.07,1,4,3330700000,-26796600000
"KINGFA",782.3358,4039.14,6,6,33344000000,164197200000
"KIOCL",7836.2621,24307.01,9,9,63680000000,-63700000000
"KITEX",847.875,3109.54,6,6,137868200000,86724600000
"KKCL",1232.5037,3820.76,6,6,95590000000,199680000000
"KOTAKBANK",321359.6384,351400.21,10,10,NA,NA
"BANKNIFTY1",23.3904,5566.41,1,7,NA,NA
"GOLD1",1360.204,4386.82,7,6,NA,NA
"KOTHARIPRO",234.2743,522.27,4,3,55280000000,20170000000
"KPITTECH",2837.3884,47529.68,7,9,1901180000000,8009760000000
"KPRMILL",4816.7,29430.19,8,9,376670000000,1040390000000
"KRBL",6402.6051,6899.89,8,7,757550000000,795780000000
"KRISHANA",131.472,1520.29,3,4,20782600000,59069300000
"LAXMIMACH",3974.076,17305.39,8,8,49280800000,48216000000000
"LEMONTREE",4416.774,10322.18,8,7,489800000,215131900000
"LICNETFN50",553.6242,849.14,5,3,NA,NA
"LINC",310.8009,938.44,4,4,NA,46124800000
"LOVABLE",121.286,239.76,3,2,5535200000,5408000000
"LTTS",16695.0456,59564.31,9,10,11002000000000,18038000000000
"LUMAXTECH",761.3216,3523.75,6,6,64983800000,226727400000
"LYKALABS",56.8062,586.74,2,3,-28655500000,-523200000
"MADRASFERT",356.0339,1699.46,4,4,-134880000000,61860000000
"MAHLOG",3092.4153,3393.57,8,6,8119000000000,-3021000000000
"MAHSCOOTER",4959.9985,11465.14,8,8,191800000000,202160000000
"MAHSEAMLES",2858.539,8949.81,8,7,438690000000,122283000000000
"MANAKALUCO",31.1287,199.81,1,2,5120900000,6583600000
"MANGALAM",53.2621,208.93,2,2,6252100000,-11073200000
"MARALOVER",72.639,324.18,2,2,-15280000000,-8470000000
"MATRIMONY",1079.4248,1783.06,6,5,39139300000,64720000000
"MBLINFRA",48.7109,725.48,2,3,-72600000000,-39430000000
"UNITDSPR",41974.2854,106458.71,10,10,NA,NA
"MMFL",1021.1558,2824.47,6,5,52897200000,187946700000
"MMTC",3120,14341.5,8,8,13068000000000,3141000000000
"MOIL",4223.4977,8070.22,8,7,340491500000,387001500000
"MONTECARLO",608.4861,1544.12,5,4,85529200000,80670000000
"MRF",28048.7992,56916.14,10,9,143425000000000,278742000000000
"MSPL",283.9491,1727.43,4,4,-54795300000,20693500000
"MUNJALAU",492,1314,5,4,7061600000,73165500000
"MUNJALSHOW",587.7207,725.71,5,3,58451300000,37555600000
"MURUDCERA",102.0461,375.38,3,2,3310000000,11489000000
"NAGREEKEXP",24.1244,139.4,1,1,1073000000,5450200000
"NATCOPHARM",11313.3932,27941.14,9,9,5687000000000,16735000000000
"NATIONALUM",9001.6044,31957.39,9,9,22624000000000,235676000000000
"NBCC",7029,32110.2,9,9,296269200000,741995700000
"NCLIND",442.3767,990.6,5,4,69179300000,146566800000
"NDTV",177.296,1272.99,3,4,36890000000,-20250000000
"NECLIFE",311.7227,1146.42,4,4,37471400000,18268900000
"NELCO",572.7418,2817.84,5,5,19110000000,33040000000
"DIVOPPBEES",24.1701,69.77,1,1,NA,NA
"LTGILTBEES",26.2546,2163.59,1,5,NA,NA
"NIF100BEES",24.1798,262.67,1,2,NA,NA
"NETWORK18",3057.0897,9438.24,8,7,241450000000,-499650000000
"NFL",1434.9418,6530.58,7,7,136140000000,88520000000
"COFORGE",11232.4762,44017.89,9,9,NA,10333000000000
"NILASPACES",43.3278,475.82,2,3,-491400000,16110600000
"NITINSPIN",322.9839,2339.88,4,5,35644700000,177532800000
"NUCLEUS",886.0325,3648,6,6,116780000000,255800000000
"OMAXAUTO",101.9407,287.98,3,2,6952500000,480600000
"ONGC",156750.2789,387912.91,10,10,2704221000000000,7610047000000000
"ONWARDTEC",102.5476,945.28,3,4,9643300000,45157000000
"ORICONENT",314.0954,581.86,4,3,21146400000,-18266600000
"ORIENTPPR",603.6678,976.05,5,4,20935500000,13760100000
"PAGEIND",27103.9138,45061.65,10,9,462007700000,756500400000
"PAISALO",1721.2925,5469.99,7,7,74164100000,240708400000
"PARSVNATH",95.7399,845.12,2,3,-375150400000,-568574700000
"PFC",32935.0156,179888.55,10,10,1407124000000000,3358812000000000
"PGHL",7162.6333,8718.24,9,7,NA,293510000000
"PGIL",336.2243,4364.57,4,6,31921300000,192661100000
"PKTEA",44.2711,128.96,2,1,-1809000000,6508000000
"PNB",42682.4805,121044.09,10,10,NA,NA
"PNBGILTS",509.4287,2234.11,5,5,331021500000,95165500000
"POKARNA",282.4464,3100.24,4,6,90793300000,139619900000
"POLYMED",2117.9275,25930.38,7,9,123582600000,341742300000
"PONNIERODE",145.4422,399.83,3,2,35360000000,51890000000
"PPAP",283.08,293,4,2,22948800000,-7411500000
"PRAJIND",2230.501,13498.31,7,8,8313000000000,3774608000000
"PRECOT",33.18,556.8,1,3,-12960000000,NA
"PREMIER",6.9857,14.06,1,1,-162090000000,-10408200000
"PRICOLLTD",552.1909,5996.57,5,7,-50305300000,185904600000
"PSB",1454.6852,38565.6,7,9,NA,NA
"PURVA",1494.043,10470.16,7,8,14338000000000,7539000000000
"QUESS",8159.554,11875.19,9,8,2934830000000,3224450000000
"QUICKHEAL",905.271,3947.37,6,6,1013110000000,2621000000000
"RADICO",4596.3108,26752.58,8,9,296852900000,342015000000
"RAJSREESUG",59.1521,238.58,2,2,-70428400000,21060500000
"RAMCOIND",1785.259,2148.96,7,5,98290000000,108510000000
"RAMCOSYS",530.7531,1580.95,5,4,335090000000,-2437850000000
"RAYMOND",4284.7301,13308.09,8,8,-30790000000,915700000000
"RBL",522.3887,984.21,5,4,44681000000,5565000000000
"RBLBANK",17789.6502,12900.68,9,8,NA,NA
"REDINGTON",4742.9797,15440.05,8,8,69696000000000,157465000000000
"REFEX",82.7148,4947.94,2,6,53834800000,121462600000
"REGENCERAM",3.834,172.61,1,2,-5110600000,-9376800000
"RELIANCE",966160.8092,1983027.06,10,10,5794300000000000,10434000000000000
"RENUKA",1629.2964,10023.06,7,7,-6438000000000,-4618000000000
"RGL",736.2982,1116.95,5,4,110009200000,85404700000
"RICOAUTO",653.4266,1658.46,5,4,2569000000000,6001000000000
"ROLLT",42.5221,63.28,2,1,-22905700000,-1967200000
"RSSOFTWARE",59.7718,773.95,2,3,-45044600000,18354800000
"RSWM",240.2186,1021.49,4,4,-2958000000000,-11874000000000
"RUPA",1721.7067,2500.25,7,5,83982500000,98509800000
"SADBHIN",1430.0344,274.74,7,2,-3999970000000,-991230000000
"SAKAR",99.341,704.7,3,3,12226900000,15899700000
"SANGHVIMOV",415.7812,3560.01,5,6,-21356000000,252402400000
"SBIETFQLTY",21.0911,50.58,1,1,NA,NA
"SBIN",289157.4137,699600.37,10,10,NA,NA
"SCHAEFFLER",14176.7429,60280.85,9,10,3972100000000,NA
"SCI",2836.716,11989.67,7,8,347500000000,577510000000
"SELAN",234.08,1410.64,4,4,41270000000,46350000000
"SEQUENT",2036.6857,4327.75,7,6,94075000000,-372550000000
"SETFNIFBK",182.8512,294.4,3,2,NA,NA
"SHANKARA",856.8497,1390.82,6,4,53361300000,10810000000000
"SHANTIGEAR",806.2836,4740.66,6,6,3269000000000,10964000000000
"SHIVATEX",120.5532,223.61,3,2,1227400000,-13814800000
"SHK",1684.5439,3432.42,7,6,8978000000000,18230000000000
"SHRENIK",408.51,52.02,5,1,NA,-108947400000
"SIGIND",65.3501,208.86,2,2,17131600000,23061400000
"SIL",84.9142,176.9,2,2,-42122900000,-5682600000
"SIRCA",630.5752,1826.5,5,5,34184900000,69060700000
"SMLISUZU",859.6881,2969.58,6,6,-3832000000000,10645000000000
"SMSLIFE",82.8683,503.79,2,3,14668100000,9846700000
"SMSPHARMA",402.0971,2827.38,5,5,50755600000,66106800000
"SOMATEX",10.9009,118.75,1,1,-15720000000,1740000000
"SPARC",4936.56,7298,8,7,-312400000000,-386830000000
"SPMLINFRA",44.3468,1579.28,2,4,24478200000,-2984400000
"SSWL",1182.3244,3576.89,6,6,32701100000,270776800000
"STARCEMENT",3872.7083,9065.19,8,7,321517100000,423578900000
"STEL",140.0765,1007.2,3,4,15486100000,17739800000
"SUBROS",1859.2189,5075.34,7,6,82750000000,140570000000
"SUDARSCHEM",3101.3808,6998.87,8,7,163259000000,155429000000
"SUMMITSEC",501.4819,2615.34,5,5,70358500000,98366200000
"SUNDARMHLD",1059.9936,8848.62,6,7,34774400000,244649600000
"SUNPHARMA",107607.4986,438994.32,10,10,527023000000000,115822100000000
"SUNTECK",6264.7164,8572.39,8,7,138499600000,94870600000
"SUNTV",18297.3489,31723.81,9,9,182362000000000,260283800000000
"SYNGENE",12440,36230.34,9,9,4456000000000,6319000000000
"TAKE",1506.7078,271.02,7,2,-12917300000,-252070000000
"TALBROAUTO",172.345,2079.62,3,5,7779500000,88072200000
"TARMAT",30.416,180.96,1,2,8834200000,1351700000
"TATAELXSI",5962.2467,47205.54,8,9,352440400000,1048676000000
"TATAMOTORS",61686.7729,386703.35,10,10,-770854000000000,2823237000000000
"TATAPOWER",16526.1661,133101.87,9,10,137814000000000,418766000000000
"TATASTEEL",56487.8516,188813.35,10,10,333236000000000,672502000000000
"TCIEXP",2811.8344,4390.09,7,6,11698000000000,17397000000000
"TECHIN",0,56.5,1,1,-610000000,-372900000
"TEXINFRA",605.2763,1727.27,5,4,7543600000,2627700000
"TEXMOPIPES",45.1388,211.69,2,2,6712400000,15608600000
"TEXRAIL",933.1664,9011.98,6,7,47921600000,162191800000
"TFL",11.3742,162.26,1,1,-8716500000,797200000
"TGBHOTELS",10.9824,45.92,1,1,416200000,-3542000000
"THEMISMED",349.7939,2222.77,4,5,17969200000,34637800000
"THERMAX",12976.1211,51654.26,9,9,37453000000000,79429000000000
"TIDEWATER",1650.0528,4312.44,7,6,14477000000000,17388000000000
"TIIL",880.8653,7611.68,6,7,161176600000,380906700000
"TIINDIA",9916.2909,75549.57,9,10,42518000000000,168338000000000
"TIMKEN",6821.587,27883.58,9,9,306360000000,5242140000000
"TIRUMALCHM",798.1154,3396.21,6,6,38160000000,-34550000000
"TITAN",104989.5913,328258.93,10,10,2105680000000,462200000000000
"TNPETRO",391.3759,870.92,4,4,78850000000,78850000000
"TNPL",1273.475,1513.71,6,4,19174000000000,32476000000000
"TORNTPOWER",14572.3009,81031.99,9,10,147484000000000,258260000000000
"TPLPLASTEH",103.744,876.83,3,4,14876900000,25478800000
"TREEHOUSE",23.0593,93.89,1,1,-28690000000,180000000
"TRIDENT",3872.9263,18793.88,8,8,4246200000000,4767000000000
"TRIGYN",168.398,363.3,3,2,77697900000,38210600000
"TRITURBINE",3129.5971,23840.77,8,9,146850000000,357610000000
"TV18BRDCST",4620.2006,8388.36,8,7,477790000000,-219270000000
"TVSELECT",214.8517,773.52,4,3,3480000000,-680000000
"TVTODAY",1521.3584,1631.94,7,4,217929000000,8197000000000
"UFO",378.0579,498.67,4,3,48210000000,20050000000
"ULTRACEMCO",130563.128,329547.99,10,10,524353000000000,947221000000000
"UMANGDAIRY",111.9963,231.69,3,2,4067100000,1384100000
"UNICHEMLAB",1147.9658,4048.33,6,6,-49022900000,-4058400000
"UPL",44723.1151,45847.11,10,9,338400000000000,-159300000000000
"VAKRANGEE",4989.8006,2134.92,8,5,86518600000,5318300000
"VASCONEQ",281.456,1540.45,4,4,3890000000,61870000000
"VASWANI",15.75,148.5,1,1,163900000,12325400000
"VENUSREM",27.8312,479.34,1,3,7780000000,4464600000000
"VETO",86.0173,322.39,2,2,13916200000,28751900000
"VHL",421.2508,1265.56,5,4,783000000000,1302000000000
"VIDHIING",332.384,2222.55,4,5,45172700000,48802600000
"VIKASECO",79.7714,659.73,2,3,-5489100000,9422100000
"KMSUGAR",83.7202,358.8,2,2,27330000000,39110000000
"KNRCON",4155.2412,9840.4,8,7,323769700000,929941300000
"KOLTEPATIL",1986.3506,3182.3,7,6,183670000000,-61110000000
"KOTARISUG",88.6908,461.69,2,3,12675900000,41914200000
"KRIDHANINF",27.0121,42.18,1,1,-1350000000,611900000
"KSB",2409.747,15600.01,7,8,1517000000000,NA
"KSL",1152.4408,3279.44,6,6,1648650000000,3312720000000
"KTKBANK",2207.1669,8282.73,7,7,NA,NA
"KUANTUM",419.4763,1246.56,5,4,65191900000,247610600000
"LTF",25346.4359,41291.46,10,9,NA,302903000000000
"LASA",102.9019,159.72,3,1,4736100000,-10339300000
"LFIC",16.08,73.82,1,1,-9206600000,12814800000
"LIBAS",61.1888,55.35,2,1,NA,5252500000
"LICHSGFIN",23156.4618,38325.64,10,9,328218000000000,606437000000000
"LICNETFGSC",90.227,2103.59,2,5,NA,NA
"LT",185729.0621,491271.93,10,10,1343095000000000,2042350000000000
"LUMAXIND",1378.7905,2729.54,7,5,79643400000,101057600000
"LUXIND",3766.2324,6904.46,8,7,163447200000,17223000000000
"MOM100",79.1884,536.98,2,3,NA,NA
"MADHUCON",27.6731,105.16,1,1,-405144900000,-70857700000
"MAHESHWARI",333.2645,200.43,4,2,20163300000,18219300000
"CIEINDIA",6556.8848,21485.19,9,8,NA,NA
"MAITHANALL",1600.6986,3199.36,7,6,27926000000000,44953000000000
"AURUM",1206.1388,659.39,6,3,NA,-76360000000
"MANAKCOAT",26.869,536.97,1,3,799100000,14909300000
"MANALIPETC",382.6983,1489.51,4,4,61318800000,38890000000
"MANAPPURAM",14943.4411,17395.08,9,8,200730000000000,295951000000000
"MANINFRA",768.4883,7165.13,6,7,-39483100000,378061600000
"MARKSANS",789.9754,11958.99,6,8,1571730000000,4235260000000
"MASFIN",4793.8612,5189.57,8,7,238601900000,33967000000000
"MASTEK",1065.6539,8419.38,6,7,168150000000,390300000000
"MEGASOFT",32.5365,410.6,1,3,669300000,8221900000
"MENONBE",333.9984,685.93,4,3,19606700000,33139100000
"METROPOLIS",8374.8217,10940.6,9,8,193779500000,174688900000
"MHRIL",3133.8395,8704.36,8,7,101309700000,160090500000
"MINDTECK",69.7722,960.54,2,4,-3060000000,33530000000
"MIRCELECTR",207.8574,633.73,4,3,-11460000000,-62210000000
"MIRZAINT",816.8777,600.07,6,3,64443400000,16596000000
"MMP",2794.2874,978,7,4,25144600000,32754500000
"MODIRUBBER",77.6256,351.04,2,2,-7425400000,-6568700000
"MOLDTECH",135.9976,665.27,3,3,13816400000,37095800000
"MOREPENLAB",705.6372,4931.04,5,6,39107600000,135415700000
"MOTILALOFS",12831.8375,45602.79,9,9,285190000000,3031880000000
"MRO-TEK",62.5934,211.12,2,2,-4867800000,3273700000
"MTNL",318.3432,3528,4,6,-369289000000000,-326953200000000
"NACLIND",459.2384,1138.85,5,4,22960000000,-77380000000
"NAHARPOLY",100.0731,680.72,3,3,43544500000,-12448600000
"NATHBIOGEN",703.148,412.42,5,3,48508500000,38674300000
"NAVINFLUOR",5172.6419,16332.26,8,8,257808800000,28341000000000
"NAVKARCORP",508.7548,2219.41,5,5,77412800000,12010800000
"NESCO",5055.1498,7014.29,8,7,292285300000,462985500000
"CONSUMBEES",33.6336,97.97,2,1,NA,NA
"NEWGEN",1413.2856,15221.66,7,8,94741700000,304224900000
"NH",6999.3575,27547.84,9,9,1756050000000,8885280000000
"NHPC",24509.8849,96482.56,10,10,385268000000000,464352000000000
"NIFTYBEES",2204.2895,32381.03,7,9,NA,NA
"NITCO",232.1044,607.93,4,3,-103099100000,-162698800000
"NLCINDIA",8264.3542,37265.86,9,9,221110000000000,180876000000000
"NMDC",40156.1583,61938.35,10,10,621147000000000,823349000000000
"NOCIL",1978.0526,4944.43,7,6,152340000000,17999000000000
"NRBBEARING",1070.9947,3135.93,6,6,46830000000,128440000000
"OAL",666.1725,1708.09,5,4,102898300000,14054600000
"OCCL",1042.9656,257.74,6,2,84358800000,66536100000
"OFSS",25387.9282,94226.17,10,10,22522810000000,30223350000000
"ONEPOINT",54.9973,1532.28,2,4,-7870000000,30264000000
"ONMOBILE",334,862.8,4,3,35270000000,265290000000
"ORIENTBELL",192.781,540.22,3,3,2629700000,282100000
"ORIENTLTD",98.4,97.95,2,1,-1314700000,-1303000000
"OSWALAGRO",87.9238,888.9,2,4,9510600000,3933600000
"PALASHSECU",33.0102,151.63,1,1,-1594600000,-14336200000
"PALREDTEC",16.2534,116.09,1,1,-4607100000,-5097000000
"PANACEABIO",820.76,1508.18,6,4,-156150000000,-34550000000
"PANACHE",787.8,188.75,6,2,2801600000,3870300000
"PARAGMILK",1308.4023,2232.33,6,5,1269560000000,858560000000
"PCJEWELLER",946.0319,5710.51,6,7,12532000000000,-63177000000000
"PDSL",811.3555,7414.87,6,7,NA,226217600000
"PEARLPOLY",25.3366,66.45,1,1,-12467800000,327100000
"PEL",30617.7046,23696.58,10,9,91756000000000,-134554000000000
"PERSISTENT",5402.1011,80413.36,8,10,4523420000000,14476060000000
"PFIZER",18574.0367,28203.48,9,9,64249000000000,73812000000000
"PGEL",136.7363,15789.2,3,8,11318800000,176466500000
"PHOENIXLTD",13124.6053,64776.78,9,10,470206800000,1642923200000
"PIDILITIND",72797.9949,164689.05,10,10,152193000000000,245507000000000
"PIIND",20163.767,69881.37,9,10,6130000000000,18842000000000
"PIONEEREMB",79.9317,143.21,2,1,6095000000,4264600000
"PITTIENG",143.2638,4670.89,3,6,19855500000,121906700000
"PNBHOUSING",8342.0706,26573.54,9,9,81101000000000,195390000000000
"PNCINFRA",4943.5097,11621.22,8,8,712780500000,1248742900000
"PPL",140.8866,1540.34,3,4,34300000000,109600000000
"PRAKASHSTL",0,159.25,1,1,2319000000,23535200000
"PREMIERPOL",48.9147,461.94,2,3,8700000000,27270000000
"PRIMESECU",110.3038,1003.08,3,4,10740000000,23390000000
"PRSMJOHNSN",3566.2814,9045.32,8,7,6516000000000,-8289000000000
"PSUBNKBEES",128.2306,2407.37,3,5,NA,NA
"PTL",252.1782,595.56,4,3,58005500000,53666100000
"RAJTV",226.3422,264.24,4,2,343900000,1203900000
"RCF",3039.8014,10602.89,8,8,303100000000,26331000000000
"RECLTD",28103.0831,159836.7,10,10,702084000000000,1795994000000000
"RELAXO",16133.5359,20559.84,9,8,29171000000000,26927000000000
"RELIGARE",1125.6569,9149.18,6,7,-859984300000,217340400000
"RELINFRA",621.9714,8457.4,5,7,-45966000000000,-130937000000000
"REPRO",731.4415,868.13,5,3,17513900000,14470000000
"RIIL",662.135,1758.85,5,5,9260100000,15849500000
"RKFORGE",1302.8507,17444.9,6,8,14792300000,459746300000
"RML",367.5763,2094.97,4,5,-42563600000,330000000000
"NAM-INDIA",21439.7446,43638.89,10,9,55981000000000,135248000000000
"RPOWER",743.3585,12179.46,6,8,-227500000000,-1988100000000
"RPPINFRA",155.944,856.81,3,3,3366000000000,8427000000000
"RTNPOWER",789.3181,8286.07,6,7,-250226000000000,-175870000000000
"SAGARDEEP",136.4592,48.85,3,1,296100000,951400000
"SAGCEM",1240.175,3019.34,6,6,49670000000,-98910000000
"SAIL",21272.2052,53469.65,10,9,387902000000000,446404000000000
"SAKHTISUG",114.0951,451.51,3,3,-208339100000,-58591600000
"SAKUMA",139.6769,940.63,3,4,24443600000,46834200000
"SALONA",32.469,152.61,1,1,1899700000,8402800000
"SALSTEEL",22.941,197.97,1,2,1707000000000,NA
"SALZERELEC",200.5833,1793.74,4,5,32092500000,64729200000
"SANDHAR",1741.0162,3761.92,7,6,87546500000,146260600000
"SANGHIIND",1057.965,2262.94,6,5,65357900000,-46606000000000
"SANGINITA",264.1958,42.17,4,1,4500100000,1044000000
"SARDAEN",951.6998,12495.44,6,8,17889000000000,67028000000000
"SAREGAMA",750.1037,9716.63,6,7,60350000000,270790000000
"SASTASUNDR",235.2386,986.28,4,4,-57854500000,55678800000
"SCHAND",316.8761,820.56,4,3,-881130000000,582490000000
"SEAMECLTD",1200.06,3836.63,6,6,138690000000,120030000000
"SESHAPAPER",1072.4737,2159.77,6,5,24848000000000,34396000000000
"SETCO",203.9951,168.68,4,1,-48610000000,-139170000000
"SETFNN50",16.6145,44.16,1,1,NA,NA
"SFL",6683.2447,10195.27,9,7,26836000000000,23323000000000
"SGL",17.0043,57.41,1,1,435100000,-2629500000
"SHAKTIPUMP",484.3171,8834.48,5,7,-21650800000,189885700000
"SHALBY",1036.3537,3008.61,6,6,567270000000,1281904000000
"SHARDACROP",2509.4831,5106.48,7,6,184869300000,71871600000
"SHARDAMOTR",618.4179,7463,5,7,78475300000,394524300000
"SHEMAROO",425.402,493.26,5,3,47890000000,-37285600000
"HINDWAREAP",1286.8758,2638.82,6,5,NA,5674000000000
"SHILPAMED",2225.6843,7940.62,7,7,188403000000,52988400000
"SHIVAMILLS",27.2217,79.5,1,1,1509000000,-3930200000
"SHOPERSTOP",3563.5921,9106.19,8,7,-6199000000000,11094000000000
"SHREEPUSHK",369.3062,802.19,4,3,39991400000,48239400000
"SIMBHALS",29.7209,110.17,1,1,-38730000000,-12011800000
"SIS",7460.2069,5946.35,9,7,2934740000000,2470280000000
"SIYSIL",1204.5611,2168.69,6,5,85160000000,247150000000
"SJVN",10237.1164,51456.74,9,9,1772980000000,1100210000000
"SKMEGGPROD",97.421,681.68,2,3,8270000000,112290000000
"SOLARA",1140.5637,2707.6,6,5,11491000000000,-29825000000000
"SONATSOFTW",3360.8914,19377.35,8,8,379490000000,636040000000
"SPAL",584.7636,2718.28,5,5,541400000000,1176400000000
"SREEL",447.5077,687.7,5,3,39094300000,36387400000
"SRHHYPOLTD",195.2498,985.26,3,4,45444200000,118132200000
"SUNDRMBRAK",126.1031,441.2,3,3,3001300000,11544900000
"SUNDRMFAST",10191.2259,29102.78,9,9,39317000000000,69554000000000
"SUPERSPIN",20.625,49.72,1,1,-18342500000,2674900000
"SURANASOL",43.7939,214.34,2,2,751100000,-903100000
"SUZLON",1329.9435,102231.82,7,10,-261806000000000,71338000000000
"SWARAJENG",1594.1125,4019.53,7,6,93070000000,184970000000
"SWSOLAR",5020.0698,16406.78,8,8,3984990000000,-17232000000000
"TAINWALCHM",51.6417,187.37,2,2,4353400000,5539600000
"TATACOMM",12453.075,55262.93,9,9,530170000000,139875000000000
"TCI",2081.9907,8411.02,7,7,143840000000,3146000000000
"TCIFINANCE",10.9416,14.57,1,1,-52290000000,-434700000
"TCPLPACK",271.18,3104.87,4,6,42285500000,134582300000
"TCS",834924.359,1613847.94,10,10,4224800000000000,6295500000000000
"TEAMLEASE",4725.4615,5164.82,8,7,85059600000,11422400000000
"TECHM",76414.1482,159869.25,10,10,50632792000000,32138712000000
"TECHNOE",3113.55,18142.73,8,8,214983100000,321250400000
"TEJASNET",847.7552,22604.12,6,9,-13857000000000,10022000000000
"TERASOFT",32.7811,87.58,1,1,9865100000,7521900000
"TFCILTD",544.4345,1624.59,5,4,97453000000,113872700000
"THYROCARE",2801.6483,4526.13,7,6,14649000000000,9559000000000
"TIMESGTY",26.9794,116.91,1,1,1697500000,2363200000
"TIMETECHNO",1386.2796,9226.94,7,7,236749600000,430970000000
"TIPSINDLTD",145.048,9254.37,3,7,14355800000,170527200000
"TOKYOPLAST",68.5051,127.83,2,1,-8800000,1283600000
"TTKPRESTIG",8192.1579,12724.77,9,8,24609000000000,30117000000000
"TTL",97.8161,263.16,2,2,-7115100000,373900000
"TTML",449.6334,17887.59,5,8,-128383000000000,-122844000000000
"TVVISION",0,51.1,1,1,-28900200000,-23712100000
"TITAGARH",692.481,18827.39,5,8,NA,391182200000
"UBL",34610.634,53272.35,10,9,568920000000,551140000000
"UGARSUGAR",167.0625,956.25,3,4,13905300000,29801400000
"VINYLINDIA",123.7755,735.5,3,3,9990000000,29660000000
"VIPCLOTHNG",66.0772,359.29,2,2,-27579900000,-16128400000
"VISHNU",152.6104,2609.95,3,5,30306800000,143742700000
"VISHWARAJ",337.6284,325.42,4,2,-16541400000,22283700000
"VTL",5669.5848,13967.14,8,8,64333000000000,79228000000000
"WANBURY",45.7798,762.97,2,3,-17969900000,30780500000
"WELINV",65.6709,376.41,2,2,7282100000,3715900000
"WINDMACHIN",141.5513,1316.82,3,4,-8896900000,-5616500000
"WIPRO",141798.1681,272801.46,10,10,122490000000000,147443000000000
"WOCKPHARMA",2871.1512,15870.09,8,8,-34204000000000,-40600000000000
"WONDERLA",1435.5807,4730.1,7,6,73669200000,211322000000
"ZEEMEDIA",280.1198,791.17,4,3,79580000000,-123518700000
"ZOTA",445.7699,1788.94,5,5,3861600000,-16162900000
"MFSL",13771.9348,38695.99,9,9,44248000000000,41482000000000
"MGL",10857.6534,18144.49,9,8,98353000000000,172160000000000
"MINDACORP",2506.2618,13245,7,8,126430000000,308480000000
"MOTHERSON",43891.4825,127125.66,10,10,NA,385247000000000
"MSTCLTD",1003.552,5272.96,6,7,1694370000000,347048500000
"MUKANDLTD",475.1237,2196.33,5,5,-24668000000000,12683000000000
"MUKTAARTS",91.2442,188.68,2,2,-7814100000,-6367200000
"MUTHOOTFIN",30553.815,79156.64,10,10,42603910000000,59965040000000
"MON100",158.4886,7864.09,3,7,NA,NA
"NAHARSPING",184.8347,1154.99,3,4,-78059600000,-61384200000
"NAVA",1450.2661,14227.61,7,8,NA,1262548600000
"NCC",3615.8925,19839.95,8,8,44716000000000,108816000000000
"NDL",162.4058,855.08,3,3,-7195200000,65121000000
"NECCLTD",31.1223,320.79,1,2,8755500000,10168300000
"NEULANDLAB",632.3852,16550.56,5,8,52922500000,401436500000
"NEXTMEDIA",58.8658,49.77,2,1,-21494200000,-26950000000
"NIACL",27686.4,41677.92,10,9,NA,NA
"NIBL",14.0538,96.07,1,1,-18905200000,-26167900000
"NIITLTD",1457.5365,2536.01,7,5,1216100000000,462020000000
"NILAINFRA",210.7307,588.08,4,3,21489400000,15761200000
"NILKAMAL",2107.0605,2818.12,7,5,175295400000,151368500000
"NIPPOBATRY",202.5,440.59,4,3,30231800000,19418500000
"NKIND",13.7326,33.23,1,1,-5179300000,-1064800000
"NOIDATOLL",64.2373,251.36,2,2,-30369100000,-31658900000
"NPBET",15.0758,9.67,1,1,NA,NA
"NRAIL",449.3042,672.25,5,3,160945700000,137632200000
"NSIL",393.841,2332.31,4,5,NA,74434500000
"NTPC",122197.7824,383018.31,10,10,1597211000000000,2550585000000000
"ONELIFECAP",11.9572,24.32,1,1,-1548400000,6411100000
"ORBTEXP",229.4701,499.04,4,3,31955800000,40342800000
"PANAMAPET",447.6526,2471.77,5,5,32144500000,24077000000000
"PARACABLES",145.1575,2753.67,3,5,26346700000,81982300000
"PATELENG",794.5355,4822.23,6,6,5860000000000,3194940000000
"PENINLAND",161.9367,1732.74,3,5,-54234000000000,90740000000
"PETRONET",41505.0024,53250,10,9,3173710000000,474768000000000
"PFS",937.7337,3600,6,6,172037700000,215978000000
"PNC",25.2449,91.43,1,1,1234700000,2386600000
"PODDARMENT",195.7545,437.24,4,3,28818800000,38860800000
"POLYCAB",16118.2622,99479.66,9,10,10173960000000,23593002000000
"POWERGRID",101649.7869,306268.88,10,10,1275162000000000,1910489000000000
"POWERMECH",982.0171,9955.97,6,7,1666340000000,38584000000000
"PRAENG",46.5073,285.34,2,2,-4179800000,-36683300000
"PRAKASH",1048.1348,3785.79,6,6,118190000000,346170000000
"PRECAM",381.8431,2442.94,4,5,38019600000,41879800000
"PRECWIRE",406.2301,3311.43,5,6,41677200000,98804200000
"PREMEXPLN",169.3478,3037.51,3,6,-15014000000,40617400000
"PSPPROJECT",1983.6,2679.79,7,5,173070000000,169459500000
"QGOLDHALF",67.8681,211.33,2,2,NA,NA
"QNIFTY",5.9475,60.97,1,1,NA,NA
"RALLIS",3860.2075,6555.55,8,7,22607000000000,19500000000000
"RAMANEWS",222.7583,321.16,4,2,-44637100000,-32909700000
"RAMASTEEL",73.1379,2531.01,2,5,-210700000,36793800000
"RANEENGINE",182.0847,388.6,3,2,-25294400000,2110000000000
"RANEHOLDIN",1142.2247,3341.01,6,6,-7617500000,127300000000
"RATNAMANI",5719.5072,26478.65,8,9,406367200000,827670400000
"RHFL",111.4501,171.71,3,2,-56728000000000,-3808800000
"RKDL",13.32,75.6,1,1,780900000,230400000
"ROHLTD",214.4652,995.54,4,4,10696600000,57041400000
"RPGLIFE",519.9039,3898.25,5,6,41770000000,117840000000
"RSYSTEMS",841.1621,5915.76,6,7,984760000000,NA
"RUBYMILLS",336.072,985.14,4,4,37873000000,12957900000
"RUCHINFRA",54.3886,348.61,2,2,-3540000000,7330000000
"SADBHAV",2134.3408,600.84,7,3,-294703000000,-462641500000
"SAKSOFT",251.9761,3426.18,4,6,52510100000,128208900000
"SATIA",853,1174.4,6,4,115279900000,252689900000
"SBILIFE",99800.3933,190635.36,10,10,NA,NA
"SETFNIF50",5649.5994,11651.74,8,8,NA,NA
"SHAHALLOYS",16.432,145.51,1,1,-6817000000000,NA
"SHIVAMAUTO",241.5,598.89,4,3,-54242600000,-46420600000
"SHREERAMA",30.3399,386.26,1,2,5371500000,9964900000
"SHREYAS",185.2118,688.15,3,3,9110000000,-47210000000
"SHYAMCENT",78.8714,400.58,2,2,-120800000,1315400000
"SILINV",166.355,607.73,3,3,40120000000,41400000000
"SKFINDIA",10678.6,26063.69,9,9,3867700000000,7357890000000
"SKIPPER",505.1374,4255.68,5,6,182320000000,1215120000000
"SMARTLINK",110.523,274.31,3,2,-10521000000,8698500000
"SNOWMAN",710.124,1360.43,5,4,-6314300000,25246500000
"SOMANYCERA",983.6265,2903.06,6,6,35760000000,144860000000
"SOTL",1281.8757,4042.37,6,6,124748100000,263747900000
"SOUTHBANK",1981.6458,6545.65,7,7,NA,NA
"SOUTHWEST",49.6663,408.77,2,2,5804200000,9763400000
"SPANDANA",7117.2368,4388.83,9,6,6184540000000,67057000000000
"SPCENET",5.6371,1425.57,1,4,-5193300000,10815300000
"SPIC",472.4456,1836.84,5,5,56978100000,19160000000000
"SHRIRAMFIN",24886.7673,121736.25,10,10,NA,996017000000000
"STAR",3475.5452,12488.85,8,8,239590000000,2478370000000
"STARPAPER",197.6798,368.36,4,2,49149600000,82702800000
"STCINDIA",291.6,1110,4,4,-3990000000000,46957300000
"SUNDARMFIN",18609.8966,53329.85,9,9,999564300000,205285000000000
"SUNFLAG",806.482,3757.58,6,6,94380000000,181470000000
"SUPERHOUSE",106.6669,238.25,3,2,26776600000,15312500000
"SURANAT&P",55.1589,286.45,2,2,NA,NA
"SURYAROSNI",1055.5341,7192.87,6,7,139950000000,444990000000
"SWANENERGY",2931.084,19569.11,8,8,-4249300000,609338900000
"SWELECTES",242.4644,1879.69,4,5,8203900000,27735600000
"TANLA",988.3677,12672.84,6,8,-186823800000,683404400000
"TATACHEM",18546.257,26978.69,9,9,125191000000000,162300000000000
"TDPOWERSYS",444.8225,6763.53,5,7,18716200000,162202000000
"TORNTPHARM",32135.2426,115663.73,10,10,118700000000000,226400000000000
"TRENT",20687.5928,252664.49,10,10,195415400000,122119000000000
"TRF",142.6722,574.49,3,3,-132476200000,41668100000
"TARIL",114.0051,10712.17,3,8,1840000000,64400000000
"TRIVENI",2119.9307,10039.76,7,7,425220000000,528810000000
"TVSSRICHAK",1278.6891,3434.19,6,6,8743000000000,15496000000000
"UFLEX",1556.1575,5602.17,7,7,480860000000,322360000000
"UNIENTER",482.9959,1286.67,5,4,20427000000,38943500000
"UNIONBANK",17969.799,92557.47,9,10,NA,NA
"UNITEDTEA",141.4028,203.49,3,2,13878200000,20374300000
"URJA",88.7611,1108.71,2,4,1757700000,2845700000
"USHAMART",868.5141,10798.52,6,8,147160000000,537060000000
"UTINEXT50",379.3647,2520.54,4,5,NA,NA
"UTINIFTETF",17192.3569,59459.89,9,10,NA,NA
"UTTAMSUGAR",470.6244,1276.1,5,4,84420000000,178820000000
"VARDMNPOLY",5.7956,423.6,1,3,-72508500000,-26759800000
"VESUVIUS",2390.8782,10716.23,7,8,71550000000,NA
"VIJIFIN",3.7125,41.9,1,1,192400000,200500000
"VIMTALABS",227.7104,1392.31,4,4,82700000000,544810000000
"VINDHYATEL",1151.4298,2783.77,6,5,163695300000,206160900000
"VIPULLTD",289.7625,493.36,4,3,-1757700000,289774700000
"VISASTEEL",53.35,312.63,2,2,-1919070000000,-718940000000
"VOLTAMP",1374.1578,19928.08,7,8,113356000000,397876500000
"VOLTAS",22996.4894,59112.56,10,10,86420000000000,62441000000000
"VRLLOG",2473.6049,5072.3,7,6,104316800000,120512300000
"VSTTILLERS",1123.1386,3779.71,6,6,23100000000,155610000000
"WELCORP",4643.4752,17918.46,8,8,898540000000,115164000000000
"WELSPUNLIV",4933.2005,17929.87,8,8,NA,96684000000000
"WHIRLPOOL",30132.0596,28152.86,10,9,652890000000,326240000000
"WSI",0,973.6,1,4,-5117900000,36883400000
"XCHANGING",651.1547,1375.72,5,4,59290000000,66180000000
"XELPMOC",86.8916,170.61,2,2,-2089000000,-12483500000
"YESBANK",10176.3842,72592.77,9,10,NA,NA
"ZENITHEXPO",26.9813,145.59,1,1,-1720000000,660000000
"ZYDUSWELL",8580.4246,14317.23,9,8,165470000000,2743000000000
"LIQUIDBEES",535.1233,13260.51,5,8,NA,NA
"LIQUIDETF",35.3363,887.37,2,4,NA,NA
"LOKESHMACH",63.444,767.52,2,3,-8127500000,20553300000
"LOTUSEYE",56.566,160.24,2,1,2148000000,4007800000
"LPDC",22.1336,131.33,1,1,492800000,-11596800000
"LTIM",33499.8941,182787.68,10,10,NA,60487000000000
"LYPSAGEMS",12.3833,28.78,1,1,-21765800000,-32670200000
"MAANALU",49.0144,699.32,2,3,9150000000,43970000000
"MADHAV",33.4618,50.99,1,1,2951200000,-1807800000
"MAHASTEEL",127.4939,312.25,3,2,1234300000,5585900000
"MALUPAPER",54.1631,84.1,2,1,1076700000,1474500000
"MANGCHEFER",426.062,1534.53,5,4,70438200000,240670200000
"MANGLMCEM",808.8215,2743.82,6,5,117140400000,99110500000
"MANUGRAPH",36.6808,76.19,2,1,-3044000000000,-1961000000000
"MARATHON",423.2,3163.13,5,6,25935100000,180153900000
"MARUTI",226016.3009,385174.59,10,10,69844000000000,171704000000000
"MBECL",79.1898,90.04,2,1,-387690400000,-883173000000
"MCLEODRUSS",51.7056,272,2,2,-233520000000,-366650000000
"MCX",7047.9746,27489.65,9,9,NA,NA
"MIDHANI",3210.0709,7465.5,8,7,202086200000,130959500000
"UNOMINDA",10358.8812,63397.81,9,10,NA,97978000000000
"MOHITIND",0,41.06,1,1,130500000,-2564400000
"MOLDTKPAC",768.1496,2641.83,6,5,48330200000,88627900000
"MOTOGENFIN",71.5485,143.29,2,1,-3867600000,1208400000
"MPHASIS",16818.4943,57734.84,9,9,15153800000000,20683220000000
"MPSLTD",902.9209,4149.36,6,6,81420000000,161260000000
"MRPL",7948.0355,34552.48,9,9,-539956000000000,551620000000000
"MUTHOOTCAP",1031.2603,606.75,6,3,93470000000,68492300000
"NAGAFERT",305.0132,619,4,3,-492352600000,-1297734200000
"NAGREEKCAP",9.7138,30.3,1,1,-75834600000,26546400000
"NAHARCAP",131.4574,549.44,3,3,10967900000,42140400000
"NAHARINDUS",118.7087,659.88,3,3,-32462800000,13399800000
"NAUKRI",30996.5882,95938.32,10,10,4211500000000,11195930000000
"NAVNETEDUL",2240.6422,3488.21,7,6,271920000000,223150000000
"NBIFIN",406.8471,562.61,5,3,12945800000,10705500000
"NDGL",59.5,338,2,2,-1595000000,26195900000
"NELCAST",522.8772,1225.15,5,4,30807700000,50818400000
"NEOGEN",898.3823,3876.79,6,6,40984700000,5259000000000
"NESTLEIND",142915.0875,242003.45,10,10,NA,52845000000000
"NETF",88.3449,705.38,2,3,NA,NA
"MID150BEES",15.6365,1689.55,1,4,NA,NA
"NV20BEES",32.3546,171.8,1,2,NA,NA
"OBEROIRLTY",20167.1981,63594.03,10,10,962980000000,2466880000000
"OIL",17160.7122,102150.97,9,10,218314000000000,1075439000000000
"OILCOUNTUB",26.5737,234.56,1,2,-61914800000,-75989900000
"OLECTRA",1477.4533,12701.99,7,8,-26528100000,97784000000
"OMAXE",2853.2484,2226.81,8,5,4426000000000,-50730000000000
"OPTIEMUS",273.3182,5144.99,4,6,-75150000000,71520200000
"ORIENTALTL",29.0855,110.41,1,1,3804900000,-7792000000
"ORIENTCEM",1751.6279,6350.93,7,7,137398700000,281428800000
"ORIENTELEC",4362.5339,5521.91,8,7,11427000000000,7758000000000
"ORIENTHOT",644.743,2779.72,5,5,-5620000000,67800000000
"ORISSAMINE",848.82,4680,6,6,-48442800000,-5308800000
"PATINTLOG",44.2336,162.17,2,1,3264700000,5675600000
"PDMJEPAPER",156.6675,1158.2,3,4,41051300000,131640000000
"PENIND",438.027,2277.49,5,5,63120000000,131420000000
"PFOCUS",1330.1617,4160.01,7,6,-128324600000,-586706100000
"PGHH",36518.328,52430.58,10,9,593870000000,939200000000
"PILANIINVS",1448.7644,5970.16,7,7,71620000000,201612400000
"PILITA",123.375,309.03,3,2,4328200000,6197900000
"PLASTIBLEN",550.0614,883.63,5,4,51535700000,46160300000
"POLYPLEX",1717.0933,3819.52,7,6,570770000000,75910000000
"PRAXIS",153.9576,214.87,3,2,-80724600000,-77327300000
"PRESTIGE",13500,72626.11,9,10,7845000000000,21110000000000
"PRINCEPIPE",1862.7361,6190.87,7,7,1505740000000,2258412000000
"PTC",1860.4123,6386.38,7,7,590470000000,670890000000
"PUNJABCHEM",694.0397,1551.29,5,4,22080000000,73080000000
"PVRINOX",9891.7429,15445.81,9,8,NA,-439000000000
"RADIOCITY",732.8535,541.34,5,3,28920000000,12900500000
"RAIN",3973.9242,5664.06,8,7,8504410000000,NA
"RAJESHEXPO",20888.1658,8628.97,10,7,NA,3669390000000
"RAMCOCEM",19482.1997,19565.01,9,8,792240000000,54166000000000
"RAMKY",233.4064,4876.71,4,6,-2631120000000,4634249000000
"RANASUG",59.8914,340.92,2,2,34664200000,36976900000
"REMSONSIND",43.4215,613.52,2,3,7412400000,16626200000
"REPCOHOME",2027.9265,3322.01,7,6,36019000000000,52472000000000
"RESPONIND",2431.5747,7255.75,7,7,26500800000,172095500000
"RITES",7825,15939.22,9,8,86669000000000,67036000000000
"ROSSELLIND",278.8932,2119.67,4,5,40670000000,15760000000
"RUCHIRA",202.6238,424.1,4,3,25020800000,66062700000
"RUSHIL",206.127,979.09,4,4,19716200000,61268500000
"RVNL",5285.526,119263.15,8,10,970898000000,194897000000000
"SAFARI",1412.836,12093.04,7,8,40219500000,23012000000000
"SALASAR",155.3712,3348.21,3,6,27948500000,72023000000
"SAMBHAAV",46.8222,114.28,2,1,428100000,1037800000
"SANDESH",480.6582,1267.12,5,4,74012500000,240658600000
"SANGAMIND",237.712,2065.13,4,5,20140000000,60030000000
"SANOFI",15488.0933,17042.66,9,8,7189000000000,NA
"SARLAPOLY",221.7005,784.93,4,3,31570000000,45082500000
"SASKEN",934.6591,2276.6,6,5,111965900000,93799700000
"SATIN",1192.4552,2319.89,6,5,211626400000,582887900000
"SCHNEIDER",2020.4291,19284.94,7,8,-309270000000,214110000000
"SDBL",337.0136,2123.21,4,5,20887600000,121931400000
"SETF10GILT",25.5513,32.98,1,1,NA,NA
"SETFGOLD",1318.8182,2315.8,6,5,NA,NA
"SHALPAINTS",458.2942,1140.15,5,4,-6310000000000,-7385000000000
"SHARIABEES",1.897,23.81,1,1,NA,NA
"SHREDIGCEM",397.2617,1458.88,4,4,76572800000,118242100000
"SHREECEM",85836.0995,92084.02,10,10,193426000000000,295920000000000
"SHREYANIND",167.2825,361.39,3,2,32544900000,114739300000
"SHRIPISTON",1608.6443,9822.89,7,7,86410000000,589130000000
"SIEMENS",53727.8629,235947.64,10,10,10369000000000,NA
"SIMPLEXINF",317.4284,988.57,4,4,-482560000000,-102990000000
"SITINET",156.9695,85.46,3,1,-145606000000,NA
"SOBHA",4201.6713,18289.11,8,8,4330000000000,742320000000
"SOLARINDS",9999.1511,98635.52,9,10,33580000000000,116093000000000
"SOMICONVEY",16.3148,216.72,1,2,3256500000,6099000000
"SPECIALITY",312.5032,812.85,4,3,-11390000000,34310000000
"SPENCERS",607.2438,915.29,5,4,-13097000000000,-266505500000
"SPLIL",100.05,172.41,3,2,30269700000,16093900000
"SRF",20523.4125,74270.72,10,10,91470000000000,169222000000000
"STEELCITY",46.3032,154.09,2,1,10027100000,15511600000
"STEELXIND",193.7613,1521.1,3,4,50655800000,1271600000
"STERTOOLS",871.7859,1778.88,6,5,36605600000,71800200000
"SUMEETINDS",18.6556,37.83,1,1,-146030800000,-63467000000
"SUNDARAM",40.7409,139.79,2,1,-2698500000,-3223300000
"SUPRAJIT",2947.113,7236.09,8,7,1603010000000,2277750000000
"SUPREMEIND",15433.7647,67438.57,9,10,610110000000,129852000000000
"SURYALAXMI",37.0125,169.62,2,1,-22978400000,9901600000
"SUTLEJTEX",564.3896,1137.13,5,4,5070000000000,-19518000000000
"SUVEN",4027.2176,3290.08,8,6,-106400800000,-113535300000
"SYMPHONY",8219.9475,10662.82,9,8,23400000000000,18300000000000
"TAJGVK",1147.4374,2041.56,6,5,35940000000,105050000000
"TARAPUR",6.63,39.39,1,1,-10253900000,-1249000000
"TASTYBITE",2160.572,3557.22,7,6,533540000000,555410000000
"TATAINVEST",4378.9492,36191.83,8,9,10628000000000,34130000000000
"TBZ",270.9263,1553.49,4,4,28059600000,71586300000
"THANGAMAYL",536.4357,5817.1,5,7,69415600000,165075900000
"THEINVEST",637.7971,956.03,5,4,-6077400000,30834200000
"THOMASCOOK",2326.3943,10023.81,7,7,-29826000000,3449270000000
"THOMASCOTT",1.4238,265.25,1,2,-1887100000,9997300000
"TI",163.9252,5801.5,3,7,-183914100000,140953700000
"TIJARIA",24.0463,40.68,1,1,-2441400000,-2898400000
"TNTELE",2.6054,48.23,1,1,NA,-14618800000000
"TREJHARA",15.1249,362.69,1,2,8218800000,2640700000
"TTKHLTCARE",727.7121,2441.72,5,5,19424800000,84120300000
"TVSMOTOR",23276.8932,130886.5,10,10,91434000000000,274639000000000
"UCOBANK",13969.7432,58703.75,9,9,NA,NA
"UTISENSETF",6542.9619,46510.02,9,9,NA,NA
"VARDHACRLC",289.7113,494.24,4,3,4786000000000,2135000000000
"VARROC",6295.6985,8662.99,8,7,486510000000,2704640000000
"VBL",21362.9653,193877.7,10,10,4290340000000,NA
"VEDL",61017.7828,179877.85,10,10,912700000000000,1756000000000000
"VENKEYS",2517.4069,3404.98,7,6,-49700000000,109420000000
"VINATIORGA",10226.814,20007.47,9,8,424672600000,431956600000
"VIVIDHA",11.708,32.2,1,1,1755900000,-15533000000
"VLSFINANCE",204.1354,1414.46,4,4,-4825600000,386230900000
"VMART",3104.5878,7060.54,8,7,69530200000,-130500000000
"VSTIND",6655.4675,8177.11,9,7,420250000000,394690000000
"WABAG",1170.3752,8128.29,6,7,127740000000,3396000000000
"WALCHANNAG",260.9713,1728.7,4,4,-55670000000,-41830000000
"WEBELSOLAR",84.2156,4597.75,2,6,-557000000000,-4734000000000
"WELENT",1307.1732,7556.7,6,7,221520000000,47912000000000
"WESTLIFE",5986.0625,12794.7,8,8,NA,95843500000
"WILLAMAGOR",15.2293,39.98,1,1,-109354100000,-39394900000
"WSTCSTPAPR",1595.0811,3990.01,7,6,397015500000,1053285000000
"XPROINDIA",26.9938,2578.05,1,5,406700000,62184900000
"ZEEL",26201.9827,12952.6,10,8,1243010000000,659100000000
"ZEELEARN",645.6636,267.56,5,2,86789300000,52525400000
"ZENSARTECH",4181.3078,17659.06,8,8,375790000000,8758000000000
"ZENTEC",513.1144,14672.18,5,8,56734700000,183744800000
"UJJIVANSFB",8934.9138,8341.3,9,7,NA,NA
"UNIVCABLES",617.5778,2122.69,5,5,81095400000,70070700000
"UTISXN50",15.5268,20.43,1,1,NA,NA
"V2RETAIL",395.9401,3777.16,4,6,-3874100000,31372800000
"VADILALIND",555.6193,3000.85,5,6,47937600000,17993000000000
"VAIBHAVGBL",2976.8634,5191.07,8,7,236341600000,190016200000
"VGUARD",9537.2389,20299.22,9,8,249581900000,34032000000000
"VIPIND",6428.5247,7073.83,9,7,19691000000000,5080000000000
"VISAKAIND",456.7362,946.91,5,4,57116600000,2993000000
"VSSL",334.2645,2315.28,4,5,-2316400000,122857800000
"WEIZMANIND",55.9598,209.18,2,2,6021100000,11935700000
"WENDT",572,2854.18,5,5,13610000000,54210000000
"WHEELS",1612.3254,1958.06,7,5,3554000000000,6664000000000
"ZODIACLOTH",395.6071,325.18,4,2,-30050000000,-36277900000
"ZUARI",500.4903,816.85,5,3,-81149000000000,22751000000000
