"ticker","st","ed","min_daily_return_val","min_daily_return_date","ret_1","ret_5","ret_10","ret_20","ret_50","ret_100","ret_200"
"3IINFOLTD",2016-01-01,2025-03-11,-0.9,2021-08-30,0,0,0,4.14201183431953,12.1183431952663,5.10650887573965,4.10059171597633
"63MOONS",2016-01-01,2025-03-11,-0.199663337239365,2017-12-07,0.0189874153177545,-0.0311189095599429,-0.00105743867436725,0.251583252960247,-0.000528719337184014,-0.098103582509268,-0.248521328886669
"A2ZINFRA",2016-01-01,2025-03-11,-0.199203187250996,2018-10-01,-0.099502487562189,-0.0398009950248757,0.213930348258706,0.213930348258706,0.27363184079602,0.517412935323383,0.0298507462686579
"AARVEEDEN",2016-01-01,2025-03-11,-0.199554069119287,2017-08-11,-0.0905292479108635,-0.0543175487465181,-0.0821727019498606,0.381615598885794,0.232590529247911,0.483286908077995,-0.0584958217270185
"ABREL",2016-01-01,2025-03-11,-0.195161774072339,2020-03-23,-0.0717648856815665,0.167858944807676,0.314658845154578,0.16152176143132,0.277856285996018,0.304745874131437,0.775577454114564
"ACLGATI",2016-01-01,2025-03-11,-0.199803907140286,2019-08-05,0.0991432981158524,-0.00979229887885624,-0.0195845977577126,-0.00122279468233388,0.447719313942595,0.435292538715619,0.00656879338497895
"ADANIENT",2016-01-01,2025-03-11,-0.281969859820044,2023-02-01,-0.266981981538588,0.0135341186440761,-0.166834472113594,-0.267426806592035,-0.131828521582452,0.118341275968245,0.0427153921186756
"ADANIPORTS",2016-01-01,2025-03-11,-0.211496575018151,2024-06-04,0.0845910564874492,0.12370391128548,0.159694143080187,0.209536010248609,0.19576444213139,0.0826694423315588,NA
"ADANIPOWER",2016-01-01,2025-03-11,-0.264563106796116,2020-03-12,0.0214521452145213,-0.108910891089109,-0.00660066006600646,-0.0330033003300331,0.201320132013201,0.209570957095709,0.655115511551155
"ADROITINFO",2016-01-01,2025-03-11,-0.26051020651216,2020-09-14,0.295464794176383,0.147748502222508,0.0795593635250915,0.636378277394833,0.454551310957933,1.15911872705018,2.19322940153321
"ADVANIHOTR",2016-01-01,2025-03-11,-0.199999111855179,2022-02-09,-0.0216623832229631,-0.0222480030640964,0.0878207725741185,0.0532775282957076,-0.0257617221108961,-0.174797808505088,-0.0148680828860234
"AGARIND",2016-01-01,2025-03-11,-0.197850884856351,2019-06-20,0.0997515804977727,0.270471270984706,0.20942956866284,0.172706009262573,0.234743464077711,0.0684009355924475,-0.340428069847888
"AHLUCONT",2016-01-01,2025-03-11,-0.19987583281597,2020-03-23,-0.106317274994923,-0.0707028625884633,-0.239406547969317,-0.0982585963578418,0.0189763004546186,0.310372391670009,0.375096990558719
"ALANKIT",2016-01-01,2025-03-11,-0.278140495867769,2019-10-25,0.0963230102848855,0.51833724502452,0.302745816398573,0.293567653176102,0.284399030663843,-0.165140153032992,0.646783826588051
"ALEMBICLTD",2016-01-01,2025-03-11,-0.19973703391405,2020-03-23,0.175207874960711,0.153720318884476,0.489256221961882,0.737191759293653,0.938844758122125,1.75683987198903,2.51809440809212
"ALPHAGEO",2016-01-01,2025-03-11,-0.199966522912113,2019-08-01,-0.199918772229948,-0.193740538810875,-0.197447478862319,-0.155241037254009,-0.211416193863611,-0.203108808290155,-0.348326831009317
"AMDIND",2016-01-01,2025-03-11,-0.197670980187842,2019-11-13,-0.0202940264541907,-0.0724652942312078,-0.0289872877141871,-0.118844954573907,0.0434780065170213,-0.43188426145305,0.00579160743431828
"ANANTRAJ",2016-01-01,2025-03-11,-0.199970064361623,2025-01-28,0.1,0.10420954162769,0.184190832553789,-0.0376052385406921,NA,NA,NA
"APARINDS",2016-01-01,2025-03-11,-0.199703250853433,2025-01-28,0.0150968119659312,0.00913057418068797,-0.0621018442365863,-0.101091486959309,NA,NA,NA
"ASAHISONG",2016-01-01,2025-03-11,-0.200001853413524,2020-03-23,-0.139840374390399,-0.187212575439897,-0.0268282229198283,0.0536506539089738,0.209476756982172,1.39440731173329,1.74828848448341
"ASAL",2016-01-01,2025-03-11,-0.195851128737035,2019-01-22,-0.0311077389984826,-0.193474962063733,-0.209408194233688,-0.348254931714719,-0.169954476479515,-0.332321699544765,-0.522761760242793
"ASHAPURMIN",2016-01-01,2025-03-11,-0.198945981554677,2024-10-28,-0.108347039473684,0.0191200657894739,-0.00781249999999967,0.164884868421053,0.992804276315789,NA,NA
"ASHOKA",2016-01-01,2025-03-11,-0.199882473950342,2016-04-06,0.0390575003514693,0.039057500351469,0.048268803599044,-0.00110558132995908,0.00663236327850436,0.172808097849008,0.359248699564178
"ASHOKLEY",2016-01-01,2025-03-11,-0.246273980494079,2020-03-19,-0.0853275685475539,-0.10822081854922,-0.206034806449391,-0.064516129032258,0.00624320967630831,0.281997560482481,1.34755348386652
"ASMS",2016-01-01,2025-03-11,-0.193548387096774,2019-06-19,-0.0666666666666667,-0.0133333333333332,0.0266666666666668,-0.0933333333333332,-0.293333333333333,-0.573333333333333,-0.76
"ASTRAL",2016-01-01,2025-03-11,-0.191298424271814,2020-03-23,0.0638138647268851,0.166168752907472,0.267595629780597,0.190116203672308,0.174328113864608,0.465405998998223,1.29726700669953
"ASTRAZEN",2016-01-01,2025-03-11,-0.191006590726545,2020-03-23,0.0658033521138663,0.179284596428483,0.345802310374949,0.453241734718528,0.792371601027815,0.747163055260796,1.29378924292953
"ATLANTAA",2016-01-01,2025-03-11,-0.199844128853481,2018-05-31,-0.147316764099951,0.00390389031327532,-0.0936579491589125,-0.258536316608653,-0.213657319499184,-0.398871728474984,-0.623188006556332
"AUTOIND",2016-01-01,2025-03-11,-0.19047619047619,2019-10-16,-0.0986717267552183,-0.148007590132827,-0.074003795066414,-0.00759013282732457,-0.0607210626185957,-0.411764705882353,0.430740037950665
"AVTNPL",2016-01-01,2025-03-11,-0.197531938405048,2020-07-29,-0.00897249969504355,0.128206448814735,0.169230560713463,0.239744649706564,0.188482129545547,0.203984765725593,0.565538553286076
"AXISBANK",2016-01-01,2025-03-11,-0.279107125281791,2020-03-23,-0.0178201375355745,0.192774100013165,0.26794081841956,0.308762651176171,0.360926049029758,0.444354328827371,1.1892097474397
"BAJAJFINSV",2016-01-01,2025-03-11,-0.258621271915013,2020-03-23,-0.0266824579270283,0.00867760124681549,-0.0027157497215381,-0.0500428945293477,0.149262116484405,0.372642292162176,0.938736200271357
"BAJAJHLDNG",2016-01-01,2025-03-11,-0.199986901500227,2020-03-23,-0.163931601652535,0.00879376081857197,0.109360929576324,0.0309837101897976,0.371613308590813,0.440457033220643,0.746514192222654
"BAJFINANCE",2016-01-01,2025-03-11,-0.232308001383783,2020-03-23,0.0918076054326438,-0.0106127730257192,0.0294553253027157,-0.127926135028106,0.0783045710051562,0.50912342989924,1.22500721949734
"BANARBEADS",2016-01-01,2025-03-11,-0.190931637253523,2019-10-09,-0.0305613074988906,-0.0747041857713355,-0.0407484099985208,0.129030468865553,-0.0373539417245971,0.0797958881822216,0.392186806685403
"BANCOINDIA",2016-01-01,2025-03-11,-0.19560092244856,2025-02-10,-0.0586015652480998,-0.118661600256935,-0.0923841183904834,-0.0770903458756172,NA,NA,NA
"BBTC",2016-01-01,2025-03-11,-0.195818625450821,2020-03-23,0.0230538325719665,0.16794308393536,0.319646326284944,0.535380992676917,0.794530588894317,1.48495967281946,1.21796768717618
"BEARDSELL",2016-01-01,2025-03-11,-0.218879424865203,2016-05-10,0,0.0375007145715427,-0.010418453095524,-0.0520851197621908,0.312503572857713,1.35156205339278,2.89740181787
"BEL",2016-01-01,2025-03-11,-0.198022837702206,2024-06-04,0.0187831492579182,0.119937235629551,0.210330475636985,0.230678788696574,0.190066595411667,0.0596028737149141,NA
"BEML",2016-01-01,2025-03-11,-0.196103647667305,2024-06-04,-0.0190575102000119,0.0758174229654012,0.20414959972858,0.214756273751791,-0.00665408157734293,0.00901361852992699,NA
"BEPL",2016-01-01,2025-03-11,-0.199682939823538,2018-10-22,-0.114087108296801,-0.0684526708881309,-0.16617145640526,-0.221231125182659,-0.121527439519402,-0.269345672998863,-0.426587108296801
"BGRENERGY",2016-01-01,2025-03-11,-0.199606040709127,2024-02-27,-0.100082034454471,-0.20180475799836,-0.316652994257588,-0.429040196882691,-0.298605414273995,-0.295816242821985,0.330762920426579
"BHARATGEAR",2016-01-01,2025-03-11,-0.203681616945163,2022-09-27,0.42254620911024,0.330231561162282,0.292405071271411,0.251426373889635,0.217652722201357,0.0942663147001843,0.169919294481925
"BHEL",2016-01-01,2025-03-11,-0.208380062765795,2024-06-04,0.0356924955478761,0.197322758380486,0.204826520409949,0.26262395821113,0.203808834101707,-0.0673576812177801,NA
"BIL",2016-01-01,2025-03-11,-0.1998199819982,2022-05-12,-0.0157480314960631,-0.037120359955006,-0.0958942632170978,-0.0621484814398199,0.254499437570304,0.236782902137233,0.0939257592800899
"BIRLACABLE",2016-01-01,2025-03-11,-0.199869344249381,2019-08-13,-0.199835349034585,-0.271088478676002,-0.270270316146828,-0.176084871631657,-0.0720712921705918,0.0712531296414172,-0.268632293655846
"BLBLIMITED",2016-01-01,2025-03-11,-0.2,2020-03-06,-0.0972222222222222,-0.138888888888889,-0.152777777777778,-0.152777777777778,-0.124999999999999,0.138888888888889,0.611111111111112
"BLISSGVS",2016-01-01,2025-03-11,-0.200000378057064,2021-03-15,-0.199922970836822,-0.211864066367949,-0.226501970229567,-0.261555752810422,-0.170647163113585,-0.127503743160511,-0.216054200806679
"BLKASHYAP",2016-01-01,2025-03-11,-0.19811320754717,2020-03-16,-0.0588235294117647,-0.152941176470588,0.0588235294117647,0.247058823529412,-0.0352941176470586,0.588235294117649,1.84705882352941
"BPCL",2016-01-01,2025-03-11,-0.198853291799466,2018-10-05,-0.00150796803955322,0.0889559881693371,0.0220509424800246,0.0998878735708293,0.363550964552156,0.394301858473492,0.351794464309364
"BRIGADE",2016-01-01,2025-03-11,-0.199741342613804,2020-03-23,-0.0397281077174204,-0.0284926545230108,0.143657064895198,-0.0365202985292805,0.0268846894109811,0.213079740451692,1.20665600103949
"BSL",2016-01-01,2025-03-11,-0.194601406997008,2016-02-09,-0.00793622122549387,-0.155203130377246,-0.148149134031634,-0.171957797708117,0.130510340474158,0.427688932070587,0.245680615580016
"BVCL",2016-01-01,2025-03-11,-0.244019138755981,2020-04-03,0.0126582278481011,0.145569620253164,0.329113924050633,0.329113924050632,0.670886075949366,1.12025316455696,1.11392405063291
"BYKE",2016-01-01,2025-03-11,-0.195238095238095,2020-03-23,-0.0532544378698224,0.00591715976331364,0.177514792899408,0.21301775147929,0.396449704142012,0.822485207100592,1.53254437869822
"CANBK",2016-01-01,2025-03-11,-0.209353417616961,2020-03-23,0.0565023397540538,0.141263104436464,0.148489135560634,0.0689882830921029,0.321289948126384,0.341001922588603,0.828519606776221
"CANFINHOME",2016-01-01,2025-03-11,-0.199987670509358,2016-11-15,0.102033293276991,0.216327159658195,0.316533967014956,0.279387783579121,0.373484089579034,0.856457367069523,1.24598412602545
"CARERATING",2016-01-01,2025-03-11,-0.199917960680432,2019-08-02,0.00831551261286978,0.106867494141091,0.214035191753423,0.116924928130301,0.109014628433346,0.281765048162274,-0.127376456388341
"CENTRALBK",2016-01-01,2025-03-11,-0.199398043641836,2018-09-21,-0.168233082706767,-0.226503759398496,-0.403195488721805,-0.43984962406015,-0.467105263157895,-0.463345864661655,-0.632518796992482
"CGPOWER",2016-01-01,2025-03-11,-0.298220161531559,2019-02-13,0.219880224206645,0.279086123484154,0.329809680100595,0.782251017667995,0.547579974851346,-0.10992945589395,-0.511625924426163
"CHENNPETRO",2016-01-01,2025-03-11,-0.198999598895784,2021-01-27,-0.0469707323970214,-0.0156588745404843,-0.0120004241681591,0.0120063153925916,-0.0234824205862945,0.505219624846827,0.180065274766707
"CHOLAFIN",2016-01-01,2025-03-11,-0.295990217103833,2020-03-23,0.0525562105967901,0.179713972215507,0.108050808056387,-0.0231537445835115,0.10547692994365,0.703788287366796,2.2565248926001
"CIGNITITEC",2016-01-01,2025-03-11,-0.199875964977855,2017-08-10,-0.160573312072489,0.0907700618774092,0.118128175751676,0.161082215268662,0.424443533928185,0.449499839499761,0.247762783256824
"COFORGE",2016-01-01,2025-03-11,-0.244018893922182,2020-03-23,0.179067786910767,0.308898654993287,0.274010812726676,0.291483347096403,0.649326019831127,1.34576727162638,2.233054502985
"COMPUSOFT",2016-01-01,2025-03-11,-0.2,2020-03-04,0.0131517281780902,-0.105272407732865,-0.0921206795547744,-0.0263327475102519,1.17103104862332,0.960515524311658,1.23681898066784
"CONCOR",2016-01-01,2025-03-11,-0.192037517271892,2024-06-04,0.0469039439740919,0.146561589568298,0.162635455124942,0.0777869637944977,0.0340049583099826,-0.17316919002862,NA
"CONSOFINVT",2016-01-01,2025-03-11,-0.191752577319588,2020-03-19,0.0765306122448979,0.0204081632653059,0.0561224489795915,0.201530612244898,0.397959183673469,0.377551020408163,1.31887755102041
"CREATIVEYE",2016-01-01,2025-03-11,-0.310344827586207,2020-03-18,0.45,0.45,0.5,0.3,0.25,0.400000000000001,2.95000000000001
"CUB",2016-01-01,2025-03-11,-0.2,2020-03-23,-0.00383416921856583,-0.0535614399347725,-0.0847372728967768,-0.0624140807948653,0.0430449292262769,-0.0481732194380453,0.377127241009887
"CYBERMEDIA",2016-01-01,2025-03-11,-0.292237442922374,2017-03-31,0.27741935483871,0.274838709677419,0.548387096774194,0.270967741935484,0.219354838709677,0.152258064516129,0.825806451612906
"CYIENT",2016-01-01,2025-03-11,-0.233784361202108,2025-01-24,0.00431258829652759,0.0814558703249313,0.112870845416016,0.0800431258829655,NA,NA,NA
"DALMIASUG",2016-01-01,2025-03-11,-0.193587638960889,2016-08-09,-0.0289059919107866,-0.15495843787109,-0.12123998892867,-0.128463138721976,-0.0887224221212312,0.193092025964054,0.142512120427496
"DATAMATICS",2016-01-01,2025-03-11,-0.190343563902886,2023-07-17,0.117777853214746,0.0113136593719119,0.035240379900574,-0.0351479696139888,0.157305881820445,0.339555940284096,0.00200096559319873
"DBREALTY",2016-01-01,2025-03-11,-0.194410394704584,2024-06-04,0.0794278758368836,0.210286062081558,0.171941570298235,0.241752891052952,0.20876445526476,-0.035544735240414,NA
"DCMSHRIRAM",2016-01-01,2025-03-11,-0.199640614760163,2020-03-23,-0.0361680322456246,0.0621087497424682,0.0838100973602331,0.317783694406145,0.481914663201213,0.86405489785892,0.955099658209058
"DELPHIFX",2016-01-01,2025-03-11,-0.2,2024-11-18,-0.0268485915492958,-0.0330105633802816,-0.0316901408450702,-0.0477552816901404,-0.145906690140845,NA,NA
"DELTACORP",2016-01-01,2025-03-11,-0.231860583921603,2023-07-12,-0.0525066147109894,-0.00606865454994687,0.0321899073008625,-0.0184695403807538,-0.0744063799413318,-0.262533073554947,-0.372295476437571
"DELTAMAGNT",2016-01-01,2025-03-11,-0.209419680403701,2018-07-13,0.1,0.203191489361702,0.190425531914894,0.33404255319149,1.40531914893617,0.720212765957446,0.364893617021276
"DHANI",2016-01-01,2025-03-11,-0.2,2022-02-21,-0.199709864603482,-0.239845261121857,-0.318181818181818,-0.422630560928433,-0.548839458413927,-0.694874274661509,-0.58220502901354
"DIACABS",2016-01-01,2025-03-11,-0.829090909090909,2023-09-25,0.0496453900709219,0.273049645390071,0.776595744680851,1.3563829787234,3.31737588652482,10.7659574468085,42.2659574468085
"DISHTV",2016-01-01,2025-03-11,-0.332339791356185,2019-01-25,0.0669642857142858,0.0892857142857144,0.332589285714286,0.667410714285715,0.687500000000001,0.180803571428573,-0.274553571428571
"DIVISLAB",2016-01-01,2025-03-11,-0.222648431406566,2016-12-23,-0.115147817130973,-0.090307516260472,-0.144050994916458,-0.170748398990339,-0.123621623259043,-0.309053749042547,0.0247790980685261
"DLINKINDIA",2016-01-01,2025-03-11,-0.199930352852794,2017-05-15,-0.08650361654367,-0.0480591949216782,-0.109220107884994,-0.195283577126034,-0.0908708558908828,0.055331406466252,-0.0710984609515987
"EDELWEISS",2016-01-01,2025-03-11,-0.199316339118398,2020-03-18,-0.0993566749385488,-0.322650452209298,-0.138889215582501,-0.201920174375982,-0.0405949482713334,0.639961424018252,0.507481937110172
"EKC",2016-01-01,2025-03-11,-0.199827580370078,2022-08-10,-0.0359324679682399,-0.0916277933190118,-0.14947862908079,-0.158461746072849,-0.208992599778978,-0.287045418902112,-0.265364120781527
"EMBDL",2016-01-01,2025-03-11,-0.2,2023-05-09,0.00180505415162457,0.0270758122743684,0.0442238267148016,0.209386281588448,0.185920577617328,0.502707581227436,1.17057761732852
"EMKAY",2016-01-01,2025-03-11,-0.199635962576725,2022-05-25,-0.0848509458465975,-0.117311259830495,-0.160592073096379,-0.253416329956564,-0.144411046380164,-0.0702136752642679,-0.251648823892231
"ENERGYDEV",2016-01-01,2025-03-11,-0.20000016700778,2016-11-17,-0.100000104379884,-0.341304477166378,-0.429130755637297,-0.472173888536897,-0.449129941474199,-0.713913525441031,-0.852174076420688
"ESSENTIA",2016-01-01,2025-03-11,-0.766624843161857,2020-06-22,0.14336917562724,0.42831541218638,1.1415770609319,2.56989247311828,6.85483870967742,2.85663082437276,10.9964157706093
"ESTER",2016-01-01,2025-03-11,-0.198298778247723,2016-02-11,-0.0891716152926053,-0.0403394283485181,-0.215498461950609,0.324842141378346,0.316349382782777,0.110403511781529,-0.158173516410951
"EVEREADY",2016-01-01,2025-03-11,-0.199998631575706,2019-04-30,-0.0789280124526397,-0.229095216510011,-0.36134892194008,-0.223125475740445,-0.403158488920059,-0.593005653293193,-0.427050280954133
"EXCELINDUS",2016-01-01,2025-03-11,-0.193526095653755,2025-02-10,-0.086272210697213,-0.214620726977541,-0.218454045278254,-0.177234599080003,NA,NA,NA
"FEDERALBNK",2016-01-01,2025-03-11,-0.241966047853812,2020-03-23,-0.0573563886065181,0.0149627616538393,0.0187047486670957,0.0748138082691954,0.208228740949734,0.334164886002946,0.900249984440803
"FIEMIND",2016-01-01,2025-03-11,-0.193213550011444,2020-03-23,0.0137405374223962,0.0420632556468123,0.162545923940026,0.210737099923874,0.238218174768666,1.41682624792544,1.55195729369099
"FILATEX",2016-01-01,2025-03-11,-0.199705037739582,2020-03-12,0.0443628736234924,-0.219964042250356,-0.327170574574875,0.0314255749494341,0.0665443104352379,-0.0573001722975507,0.765248333208478
"FINPIPE",2016-01-01,2025-03-11,-0.196372477805237,2020-03-23,-0.00214222376204676,0.190146799785263,0.224089640658687,0.262152274547671,0.565826642814632,0.481792813173733,1.13577307864482
"FLEXITUFF",2016-01-01,2025-03-11,-0.199822773593265,2017-07-17,-0.12015503875969,0.226467331118493,0.0177187153931335,-0.086932447397564,-0.158361018826136,-0.111849390919159,-0.388150609080842
"FMGOETZE",2016-01-01,2025-03-11,-0.199886989687809,2020-03-23,-0.072563559322034,0.113524011299435,0.0512005649717515,0.187146892655367,0.561970338983051,0.450388418079096,0.102224576271186
"GANECOS",2016-01-01,2025-03-11,-0.197492102534423,2020-03-18,0.0144414529195414,-0.0946086444385683,-0.00471766148224717,-0.0203370273323877,0.0613025553498878,0.326552320969253,1.64102802951994
"GENESYS",2016-01-01,2025-03-11,-0.2,2020-03-24,0.0123966942148761,0.0020661157024795,0.167355371900826,0.336776859504132,0.413223140495868,0.876033057851239,2.16942148760331
"GENUSPAPER",2016-01-01,2025-03-11,-0.19620253164557,2019-02-06,0.094488188976378,0.078740157480315,0.0236220472440947,0.15748031496063,0.149606299212598,-0.0787401574803152,-0.236220472440945
"GEPIL",2016-01-01,2025-03-11,-0.199916001679966,2022-02-10,-0.063254593175853,-0.116535433070866,-0.223097112860892,-0.192125984251968,-0.040682414698163,-0.317322834645669,-0.13753280839895
"GFLLIMITED",2016-01-01,2025-03-11,-0.314481070792952,2019-08-06,-0.0495052975224818,-0.225117166376254,-0.430954455326564,-0.432516673676621,-0.0863038013979851,-0.00970002403412862,0.075230577419936
"GHCL",2016-01-01,2025-03-11,-0.199705553468813,2020-03-12,-0.0516440536239312,-0.217549159765868,-0.267634127262429,0.0660372778032525,0.00812990586140794,0.368856040784396,1.01341677231408
"GLENMARK",2016-01-01,2025-03-11,-0.230590294753111,2020-03-12,0.0522085575198565,0.028864975659749,0.0451806302843969,0.605170381757623,0.782380220343325,1.27635408660005,1.5357750448373
"GLOBUSSPR",2016-01-01,2025-03-11,-0.194203951640333,2022-05-25,-0.00568714165571449,0.066083509474306,0.0197986716678979,-0.0663473212182452,0.124269188173986,-0.125298853404876,-0.123713318176149
"GMDCLTD",2016-01-01,2025-03-11,-0.192024676199179,2022-05-25,0.0155663034919276,0.161731736635063,0.103264894650348,-0.00189835008216999,0.319286434361892,0.113178779271455,0.0944234816960938
"GOACARBON",2016-01-01,2025-03-11,-0.200000557508384,2018-10-08,0.190665677088596,0.574142278561581,0.168026175036848,0.1475330817575,0.264163916870797,0.0334772402851196,-0.38937690264387
"GODREJPROP",2016-01-01,2025-03-11,-0.199942853060933,2020-03-23,0.0198214285714287,0.0554464285714285,0.227053571428572,0.191607142857143,0.489553571428572,0.592678571428572,1.63214285714286
"GOKEX",2016-01-01,2025-03-11,-0.199720499524755,2016-08-10,-0.0739841365969531,-0.0446268454876323,-0.107457210557571,-0.140924404828401,0.0158575233570675,-0.213738483157629,-0.0434509075301196
"GOLD1",2016-01-01,2025-03-11,-0.851770597353046,2024-04-16,0,-0.0167310167310167,-0.0138352638352639,0.00740025740025763,-0.0173745173745169,-0.0164092664092663,0.116151866151867
"GOLDTECH",2016-01-01,2025-03-11,-0.245439469320066,2016-03-10,0.263736263736264,0.131868131868132,0.153846153846154,0.098901098901099,0.450549450549452,1.24175824175824,0.472527472527474
"GOODLUCK",2016-01-01,2025-03-11,-0.197992771200319,2022-12-23,0.0678041563734315,0.05625061061564,0.0273695376069449,0.348095577049226,0.149498248405421,0.330068807659563,1.21271336655082
"GPIL",2016-01-01,2025-03-11,-0.199999730962576,2022-05-23,-0.0733866587749048,-0.0624200244487677,-0.0866132067064279,-0.272903064167085,-0.0583878274058243,-0.127022614269404,0.252799249385839
"GSPL",2016-01-01,2025-03-11,-0.195419068742078,2024-04-22,-0.00839128264847777,-0.0176060555647978,-0.0422908001996339,-0.0199101646980535,0.00937947096988867,0.381467309931792,0.14074197304941
"GSS",2016-01-01,2025-03-11,-0.199893105291288,2019-06-25,-0.030060120240481,-0.119572478289913,-0.328657314629258,-0.402137608550434,-0.537742150968604,-0.577154308617234,-0.67000668002672
"GTLINFRA",2016-01-01,2025-03-11,-0.2,2020-03-20,0,0,0.25,0.5,2.25,3,4.00000000000001
"GUJAPOLLO",2016-01-01,2025-03-11,-0.197534448889462,2020-03-23,0.133959322609321,0.0243188792945559,0.0661264456644586,0.118601441085683,0.331056602593597,0.601534894732846,0.807374284705997
"HATSUN",2016-01-01,2025-03-11,-0.19945058349685,2020-03-23,-0.00919193847731004,0.238725512961425,0.294362197464993,0.232842947543685,0.391298963326849,0.923801857308227,1.405845412373
"HBSL",2016-01-01,2025-03-11,-0.822019593735188,2018-07-26,0.0458673410736865,0.261466835268421,0.674311223512281,0.376144767597808,-0.0642219412192967,-0.064221941219297,-0.311922826378511
"HCC",2016-01-01,2025-03-11,-0.25427135678392,2018-05-03,0.0515737999499213,-0.0315201861753052,-0.0257905822397007,-0.151863962411441,-0.323781538597499,-0.315187132694091,-0.195204218402486
"HDFCSENSEX",2016-01-01,2025-03-11,-0.194174757281553,2016-05-02,0.216867469879518,0.234939759036145,0.301204819277108,0.289686746987952,0.349397590361445,0.398313253012047,0.397542168674698
"HEG",2016-01-01,2025-03-11,-0.199992262344175,2019-01-28,-0.0999873218689917,0.0762164797404774,0.0080669509879141,-0.0394041539830895,-0.0597427515726759,-0.337908788036027,-0.485164626184654
"HFCL",2016-01-01,2025-03-11,-0.194108603585311,2024-06-04,0.0796874268869028,0.289394086642695,0.522228181252092,0.422528012439575,0.578309451221341,0.408330723758173,NA
"HIKAL",2016-01-01,2025-03-11,-0.248872255703062,2019-10-25,0.0327643394547366,0.144900707633591,0.0387604277209628,0.0235322670448324,0.0950617930207431,-0.279750829220937,0.276719473486345
"HIL",2016-01-01,2025-03-11,-0.194895839636973,2020-03-23,0.0545349830392658,0.148807379749616,0.260619371842741,0.311135515045025,0.891476682041145,1.84292261512556,3.03441833223515
"HILTON",2016-01-01,2025-03-11,-0.2,2024-03-13,-0.0499139414802066,-0.0649741824440621,-0.122203098106713,0.0219449225473323,0.0292598967297764,-0.270481927710843,-0.0166092943201371
"HINDCOPPER",2016-01-01,2025-03-11,-0.194061969122629,2024-06-04,0.0748493159518537,0.104487707822405,0.0944407611685547,0.0894172878416299,0.0514065523798777,-0.0261709626650165,NA
"HINDPETRO",2016-01-01,2025-03-11,-0.239698743347603,2018-10-05,0.085408109089893,0.322840696342247,0.275595886774527,0.412482186268757,0.430351803727611,0.473265431581301,0.711256880990305
"HITECHGEAR",2016-01-01,2025-03-11,-0.199888024250102,2020-03-23,-0.0543755610373272,0.0213317877564867,0.123191427703051,0.352370316442722,0.465242191420634,0.752231779981481,1.53199414754133
"HONAUT",2016-01-01,2025-03-11,-0.199998406571092,2020-03-23,0.0818146098827464,0.191340829876291,0.333611246314544,0.377142824603486,0.406804926284367,0.524882639754561,0.990268613900474
"HOVS",2016-01-01,2025-03-11,-0.199279093717817,2019-06-19,0.0514469453376205,0.0565916398713826,0.0385852090032153,-0.171704180064309,-0.0482315112540196,-0.397427652733119,-0.555627009646303
"IDEA",2016-01-01,2025-03-11,-0.350515463917526,2020-03-18,0.0476190476190477,0.0634920634920637,-0.0317460317460316,0.174603174603175,1.73015873015873,1.87301587301587,2.79365079365079
"IGL",2016-01-01,2025-03-11,-0.198989650073928,2024-11-18,-0.0141516689740041,-0.00276880479926167,0.056914320873712,0.2130441470543,0.177664974619289,NA,NA
"IIFL",2016-01-01,2025-03-11,-0.200000430954143,2024-03-06,0.0995558476468543,-0.0304805949325154,-0.120093517099462,0.111591595312293,0.0596090705122156,0.160479329004037,0.112400981498589
"IITL",2016-01-01,2025-03-11,-0.198956294846706,2019-07-29,0.00977198697068404,-0.0610749185667753,-0.104234527687296,-0.00244299674267101,0.0187296416938112,-0.0684039087947877,-0.0171009771986966
"IMAGICAA",2016-01-01,2025-03-11,-0.19831223628692,2018-09-27,-0.1,-0.147368421052632,-0.18421052631579,-0.389473684210526,-0.428947368421053,-0.518421052631579,-0.781578947368421
"INDIAGLYCO",2016-01-01,2025-03-11,-0.199789049520534,2020-03-12,0.0524004543892038,-0.0867459950691032,-0.100835247489591,0.117569791768635,0.190665898727665,0.225892444527411,0.420740271950573
"INDIGO",2016-01-01,2025-03-11,-0.191635246516998,2016-01-22,-0.0677474211249331,-0.0890734569508433,-0.148662383883897,-0.153258005161563,0.023185091819826,0.0733763354645562,-0.107809451390561
"INDORAMA",2016-01-01,2025-03-11,-0.198170731707317,2020-03-19,-0.0380228136882129,-0.338403041825095,-0.0152091254752851,-0.0532319391634979,0.136882129277567,0.262357414448669,2.07984790874525
"INDOWIND",2016-01-01,2025-03-11,-0.194443575384038,2019-07-30,0.103464346745378,0.0862202889544819,0.0689762311635855,0.137952462327171,0.0172440577908968,0.000000000000000444089209850063,0.155196520118067
"INDSWFTLAB",2016-01-01,2025-03-11,-0.196110210696921,2023-09-07,-0.0660282258064516,-0.0776209677419356,-0.136592741935484,-0.0912298387096775,-0.0665322580645163,0.0977822580645158,0.344052419354839
"INDUSINDBK",2016-01-01,2025-03-11,-0.271571349250416,2025-03-11,NA,NA,NA,NA,NA,NA,NA
"INDUSTOWER",2016-01-01,2025-03-11,-0.228908678127428,2020-03-18,-0.172448268668349,-0.0160124068599858,0.0346896120100926,0.0877218533140722,0.496723124702327,0.393823336075544,0.841934556962526
"INSECTICID",2016-01-01,2025-03-11,-0.199930770593065,2020-03-23,-0.0340147233914108,0.326429996813844,0.439816879915483,0.744440158972381,0.723072795264366,1.09790887595794,1.0815823453457
"INVENTURE",2016-01-01,2025-03-11,-0.201298701298701,2024-08-30,-0.0203252032520325,-0.0162601626016261,0.00813008130081294,-0.0487804878048781,-0.109756097560976,-0.203252032520325,NA
"ISFT",2016-01-01,2025-03-11,-0.1999360797444,2018-08-16,-0.0486640122532156,-0.07179908573328,-0.202832311739895,-0.299185495243274,-0.504193587984357,-0.318719436034865,-0.512652052628759
"JAICORPLTD",2016-01-01,2025-03-11,-0.199871154775326,2025-01-02,-0.091988727858293,-0.226247987117552,-0.371980676328502,-0.477657004830918,NA,NA,NA
"JINDRILL",2016-01-01,2025-03-11,-0.199640650495939,2020-03-23,-0.0440165849635773,-0.0406262885417146,0.0632129930819623,0.171565034132038,0.774270399047051,0.655758922435516,1.0927291886196
"JINDWORLD",2016-01-01,2025-03-11,-0.199363997482038,2020-03-18,-0.109341322235628,-0.273339749759384,-0.230665997912402,-0.280009217964185,-0.0426737518469815,0.233322940530575,0.56933129092166
"JISLJALEQS",2016-01-01,2025-03-11,-0.281019272997146,2019-06-19,0.215735621970491,0.482231314813534,0.30202774245383,0.197964276402953,-0.00761933139302828,-0.390772734286459,-0.760565703431359
"J&KBANK",2016-01-01,2025-03-11,-0.199483816272264,2024-06-04,0.0736982144634284,0.121141962268827,0.118101912095794,0.0549969299060944,0.0269323283704836,-0.0881727214176139,NA
"JKTYRE",2016-01-01,2025-03-11,-0.19906645375261,2020-03-23,0.0203515121771671,0.130804858597632,0.232562419483467,0.441859395129133,0.802328078032023,0.800871112201706,1.42804122446476
"KAMDHENU",2016-01-01,2025-03-11,-0.465627191078762,2022-09-06,0.0498802457565344,0.0808427921829984,0.00585233781110062,-0.0261376653129229,0.609913568676455,1.66736089416502,1.16478183900864
"KANSAINER",2016-01-01,2025-03-11,-0.190231184532324,2020-03-23,0.0382622129780006,0.211528578468773,0.256307123432518,0.317794387828863,0.342522680528778,0.685272245491067,1.03819203709508
"KCPSUGIND",2016-01-01,2025-03-11,-0.199207847521589,2024-02-12,-0.056930563939753,-0.00247426982955878,0.00247426982955834,-0.157178239343375,-0.0123763175611055,0.349011161540505,0.238128597441763
"KECL",2016-01-01,2025-03-11,-0.199332777314429,2016-11-15,-0.0958333333333333,-0.175,-0.0541666666666667,-0.0843749999999998,-0.0406249999999999,-0.11875,0.00312499999999982
"KEI",2016-01-01,2025-03-11,-0.210329528549047,2025-02-27,0.0237075073773361,0.0960970974141808,NA,NA,NA,NA,NA
"KEYFINSERV",2016-01-01,2025-03-11,-0.391948837774686,2020-04-21,0,-0.139372938393363,-0.0557499157772372,0.240418041071091,0.242161729917036,0.313590036909932,1.33561382660107
"KHANDSE",2016-01-01,2025-03-11,-0.242165242165242,2019-02-04,0.0488721804511276,0.0902255639097742,0.120300751879699,0.176691729323308,0.12781954887218,0.0375939849624056,0.0150375939849619
"KICL",2016-01-01,2025-03-11,-0.19998115607481,2020-03-23,-0.0499352255329172,0.0230243787539748,0.244494170297963,0.257036862560358,0.49275703686256,0.699917559769168,0.877164056059357
"KITEX",2016-01-01,2025-03-11,-0.200001939694886,2018-07-04,-0.0446555214761113,-0.0496654018208929,-0.105592396377611,0.0845436250560696,0.034238728526919,-0.0761756397977861,-0.154190963424539
"KRBL",2016-01-01,2025-03-11,-0.199874050538064,2019-07-05,-0.0357986135955183,-0.0658626306330573,-0.206091930317812,-0.0652691788057728,-0.129166263315839,-0.169977650856717,-0.243243698257103
"LINC",2016-01-01,2025-03-11,-0.199874744912176,2020-03-23,-0.177432407333705,0.0665379819045344,0.131517153546127,0.0455272095306321,0.175097508556873,0.29688702273873,0.429312929501976
"LINDEINDIA",2016-01-01,2025-03-11,-0.19997387179762,2019-01-18,0.0873641608138334,-0.0732780025306682,-0.253704096048155,-0.310047054350748,-0.211936346408452,-0.150560523752858,0.0788476499203199
"LTFOODS",2016-01-01,2025-03-11,-0.199507130872483,2020-03-12,0.0404794655138534,0.0218117508351345,0.0311456081744941,0.389401978122749,0.635521058492174,2.557607912491,2.61397131067007
"LUMAXTECH",2016-01-01,2025-03-11,-0.195093107073134,2020-03-12,0.0573318718564644,-0.0957889254258106,-0.260523799528907,-0.0297503828602969,0.0602315041551034,0.43468830896243,0.816429176675453
"LUXIND",2016-01-01,2025-03-11,-0.199994318067446,2022-01-25,-0.00614854257859043,0.0222660935046017,0.0128834764186307,-0.0860788822947134,-0.142392608400742,-0.389007430180448,-0.40270821395679
"MAANALU",2016-01-01,2025-03-11,-0.199769201179638,2020-03-23,-0.077231212946643,-0.0286813010735457,0.100624899855792,0.30700208299952,0.592533247876944,1.66623938471399,3.30011216151258
"MANAKCOAT",2016-01-01,2025-03-11,-0.368430792005922,2020-04-01,0,0.20836298187602,0.416684106985894,0.500020928383073,0.791678874890126,0.854171026746473,2.81252354443096
"MANGALAM",2016-01-01,2025-03-11,-0.193140794223827,2019-02-12,-0.063758389261745,-0.0413870246085013,0.059284116331096,0.503355704697986,0.174496644295302,-0.344519015659955,-0.384787472035794
"MANGCHEFER",2016-01-01,2025-03-11,-0.198466317186022,2022-10-31,-0.0451643997234743,-0.0887357239279724,-0.113178147496331,-0.14824652652836,-0.0988306542186513,0.0494158723097087,0.128055575546236
"MANGLMCEM",2016-01-01,2025-03-11,-0.199999369504841,2020-03-23,0.0595029337704764,0.158809783700925,0.146058029152497,0.213292403721494,0.387557187836181,0.545594615575582,0.974256114813075
"MARKSANS",2016-01-01,2025-03-11,-0.200000526455716,2016-01-15,-0.0905438620158661,-0.0248388550896784,0.0448721534356193,-0.302083778901615,-0.258012825785818,-0.306890980820547,-0.210491940286721
"MBLINFRA",2016-01-01,2025-03-11,-0.199586349534643,2016-08-31,-0.099483204134367,0.0781653746770026,0.436692506459949,0.330103359173127,0.0439276485788123,-0.315245478036175,-0.638242894056847
"MCLEODRUSS",2016-01-01,2025-03-11,-0.2,2019-04-30,-0.160655737704918,-0.35,-0.466393442622951,-0.433606557377049,-0.819672131147541,-0.847540983606557,-0.94016393442623
"MFSL",2016-01-01,2025-03-11,-0.292335990190067,2020-03-23,0.0507710968636284,0.378790504245365,0.230982498700398,0.456073470802287,0.616011089932421,0.882342748223878,1.49488823427482
"M&MFIN",2016-01-01,2025-03-11,-0.324924052613267,2020-07-22,-0.0341224326025749,-0.127721320207813,-0.174195623750458,-0.103671317786556,-0.199871327471585,0.120896833687298,-0.0182009366806638
"MOLDTKPAC",2016-01-01,2025-03-11,-0.199997712645354,2020-03-23,0.0943066476054324,0.171465332380272,0.171465332380272,0.22976411722659,0.273659756969264,0.951987133666905,1.25619728377412
"MOREPENLAB",2016-01-01,2025-03-11,-0.2,2019-09-25,-0.0201149425287355,-0.0833333333333333,-0.100574712643678,-0.0632183908045972,-0.129310344827586,-0.186781609195401,0.270114942528737
"MOTHERSON",2016-01-01,2025-03-11,-0.224000514071676,2020-03-12,-0.0596457954909713,-0.0552275884175659,-0.0552275884175664,0.0478656907789288,0.403534031413612,0.46980980874025,1.41678865263383
"MOTILALOFS",2016-01-01,2025-03-11,-0.199504287191537,2020-03-23,-0.0597593340973521,-0.000206084001849627,0.00834388885537951,-0.0115407041035851,0.171853951786396,0.46929851016346,0.344426684359732
"MOTOGENFIN",2016-01-01,2025-03-11,-0.20516717325228,2017-08-16,-0.00956022944550672,-0.0248565965583174,0.0325047801147225,0.00956022944550639,0.206500956022945,0.52963671128107,0.497131931166348
"MRPL",2016-01-01,2025-03-11,-0.198594827709312,2020-03-23,-0.00438346400570211,-0.0219306842480399,0.0657920527441196,0.41886136849608,0.460526550249465,0.44298378474697,0.776318602993583
"MTEDUCARE",2016-01-01,2025-03-11,-0.2,2019-07-03,0.0608465608465609,0.0185185185185186,-0.132275132275132,-0.346560846560847,-0.283068783068783,-0.525132275132275,-0.683862433862434
"MUKANDLTD",2016-01-01,2025-03-11,-0.198675220796534,2020-03-12,-0.0137711925598589,-0.283747797706727,-0.258955029893423,-0.104681858879935,-0.101926465066574,0.195592525200012,2.64187967536031
"NAGREEKCAP",2016-01-01,2025-03-11,-0.376470588235294,2020-05-13,0,0,0.0943396226415094,0.273584905660378,-0.0849056603773582,-0.0377358490566032,0.0471698113207559
"NAHARCAP",2016-01-01,2025-03-11,-0.200000683336665,2016-02-11,-0.0998056759700185,0.0213179867176321,0.0271327596147684,0.089147750325653,0.265504281534947,0.566860278887014,0.71214418415939
"NAHARINDUS",2016-01-01,2025-03-11,-0.190662542576737,2016-02-11,0.01562477047599,0.16586690300499,0.161058528010498,0.194712256459724,0.472356740293888,1.12620270581265,1.2004705548238
"NAHARPOLY",2016-01-01,2025-03-11,-0.199780094265626,2016-02-11,-0.198903142508558,-0.181070324437653,-0.218107032443765,-0.15226300889568,0.174212003837817,0.36351172073961,0.498172891273706
"NAHARSPING",2016-01-01,2025-03-11,-0.196602005096783,2016-02-11,0.0151050884812005,0.0368582871370242,-0.0114808548461292,0.110573561936841,0.268882010338618,0.554681875713088,0.45200002079159
"NATCOPHARM",2016-01-01,2025-03-11,-0.19999186323328,2025-02-13,-0.0942000956471309,-0.185150140825247,-0.208214352309169,NA,NA,NA,NA
"NATHBIOGEN",2016-01-01,2025-03-11,-0.199848556301086,2020-03-12,-0.00142148545476217,-0.251421731642059,-0.331753631508823,0.036256003277245,0.47061606894032,0.891232482542857,0.292180008212807
"NATIONALUM",2016-01-01,2025-03-11,-0.191895919769082,2024-06-04,0.111006154210739,0.155471766557025,0.16606770624748,0.221948760585514,0.0415013705811913,0.427144722914885,NA
"NCLIND",2016-01-01,2025-03-11,-0.193608466673798,2016-02-01,-0.0405601078125052,-0.057342831950936,-0.161402186792522,-0.176940920486048,0.125820270133194,0.321227091793342,0.12651137593592
"NDLVENTURE",2016-01-01,2025-03-11,-0.842243827540334,2022-11-22,0.0493464848672165,0.273584793514182,0.701016083783078,0.759071645942798,0.698839185944225,0.596516071895581,0.967853236965361
"NESCO",2016-01-01,2025-03-11,-0.192928494577051,2020-03-23,0.0971242566763291,0.198074750624859,0.170060325154351,0.0360358766607103,0.121806519766786,0.293841880871087,0.507096482338401
"NETWORK18",2016-01-01,2025-03-11,-0.196569920844327,2022-04-28,-0.0563765736179528,-0.142309797482211,-0.160919540229885,-0.215654077723043,-0.262178434592227,-0.234811165845648,-0.342638204707169
"NIBL",2016-01-01,2025-03-11,-0.2,2019-07-15,-0.19758064516129,-0.30241935483871,-0.314516129032258,-0.451612903225807,-0.435483870967742,-0.427419354838709,-0.64516129032258
"NIF100IETF",2016-01-01,2025-03-11,-0.21622867680959,2016-01-13,-0.0231764705882352,0.0409411764705885,0.0250588235294118,0.078235294117647,0.135294117647059,0.0221176470588236,0.0815294117647065
"NOIDATOLL",2016-01-01,2025-03-11,-0.211267605633803,2016-10-28,0.0785714285714285,0.0178571428571428,-0.139285714285714,-0.0321428571428575,-0.025,-0.153571428571429,-0.4
"NRBBEARING",2016-01-01,2025-03-11,-0.196896625696194,2019-08-02,0.0386408636920603,0.115255516438726,0.204529041066076,0.259159909944924,0.394402226220273,0.257161512620007,-0.103535071590393
"NSIL",2016-01-01,2025-03-11,-0.199130997503929,2020-03-23,0.0850744545769364,0.137134941706106,0.419485166801339,0.350802262495671,0.526838277732886,0.579475932125129,1.27773288699065
"OMAXE",2016-01-01,2025-03-11,-0.2,2020-06-29,-0.199829931972789,-0.445294784580499,-0.570011337868481,-0.609126984126984,-0.60515873015873,-0.61281179138322,-0.625283446712018
"ONELIFECAP",2016-01-01,2025-03-11,-0.396092362344583,2020-04-17,0.0441176470588236,0.235294117647059,0.544117647058824,0.941176470588236,0.794117647058825,0.808823529411767,1.20588235294118
"ORBTEXP",2016-01-01,2025-03-11,-0.193018061117924,2019-03-15,0.14503829781804,0.0554704256624623,0.10788787241079,0.170482978924769,0.171500638562814,0.0162846809791222,-0.143511276668371
"ORIENTALTL",2016-01-01,2025-03-11,-0.194857890445763,2022-09-15,0.063924736247174,0.00456857573473979,-0.0228311039939715,-0.123280896759608,-0.246573568198945,-0.310498304446119,-0.429222400150716
"ORIENTBELL",2016-01-01,2025-03-11,-0.199475065616798,2020-03-23,-0.0676571902884415,-0.0882838763228886,-0.0321726499273709,0.0973645984644114,0.0387798298402153,0.379539323511101,2.19472919692882
"ORISSAMINE",2016-01-01,2025-03-11,-0.199997294042835,2023-10-23,-0.0664733041316442,0.118165367247882,0.115586260548969,0.196671683945272,0.219985117285934,-0.0252667895618066,0.282746198988651
"ORTINGLOBE",2016-01-01,2025-03-11,-0.519999752257937,2021-01-12,0,0,0,-0.154838709677419,-0.12741935483871,-0.00806451612903247,0.0629032258064519
"OSWALGREEN",2016-01-01,2025-03-11,-0.198697751850527,2016-03-30,-0.130081859195316,-0.105691510596194,0.0304900820308978,0.00609973343177583,0.0162602323994141,0.0894312781967792,0.184957997261344
"PAISALO",2016-01-01,2025-03-11,-0.2,2020-01-27,-0.100496059224939,-0.256207035479566,-0.292492382846927,-0.160205726084658,-0.458747765215421,-0.325680507642334,0.291038199078386
"PANACEABIO",2016-01-01,2025-03-11,-0.198856710171036,2016-08-16,0.032399954300433,0.0519313260144785,0.0404960480260903,0.0571711968093387,0.254406373012328,0.209625990590043,0.445929103353724
"PANAMAPET",2016-01-01,2025-03-11,-0.193164515061238,2020-03-23,0.0976225153336479,0.00184619171675315,0.276251820550165,0.425424111263821,0.565385956635009,0.570904018543971,2.7816365463907
"PATANJALI",2016-01-01,2025-03-11,-0.94671657718294,2020-01-28,0.047632613526295,0.266110193151387,0.764714261295653,2.00282035211669,11.910403965586,80.0814483505215,28.9776650903083
"PATINTLOG",2016-01-01,2025-03-11,-0.408274078380514,2021-10-28,-0.00911959390095662,-0.0577469312692485,-0.0516693013559728,-0.103344900774032,0.0729504531455671,-0.145894608229048,-0.0329829511459331
"PFC",2016-01-01,2025-03-11,-0.230804211477833,2024-06-04,0.0478041884955442,0.139895462202277,0.169888972237641,0.244405566198241,0.187258959221589,0.0673138168818552,NA
"PFOCUS",2016-01-01,2025-03-11,-0.199642431466031,2019-11-15,-0.199553239017126,-0.325390915860015,-0.268801191362621,-0.347728965003723,-0.359642591213701,-0.607594936708861,-0.404318689501117
"PNCINFRA",2016-01-01,2025-03-11,-0.200001609541361,2020-03-23,-0.133496635045822,-0.142997978009597,-0.0120011669198345,0.240999124810124,0.235501524037543,0.469504159666824,0.912501131711047
"POLYPLEX",2016-01-01,2025-03-11,-0.196174228947024,2020-03-23,0.0142760296423305,0.0197134077730745,0.341434265732636,0.395139440560418,0.496429827769766,1.57579597950849,1.599979965102
"PREMIER",2016-01-01,2025-03-11,-0.406779661016949,2020-07-02,0.0285714285714287,0.0857142857142861,0.0571428571428576,0.0285714285714294,1.34285714285715,0.428571428571432,0.171428571428575
"PREMIERPOL",2016-01-01,2025-03-11,-0.288812244018107,2016-06-02,0.425436469447139,0.364664161008729,0.102206595538312,0.375697138700291,0.273490543161978,1.10423739088264,0.575351600387972
"PRESTIGE",2016-01-01,2025-03-11,-0.199928398753849,2020-03-12,0.121507830685439,-0.287061854505187,-0.151499468914552,-0.220174467219598,-0.300036159009243,0.00710524531627854,0.193674433320527
"PRSMJOHNSN",2016-01-01,2025-03-11,-0.196,2020-03-23,-0.0862354892205638,0.0199004975124377,0.106135986733002,0.213930348258707,0.431177446102819,0.65339966832504,1.8955223880597
"PTL",2016-01-01,2025-03-11,-0.628129415001334,2017-03-27,-0.0496006140975436,-0.162975035599857,-0.131090913136347,-0.206379049483802,-0.201945754716981,-0.273206657173371,0.078820309718761
"RADAAN",2016-01-01,2025-03-11,-0.423076923076923,2020-09-08,0,0,0.04,0.04,0.266666666666666,0.266666666666666,1
"RADICO",2016-01-01,2025-03-11,-0.199243692993401,2020-03-23,0.00184773574254193,0.0765758352827954,0.193799773772152,0.172039404474978,0.40997860626147,0.609321587261247,1.09230554508204
"RAJRILTD",2016-01-01,2025-03-11,-0.958571428571429,2022-03-21,0.0344827586206897,0.172413793103448,0.448275862068966,1.17241379310345,5.44827586206897,6.65517241379311,26.4827586206896
"RALLIS",2016-01-01,2025-03-11,-0.199892996472051,2020-03-23,0.00367351324147069,0.0948560918682257,0.336338870817023,0.398463443701307,0.604875728234946,0.994333162274991,1.00040219915998
"RAMASTEEL",2016-01-01,2025-03-11,-0.19961417402782,2019-07-22,-0.025624762146391,-0.0197894202714702,-0.148674362552328,-0.0693898262082961,-0.0660915894963848,-0.302296080172523,-0.60865152860586
"RAMKY",2016-01-01,2025-03-11,-0.199979840741861,2024-02-02,0.00422073831422431,-0.105329469572886,-0.228171853345093,-0.249023560539247,-0.242849943303515,-0.227604888496913,-0.299042459367519
"RANASUG",2016-01-01,2025-03-11,-0.195238095238095,2016-11-15,0.0414201183431955,0.0650887573964496,0.0946745562130176,0.0473372781065087,0.325443786982248,0.177514792899408,-0.047337278106509
"RECLTD",2016-01-01,2025-03-11,-0.251943289981812,2024-06-04,0.0161425161739663,0.129145847605041,0.140202584861145,0.255436019483096,0.301981132183363,0.176197594004568,NA
"RELIGARE",2016-01-01,2025-03-11,-0.2,2017-07-11,0.00634765625,0.064453125,-0.02783203125,-0.0239257812499998,-0.60009765625,-0.4345703125,-0.447265625
"RELINFRA",2016-01-01,2025-03-11,-0.321012101210121,2019-02-06,-0.282890473104342,-0.26701231367466,-0.224886584575502,-0.136098509397278,-0.235255994815295,-0.66850291639663,-0.845106934543098
"REPRO",2016-01-01,2025-03-11,-0.197012619108936,2020-03-23,-0.0128287363694676,0.0891597177677999,0.239737010904426,0.231719050673508,0.203495830660679,0.205740859525336,0.252084669660038
"RGL",2016-01-01,2025-03-11,-0.200001657272006,2020-03-23,0.01637077394763,-0.0104149403380843,0.0384436112031818,0.0508446925754058,0.202381815545244,0.299355734173019,0.532738958402386
"RHIM",2016-01-01,2025-03-11,-0.199732519603134,2020-03-23,-0.00459902146641855,-0.0229951073320925,0.083611505758493,0.234532821467282,0.270068359164143,0.575667937695134,1.00913758631262
"RPOWER",2016-01-01,2025-03-11,-0.348484848484849,2019-02-04,-0.302325581395349,-0.357558139534884,-0.340116279069767,-0.258720930232558,-0.523255813953488,-0.747093023255814,-0.805232558139535
"RPPINFRA",2016-01-01,2025-03-11,-0.199686151431934,2019-06-25,0.17156862745098,0.139705882352941,0.0598039215686275,0.0245098039215688,-0.182843137254902,-0.212745098039216,-0.537254901960784
"RUSHIL",2016-01-01,2025-03-11,-0.199979298209295,2019-06-25,-0.0999107939339875,-0.25126829235075,-0.331427773729835,-0.515005005073169,-0.595038508420099,-0.589236709317608,-0.699729657952619
"SAIL",2016-01-01,2025-03-11,-0.200180048210756,2024-06-04,0.093949727246148,0.134911281147793,0.127019522237657,0.139571047038488,-0.0358511116934987,-0.131444481979766,NA
"SAKSOFT",2016-01-01,2025-03-11,-0.199792149069229,2020-03-23,0.0520517669575522,0.0710200733669031,0.148214814646039,0.275251201895692,0.616680717264008,1.34980291189136,2.43841281414477
"SAMPANN",2016-01-01,2025-03-11,-0.22972972972973,2019-07-17,-0.0350877192982456,0.245614035087719,0.192982456140351,-0.0350877192982455,-0.192982456140351,-0.0350877192982452,0.192982456140352
"SANDESH",2016-01-01,2025-03-11,-0.199978428740917,2025-02-14,-0.0750969385887456,0.0556775255147366,-0.0650771982047054,NA,NA,NA,NA
"SARDAEN",2016-01-01,2025-03-11,-0.199973896271517,2022-05-23,0.0181390824113741,0.0678070562359894,0.0546528982048229,-0.143052223880507,0.129305917256298,-0.0231783877848196,0.424183831926478
"SAREGAMA",2016-01-01,2025-03-11,-0.199980419671703,2019-08-14,-0.115806648990414,-0.169624039703583,-0.175076483785437,-0.171853966959005,-0.0642327826500783,0.0673193283023994,0.0512067441702355
"SARLAPOLY",2016-01-01,2025-03-11,-0.9,2023-05-19,-0.00390117035110549,-0.0143042912873861,0.0299089726918078,0.0689206762028611,0.273081924577374,0.33289986996099,0.511053315994801
"SELAN",2016-01-01,2025-03-11,-0.190799790904339,2022-06-20,0.0642764857881135,0.0658914728682169,0.116925064599483,0.0671834625323,0.593346253229975,0.932816537467701,0.718023255813954
"SEPC",2016-01-01,2025-03-11,-0.19878402594078,2018-05-25,-0.116455170430643,-0.0430376646129432,-0.0025294346314213,-0.16708646406339,-0.182279047228538,-0.430376646129432,-0.551896010948458
"SGL",2016-01-01,2025-03-11,-0.192307692307692,2016-05-31,-0.0476190476190476,0.587301587301587,0.444444444444444,0.714285714285715,1.6031746031746,4.93650793650794,3.12698412698413
"SHAH",2016-01-01,2025-03-11,-0.19999824223728,2016-11-09,0.00909640208733875,-0.168184564680033,-0.140906344410876,0.209096402087339,0.0863608898654222,0.00909640208733897,-0.39545179895633
"SHARDAMOTR",2016-01-01,2025-03-11,-0.195716034271726,2020-03-18,-0.0320231688364392,0.0689946182260901,0.0462454402493973,0.280968258140683,0.157860756399792,0.649045622870004,2.73520934500998
"SHEMAROO",2016-01-01,2025-03-11,-0.199861447869761,2020-02-12,-0.153246753246753,-0.383982683982684,-0.445454545454545,-0.625108225108225,-0.0476190476190473,-0.466666666666667,-0.429437229437229
"SHRIRAMFIN",2016-01-01,2025-03-11,-0.221808679889308,2020-03-23,0.0726640811825494,0.34807389693583,0.317215359262518,0.478149355074529,0.370643190801295,0.569430160952583,1.88689333019441
"SHYAMCENT",2016-01-01,2025-03-11,-0.196982268522787,2019-08-01,-0.0565994412766447,-0.0188664804255482,0.0377329608510963,0.0377329608510963,0.000000000000000444089209850063,0.132065362978838,0.358501396808387
"SICALLOG",2016-01-01,2025-03-11,-0.199723565998618,2019-07-31,-0.0993091537132988,-0.317789291882556,-0.414507772020725,-0.487046632124352,-0.659758203799655,-0.709844559585492,-0.848877374784111
"SIGIND",2016-01-01,2025-03-11,-0.19983412094585,2016-02-12,-0.117098629771788,-0.102590867195982,-0.375129680075011,-0.244559589034073,-0.25077716901532,-0.627979223844956,-0.489527500834532
"SJVN",2016-01-01,2025-03-11,-0.199929121804544,2024-02-12,-0.0382388694102745,0.123166440321006,0.0803419021985818,0.00852928900672412,0.230701787232643,0.345961807708781,0.0574592235323979
"SKFINDIA",2016-01-01,2025-03-11,-0.198673242765647,2020-03-23,0.0542559604456982,0.126115406690885,0.136444035451345,0.154127326004221,0.194960307279862,0.342859706399664,0.593132372640404
"SNOWMAN",2016-01-01,2025-03-11,-0.200000579048854,2020-03-12,0.00513906230208283,0.279112606988401,-0.0273962687512438,0.0616470332772381,-0.11301232289235,0.00685087671679097,1.21575737835441
"SOMANYCERA",2016-01-01,2025-03-11,-0.199928959253057,2019-09-09,-0.103192472523988,-0.104723699589559,-0.11478087144035,-0.182116355135953,-0.141015593146626,-0.0686492583968324,-0.43979061149417
"SOTL",2016-01-01,2025-03-11,-0.198334754815447,2020-03-23,0.0211778709419177,0.199696631343881,0.350780542271473,0.409984831567194,0.373069711589104,0.406150588830135,0.434491330819306
"SPMLINFRA",2016-01-01,2025-03-11,-0.2,2018-07-18,-0.0612244897959185,-0.0459183673469389,-0.0503826530612245,-0.110331632653061,-0.387755102040816,-0.47640306122449,-0.674107142857143
"SREEL",2016-01-01,2025-03-11,-0.193939393939394,2020-03-23,-0.0461152882205513,0.239097744360902,0.236591478696742,0.207518796992481,0.324310776942356,0.394486215538847,0.46766917293233
"SSWL",2016-01-01,2025-03-11,-0.192825833433868,2020-03-24,-0.0945726961884585,-0.0838481466719808,0.072093096431793,0.0304928572926937,-0.0538744729500115,0.12209466971534,0.6815254557278
"STAR",2016-01-01,2025-03-11,-0.230593749208695,2018-05-18,-0.118975457534624,0.0755721239719116,-0.00387449624069169,0.0134365734493784,-0.0709197365940935,0.113958059700153,0.151703731184758
"STARPAPER",2016-01-01,2025-03-11,-0.199906681114907,2018-08-13,-0.0122592094152418,0.113543645767363,0.0624637164872281,0.185347398142284,-0.02918843677433,-0.117921416508339,-0.342673369221026
"STCINDIA",2016-01-01,2025-03-11,-0.198806415516598,2019-09-17,-0.134078212290503,-0.172253258845438,-0.387337057728119,-0.5512104283054,-0.551675977653631,-0.483240223463687,-0.545623836126629
"STLTECH",2016-01-01,2025-03-11,-0.199692743598759,2019-08-22,0.129079431427299,0.0993288817917473,0.182342528293655,0.69289841977911,0.313340578793382,0.242802937100972,0.0556628649585036
"STYRENIX",2016-01-01,2025-03-11,-0.2,2020-07-24,-0.199956697899304,-0.237863443887876,-0.249928192496334,-0.230796932731601,-0.243074927866099,0.150343152828127,0.835522736866841
"SUNTECK",2016-01-01,2025-03-11,-0.199868078303353,2020-03-23,-0.0120777874342946,0.167169209187167,0.110896556349501,0.0315665633636719,-0.0376082515712023,0.266264632650267,1.10771363180354
"SUVEN",2016-01-01,2025-03-11,-0.213808784976727,2020-01-21,0.04702375686472,0.266463418783643,0.689656815042158,1.91223366247695,0.275868170156588,1.11285701647533,1.86207272009636
"SUZLON",2016-01-01,2025-03-11,-0.242118537200504,2019-02-05,0.0694599909242173,-0.0416578429889575,-0.0138859476629859,1.19446377250038,0.888912418696112,0.402783240054454,-0.374981092119196
"SYMPHONY",2016-01-01,2025-03-11,-0.193481372203629,2020-03-23,-0.0387652082989228,0.0498882711305435,0.146241965008457,0.192904636645705,0.177438003104111,0.106555351860624,0.402066267436735
"TAJGVK",2016-01-01,2025-03-11,-0.197507269155206,2019-08-13,-0.0395976387915062,-0.0345485383461355,-0.0135883083359118,0.0512430814789284,0.294254053185947,0.402560978953595,0.18284089262142
"TANLA",2016-01-01,2025-03-11,-0.199999886415653,2022-07-26,-0.199014655928215,0.0778812262848341,0.0350393463221752,-0.0332440039896493,0.109527950619212,0.0079828487660123,0.0211948361723502
"TARIL",2016-01-01,2025-03-11,-0.1998068683611,2023-07-20,-0.0525125657578704,0.0349966608475587,0.0326651123009687,0.240477557380699,0.927159611486684,1.20171995641528,6.35023608393576
"TFCILTD",2016-01-01,2025-03-11,-0.199360914695917,2019-07-02,0.0364675514354247,-0.0837610110097421,-0.255840843049055,-0.321368078341084,-0.0159808610013735,-0.0686118394028049,-0.606155769338045
"TFL",2016-01-01,2025-03-11,-0.203488372093023,2016-03-31,-0.0145985401459854,0.138686131386861,0.0656934306569346,0.306569343065693,0.131386861313869,0.350364963503651,0.569343065693432
"TGBHOTELS",2016-01-01,2025-03-11,-0.198412698412698,2018-09-25,-0.00660066006600657,-0.244224422442244,-0.207920792079208,-0.257425742574258,-0.0396039603960394,-0.155115511551154,-0.693069306930693
"THEJO",2016-01-01,2025-03-11,-0.25,2017-01-06,0.10606524267091,0.206061162453842,0.136360854397454,0.181814472529938,-0.0212069282085808,1.15151886080339,1.53045882040925
"THOMASCOOK",2016-01-01,2025-03-11,-0.199876232305087,2019-08-22,0.00735831220727889,0.0364048468182014,0.146785975164353,0.182028530915653,0.0220749366218365,0.271432561337171,-0.37815064667211
"THOMASCOTT",2016-01-01,2025-03-11,-0.488888888888889,2019-08-19,0.858695652173913,0.0978260869565217,0.206521739130435,0.521739130434782,-0.119565217391304,-0.0869565217391306,-0.0326086956521742
"TI",2016-01-01,2025-03-11,-0.199890844589985,2025-02-10,-0.0465552523874487,-0.112210095497954,-0.178888130968622,-0.159515688949523,NA,NA,NA
"TICL",2016-01-01,2025-03-11,-0.371428571428571,2019-11-21,0,0.0909090909090908,0.272727272727273,0.409090909090909,0.818181818181819,229,297.181818181818
"TIIL",2016-01-01,2025-03-11,-0.1998670507423,2020-03-23,-0.129880919412905,-0.0678482414843533,-0.0221545278316256,0.170589864303517,0.339518139019662,0.348379950152313,0.939351980060926
"TIL",2016-01-01,2025-03-11,-0.715925394548063,2024-03-22,-0.00789141414141414,0.0732323232323231,0.184343434343434,0.442234848484849,0.634154040404041,1.48895202020202,0.782828282828284
"TIMESGTY",2016-01-01,2025-03-11,-0.2,2020-04-15,0.049342105263158,0.207236842105263,0.141447368421053,0.217105263157895,0.631578947368421,0.595394736842106,0.559210526315789
"TIRUMALCHM",2016-01-01,2025-03-11,-0.199604803385476,2019-01-24,-0.0666670172182157,-0.0345678882511772,-0.107408118248048,-0.0592594247974907,0.115432243205654,-0.0771612160282683,-0.201720507002705
"TITAGARH",2016-01-01,2025-03-11,-0.197856056601554,2024-06-04,-0.0644001235217402,0.12763147063162,0.241271471617788,0.486552385377801,0.19274155165202,-0.0440019038059815,NA
"TNTELE",2016-01-01,2025-03-11,-0.611111111111111,2018-08-31,0,-0.0476190476190477,-0.000000000000000111022302462516,0.428571428571429,1.38095238095238,0.428571428571429,0.571428571428573
"TRANSWORLD",2016-01-01,2025-03-11,-0.199920260231811,2021-11-11,-0.0780755674494842,-0.133677401281366,-0.177958865383864,-0.129848388326292,-0.133177730579173,0.186782228423586,0.251706422586731
"TREEHOUSE",2016-01-01,2025-03-11,-0.199664429530201,2016-12-16,-0.19916142557652,-0.226415094339623,-0.234800838574423,0.0356394129979036,-0.174004192872117,-0.280922431865828,-0.431865828092242
"TRENT",2016-01-01,2025-03-11,-0.200000199141897,2020-03-23,0.000495365593498942,0.121598562195141,0.144483705832494,0.2017569298286,0.375433600473957,0.460790817564817,0.696593552530532
"TRITURBINE",2016-01-01,2025-03-11,-0.195714133300818,2020-03-18,-0.0578548417661551,-0.0229581201440213,0.0422399090392267,0.176302823574,0.208442296759522,0.193755921925336,0.544532878529467
"TRIVENI",2016-01-01,2025-03-11,-0.199414707252364,2020-03-12,-0.0810133947205323,-0.0785975386094282,-0.238208471939389,-0.0616738973703851,-0.0169362897003581,0.742439382249148,0.735179165454521
"TTML",2016-01-01,2025-03-11,-0.2,2017-10-10,0,0.375,0.725000000000001,1.2625,0.75,0.450000000000001,0.350000000000002
"TVSHLTD",2016-01-01,2025-03-11,-0.199991690241595,2023-03-24,-0.0275341808101044,-0.0109124615313485,-0.0164530874041964,0.0347614421081237,0.148583048902294,0.437120419942454,1.49979795843011
"UFO",2016-01-01,2025-03-11,-0.193343122858541,2020-03-12,-0.163228155339806,-0.170509708737864,-0.14623786407767,-0.108009708737864,-0.199029126213592,-0.132888349514563,0.0958737864077677
"UNIENTER",2016-01-01,2025-03-11,-0.19975996319066,2020-03-23,-0.016639592115244,0.157338358000617,0.284417874053113,0.388806722339796,0.759456754032608,0.906206595568548,1.13616132507127
"UNIVCABLES",2016-01-01,2025-03-11,-0.199574394981407,2020-03-23,-0.0220028247805256,0.0326649865684454,0.140664377302057,0.371998670691517,0.502000886205655,0.986284582790995,1.03842532332659
"UNOMINDA",2016-01-01,2025-03-11,-0.196926138876603,2020-03-23,0.0740313445094882,0.0593181311037996,0.057917550931267,0.185664705854425,0.360813191091361,0.346061995850486,0.922037535548627
"USHAMART",2016-01-01,2025-03-11,-0.19745620665856,2020-03-23,-0.0991850608133011,0.186535075146402,0.26192718784553,0.146852860477497,0.20238338998321,1.00794463327737,1.67066628445063
"VADILALIND",2016-01-01,2025-03-11,-0.196988119760052,2018-08-20,-0.0130671562087332,-0.0484511862637043,-0.0888418189945506,-0.0827987497568781,-0.230278984382198,-0.131278940023135,-0.127791635245664
"VAIBHAVGBL",2016-01-01,2025-03-11,-0.199999853885122,2020-03-23,0.0356666353128547,0.231898881216845,0.438396608674291,0.584135214683812,0.989704382258369,1.99113265493425,3.58704563988716
"VAKRANGEE",2016-01-01,2025-03-11,-0.200000127445642,2018-02-01,-0.0998970876276547,-0.341672262327779,-0.160212340404178,-0.443796861172643,-0.568882787427804,-0.781699918036508,-0.903732325875372
"VASCONEQ",2016-01-01,2025-03-11,-0.2,2017-06-12,-0.101321507917541,-0.110133035927667,-0.187223948237252,-0.153084256087522,-0.297356984164919,-0.242290466201085,-0.213656319427848
"VASWANI",2016-01-01,2025-03-11,-0.197802197802198,2019-07-31,-0.00684931506849318,-0.0684931506849314,-0.054794520547945,-0.0616438356164384,-0.253424657534246,-0.287671232876711,-0.589041095890411
"VEDL",2016-01-01,2025-03-11,-0.204351656095842,2020-10-12,0.0278558933593143,-0.00205929895263623,0.0711786718628906,0.123192577666571,0.710358495161755,1.55559000022143,2.5355395141826
"VIKASECO",2016-01-01,2025-03-11,-0.199493675007733,2016-02-12,0.0189243331740205,-0.179806587416996,-0.160882254242976,-0.0536308077161652,0.192426199168184,-0.132490670029184,0.0954656850283209
"VIMTALABS",2016-01-01,2025-03-11,-0.196807241273922,2019-11-11,-0.0107013474419453,-0.0799812348510517,0.0224139279105526,-0.0550183742083455,0.015283171310172,-0.316354348562642,0.0784487476869347
"VINDHYATEL",2016-01-01,2025-03-11,-0.199983727512922,2020-03-23,-0.0303989568691515,-0.148094819566411,-0.117489249136345,0.14675986044485,0.297422897278802,0.869001649696876,0.760285447875036
"VISAKAIND",2016-01-01,2025-03-11,-0.199855094720014,2020-03-23,-0.100002952697781,0.11040629121474,0.208140587783705,0.353841459813783,0.996378024054644,1.92397787445129,2.5583649928151
"VIVIDHA",2016-01-01,2025-03-11,-0.25,2019-09-12,0.333333333333333,0.666666666666667,0.666666666666667,0.333333333333334,0.333333333333333,1.33333333333333,1.33333333333334
"VLSFINANCE",2016-01-01,2025-03-11,-0.198250549585697,2020-03-23,0.00363545721243264,0.198182271393784,0.276363775813472,0.392725250704657,0.559998466051809,1.02363430675129,1.95316472686135
"VMART",2016-01-01,2025-03-11,-0.19954662281704,2020-03-23,-0.00842242969474849,0.0557578531228915,0.167935390023906,0.260987897217957,0.310456335731718,0.308654052029676,0.805435767109189
"VRLLOG",2016-01-01,2025-03-11,-0.199924502373086,2016-05-24,-0.122477685947492,-0.120570985281826,-0.103414213490393,-0.03129357005402,0.0403499564409902,0.0405089954214439,-0.0447836097960946
"WEIZMANIND",2016-01-01,2025-03-11,-0.190910849645615,2016-01-18,0.00281497261107733,-0.036507694983045,0.0308994870011301,0.0730371272063299,0.13542300669507,0.377488914007478,0.665670376489001
"WELCORP",2016-01-01,2025-03-11,-0.199421486145651,2020-03-09,-0.0417841658147978,-0.333466988614333,-0.477700130424054,-0.452390813916599,-0.551627656949487,-0.192846945609644,0.0554742853114321
"WELENT",2016-01-01,2025-03-11,-0.2,2020-03-12,0.0152103559870551,-0.277022653721683,-0.373310489244241,-0.168913002094041,-0.0295545402627068,0.0890443556063205,0.543974871501999
"WELSPUNLIV",2016-01-01,2025-03-11,-0.199758384435198,2016-08-23,-0.0998480660750942,-0.294250755628829,-0.109681746916873,-0.167927394979715,0.00529505891480353,0.15582440317445,0.193646252565906
"WHIRLPOOL",2016-01-01,2025-03-11,-0.199974618484089,2025-01-30,-0.0959708121827412,-0.104179885786802,-0.206971763959391,-0.238578680203045,NA,NA,NA
"WINDMACHIN",2016-01-01,2025-03-11,-0.199722839943947,2018-09-28,0.0310882637538226,-0.00345554428700789,0.143348852902793,0.104490462348723,0.128669576666737,0.0967183964102674,-0.599310054625524
"WOCKPHARMA",2016-01-01,2025-03-11,-0.19445456702656,2020-03-12,0.0887060079797797,-0.119728256152505,-0.153417444524225,0.239940454116266,0.0472606000352436,0.499272772223843,1.63717777760243
"WSTCSTPAPR",2016-01-01,2025-03-11,-0.190019358201176,2020-03-23,-0.0432536527298382,0.0786342306401873,0.243771170666017,0.185667602733745,0.376583922013815,0.671468032007058,0.642200232561346
"XCHANGING",2016-01-01,2025-03-11,-0.200000758124249,2016-08-23,0.185025136580951,0.299505165516054,-0.318687306618905,-0.249999605143246,-0.154084161347946,-0.329207869968932,-0.251855431886419
"YESBANK",2016-01-01,2025-03-11,-0.561141304347826,2020-03-06,0.315789473684211,1.29411764705882,1.46130030959752,0.53250773993808,0.696594427244582,-0.241486068111456,0.102167182662538
"ZEEL",2016-01-01,2025-03-11,-0.326058876703079,2024-01-23,0.0666877826006858,0.109971137965695,0.169284719281972,0.0554668183566418,-0.0400771808935271,-0.0309072633426307,-0.253142341864818
"ZENITHEXPO",2016-01-01,2025-03-11,-0.261290322580645,2017-03-23,0,0.0494905385735078,0.0494905385735078,0.475982532751092,0.659388646288209,0.576419213973798,0.665211062590974
"ZENSARTECH",2016-01-01,2025-03-11,-0.199772445429043,2020-03-23,-0.0419622505247162,0.182082164162824,0.278095825591105,0.283790594979275,0.609535917670336,1.6002903805791,2.3876355046679
"ZENTEC",2016-01-01,2025-03-11,-0.2,2025-02-17,-0.1,0.0127777777777778,-0.00333333333333319,NA,NA,NA,NA
