"Date","Dynamic_BLO_EW"
2019-05-01,-0.00282163120725746
2019-05-02,0.0347210596077571
2019-05-03,0.0432198648026588
2019-05-06,-0.016386994822101
2019-05-07,-0.0195646779990139
2019-05-08,0.00801134621785596
2019-05-09,-0.0136196694490251
2019-05-10,0.0297108654859979
2019-05-13,0.0784287471326559
2019-05-14,0.0442084368553474
2019-05-15,0.117937621597348
2019-05-16,-0.0229509831940798
2019-05-17,-0.0576075178639474
2019-05-20,-0.0159849918223087
2019-05-21,-0.00691907995691809
2019-05-22,-0.0133485702983669
2019-05-23,0.0170041163437488
2019-05-24,0.0513879952721788
2019-05-27,0.0288799939032935
2019-05-28,-0.000697180008085652
2019-05-29,0.0155632245626581
2019-05-30,-0.0590383792919237
2019-05-31,0.0531385087984793
2019-06-03,-0.0812210157380657
2019-06-04,-0.049457731941401
2019-06-05,0.0247909428651846
2019-06-06,0.0232942675509134
2019-06-07,0.0204215164461639
2019-06-10,0.0760743439795961
2019-06-11,0.00462156131037679
2019-06-12,0.0485818238364516
2019-06-13,-0.00554496039896963
2019-06-14,0.00869345151646364
2019-06-17,0.0214483492436061
2019-06-18,-0.0129686582776833
2019-06-19,0.0133845515172501
2019-06-20,0.0132641712453378
2019-06-21,0.0516813610431895
2019-06-24,0.0162435922821217
2019-06-25,0.0299559706740758
2019-06-26,0.0265295454510185
2019-06-27,-0.107571768238777
2019-06-28,0.0475696086403834
2019-07-01,0.00701012787958057
2019-07-02,-0.0259160957188439
2019-07-03,0.0613478177801145
2019-07-04,-0.0349059968958421
2019-07-05,-0.00489815188071729
2019-07-08,0.0317807002106033
2019-07-09,-0.0125191696901576
2019-07-10,-0.0570580371056847
2019-07-11,-0.067427678349299
2019-07-12,0.0476039219921781
2019-07-15,0.0653163203324494
2019-07-16,-0.129086275870213
2019-07-17,0.0241885505620476
2019-07-18,0.099218859899544
2019-07-19,-0.0115618848309426
2019-07-22,-0.00443413381613067
2019-07-23,-0.0455245355740749
2019-07-24,-0.0164555016600766
2019-07-25,0.00764640661897731
2019-07-26,-0.00321989168012171
2019-07-29,-0.00355288559289191
2019-07-30,0.00700173755001243
2019-07-31,0.0528837366216117
2019-08-01,0.0292107657037872
2019-08-02,-0.0149364562215624
2019-08-05,0.0823086347345605
2019-08-06,-0.0244170045060575
2019-08-07,0.0579563249374343
2019-08-08,0.0252667050846341
2019-08-09,-0.0257030425092037
2019-08-12,-0.00762575278848798
2019-08-13,-0.0342499666005027
2019-08-14,-0.0265963932113168
2019-08-15,-0.0243698807814469
2019-08-16,-0.00875286210172199
2019-08-19,0.0590640335778974
2019-08-20,-0.0203770936819525
2019-08-21,-0.0484003570255724
2019-08-22,-0.00420899239541861
2019-08-23,0.0286805387786786
2019-08-26,0.0226330490234838
2019-08-27,-0.0180481573429102
2019-08-28,-0.0455618774576462
2019-08-29,-0.0228947639131776
2019-09-03,0.0266228239845261
2019-09-04,-0.00454627668794416
2019-09-05,-0.000239424170674463
2019-09-06,-0.025155970614767
2019-09-09,-0.00751937641000344
2019-09-10,-0.0198939738642276
2019-09-11,0.00595950743453022
2019-09-12,0.0252679328196663
2019-09-13,-0.00700431396609325
2019-09-16,-0.00492136971328905
2019-09-17,-0.00619335480050842
2019-09-18,0.00418841984784052
2019-09-19,0.0281546283146449
2019-09-20,-0.00871199507283787
2019-09-23,-0.0397451623687037
2019-09-24,-0.176263102985742
2019-10-15,-0.0291990446395531
2019-10-16,-0.0182958522471326
2019-10-17,0.0648053369100985
2019-10-18,-0.0252925382039977
2019-10-21,-0.00677193221261818
2019-10-22,-0.00483091787439616
2019-10-23,-0.0599049783102664
2019-10-28,-0.0301468253612104
2019-10-29,0.0189809264760523
2019-10-30,-0.0209216416982507
2019-10-31,-0.0190053741878968
2019-11-01,0.00368944158189079
2019-11-04,0.019427204966611
2019-11-05,-0.000465027939217696
2019-11-06,-0.000267181514993886
2019-11-07,-0.025667946100467
2019-11-08,-0.0363410666467418
2019-11-11,-0.0100770755462823
2019-11-12,0.0193717749456811
2019-11-13,0.0227110687069596
2019-11-14,-0.0187137354052698
2019-11-15,-0.0420490636927714
2019-11-18,-0.0292856357111946
2019-11-19,0.0170694601607463
2019-11-20,-0.00899352762664885
2019-11-21,-0.02005600286968
2019-11-22,-0.063596632070616
2019-12-10,0.000199880071956704
2019-12-11,0.000499600319744387
2019-12-12,-0.000199740337561094
2019-12-13,-0.0000998901208673075
2019-12-16,0.00149895073448603
2019-12-17,-0.000898024346437709
2019-12-18,-0.00199740337561183
2019-12-24,-0.0000999200639488773
2019-12-25,0.00089937044069166
2019-12-26,0.000099840255590955
2019-12-27,-0.000399321154038068
2019-12-30,-0.000907716672602366
2019-12-31,-0.0138850350504361
2020-01-01,0.000801921276422479
2020-01-02,-0.0305540135450205
2020-01-03,-0.00219320107666254
2020-01-06,0.0154265115561295
2020-01-07,-0.00290355081097968
2020-01-08,-0.00951287471275736
2020-01-09,0.00365439767782997
2020-01-10,0.0443018650958755
2020-01-13,-0.024709843251566
2020-01-14,0.170545255031824
2020-01-15,0.0283886538214821
2020-01-16,-0.00663147591959079
2020-01-17,0.0483810530358016
2020-01-20,0.00623950809462293
2020-01-21,0.0198512874590177
2020-01-22,0.000367237519966056
2020-01-23,-0.0472891372789977
2020-01-24,0.00511333321099336
2020-01-27,0.0400166400467724
2020-01-28,0.0488345090110995
2020-01-29,0.0151448101319181
2020-01-30,0.0418634056307171
2020-01-31,-0.0121429341823385
2020-02-03,0.0191815022841675
2020-02-04,0.0312755104607534
2020-02-05,0.0345885349279074
2020-02-06,0.0294219960614033
2020-02-07,-0.00548720088924283
2020-02-10,-0.0220456080369644
2020-02-11,0.0438277818400355
2020-02-12,0.0484090661340831
2020-02-13,0.00225363186395555
2020-02-14,0.0429258779106057
2020-02-17,-0.00885428316254151
2020-02-18,0.0452153671177659
2020-02-19,-0.0840005259996086
2020-02-20,-0.00106935344796677
2020-02-21,0.0220034777275608
2020-02-24,-0.0488421380128457
2020-02-25,-0.0570227320665073
2020-02-26,-0.0998509125515811
2020-02-27,0.0136078786944478
2020-02-28,-0.00636833810467548
2020-03-02,-0.00219692432787955
2020-03-03,0.0185778680071873
2020-03-04,-0.0201069325953934
2020-03-05,0.116800135572277
2020-03-06,0.0213099260769035
2020-03-09,0.125043058904581
2020-03-10,-0.0118037292125404
2020-03-11,-0.0153922905806581
2020-03-12,-0.451559389515594
2020-03-16,-0.00438901752490606
2020-03-23,-0.00415111066639984
2020-03-30,-0.00169950534929569
2020-03-31,-0.00120156203063981
2020-04-02,0.0237024928483858
2020-04-03,-0.0343313373253493
2020-04-06,0.0904761904761904
2020-04-07,-0.0274645243429877
2020-04-08,0.0175455367479126
2020-04-09,-0.00276314441462476
2020-04-10,-0.0657394608195746
2020-04-15,-0.0665586494863848
2020-04-16,-0.00110033009902966
2020-04-17,-0.00780101463855531
2020-04-20,-0.0624534765627341
2020-04-21,0.00317273795534678
2020-04-22,0.0700480262387255
2020-04-23,0.0722591366756643
2020-04-24,0.00911947170593745
2020-04-27,0.00136478118503379
2020-04-28,0.0122023592908206
2020-04-29,0.083533823815594
2020-04-30,-0.0541767473848243
2020-05-01,0.0271688296240646
2020-05-04,-0.00248242533561265
2020-05-05,-0.00362155496003691
2020-05-06,-0.0230940267617933
2020-05-07,0.0444055475355168
2020-05-08,0.0282683230463317
2020-05-11,-0.0153154267331593
2020-05-12,0.0354559506817505
2020-05-13,0.0140293810380004
2020-05-14,0.0174146582493873
2020-05-15,-0.020143111001814
2020-05-18,0.0183936929404399
2020-05-19,0.00851133917552309
2020-05-20,0.00026468449526555
2020-05-21,-0.0479924891892074
2020-05-22,0.0324722883406414
2020-05-25,0.0384105923631182
2020-05-26,0.000231144590783524
2020-05-27,0.0127613128262999
2020-05-28,0.0477702509140843
2020-05-29,0.00897278160686139
2020-06-01,0.05891771184907
2020-06-02,-0.0198901084457407
2020-06-03,0.0209511921494927
2020-06-04,-0.00252508686056474
2020-06-05,-0.0150872273471459
2020-06-08,0.00633765772470819
2020-06-09,0.00365554162979444
2020-06-10,0.021471532137827
2020-06-11,-0.0854312160610562
2020-06-12,0.0323998185509776
2020-06-15,0.000544466106104406
2020-06-16,0.0152898602847663
2020-06-17,0.0167469793795434
2020-06-18,-0.00994390296672581
2020-06-19,-0.00931530657040947
2020-06-22,0.0491807210468395
2020-06-23,0.00672602172286179
2020-06-24,-0.0237276765808882
2020-06-25,-0.0029225332548046
2020-06-26,-0.0108775998503175
2020-06-29,0.00588074196612109
2020-06-30,-0.0034598515726194
2020-07-01,0.0360236075516506
2020-07-02,-0.0243316928824811
2020-07-03,0.0133961106754345
2020-07-06,0.0437077422286306
2020-07-07,0.0215386783839537
2020-07-08,0.0577914119573204
2020-07-09,-0.00941331017980522
2020-07-10,-0.012392736043973
2020-07-13,-0.0122695289138616
2020-07-14,0.0293104846528371
2020-07-15,-0.00643759458974239
2020-07-16,-0.01554453069587
2020-07-17,0.00730741454225227
2020-07-20,-0.0267716063371758
2020-07-21,0.0178945825504827
2020-07-22,0.0339139103921121
2020-07-23,0.0055263905467505
2020-07-24,-0.0207016012838011
2020-07-27,-0.00651552470878389
2020-07-28,0.0217306193188521
2020-07-29,-0.00276717586993074
2020-07-30,0.0175742374187828
2020-07-31,0.0160520425464804
2020-08-03,0.0289365281235573
2020-08-04,0.0240162788741964
2020-08-05,0.0115504198167425
2020-08-06,0.0203549416683508
2020-08-07,-0.0117457660571659
2020-08-10,0.0475015457685206
2020-08-11,-0.0601936186913366
2020-08-12,0.0341441296071893
2020-08-13,0.0314082858011543
2020-08-14,0.0408297133336388
2020-08-17,0.00763005109511491
2020-08-18,-0.0286949255739311
2020-08-19,-0.0541267182494732
2020-08-20,0.0548277789314376
2020-08-21,-0.057730763377517
2020-08-24,0.017172317100229
2020-08-25,-0.0647154950409867
2020-08-26,0.0217244502441402
2020-08-27,-0.0414809177958546
2020-08-28,0.0290815206819775
2020-08-31,-0.0101235129886667
2020-09-01,0.0229506961129346
2020-09-02,-0.0605334708108497
2020-09-03,-0.176319566524873
2020-09-04,0.0246233195590109
2020-09-07,-0.00751094735090245
2020-09-08,-0.00606829125065552
2020-09-09,0.0279451711097611
2020-09-10,0.029707265110742
2020-09-11,0.020008273518853
2020-09-14,0.00891536397478021
2020-09-15,-0.0496244259293729
2020-09-16,0.00246068344138521
2020-09-17,0.0156630740078192
2020-09-18,-0.000611613681176348
2020-09-21,-0.0558258311364976
2020-09-22,0.00221245730173937
2020-09-23,-0.0244290445712889
2020-09-24,0.0519079342020519
2020-09-25,0.00369769340603224
2020-09-28,0.00173985813303866
2020-09-29,0.0183644595435456
2020-09-30,0.00916575071032331
2020-10-01,-0.0204339710410945
2020-10-02,-0.0343414721578737
2020-10-05,0.00662554049881803
2020-10-06,-0.0583360490133835
2020-10-07,0.012065361205559
2020-10-08,0.0107601652523861
2020-10-09,0.0242455566583124
2020-10-12,0.0121364577768465
2020-10-13,-0.00851853371047492
2020-10-14,-0.0164423930686785
2020-10-15,-0.00898187655402591
2020-10-16,-0.0316103578653062
2020-10-19,0.00114041031834914
2020-10-20,-0.0507236322603587
2020-10-21,0.0484736601813765
2020-10-22,0.0344984808945311
2020-10-23,-0.00874232840837731
2020-10-26,-0.0233653640282235
2020-10-27,0.0113241096402508
2020-10-28,-0.0405994769206544
2020-10-29,-0.0119011359557675
2020-10-30,-0.00395899931065302
2020-11-02,-0.0357934718343993
2020-11-03,-0.000548033117505314
2020-11-04,0.00753268779124329
2020-11-05,0.0640898971241292
2020-11-06,0.0587542751193547
2020-11-09,-0.00952609022106176
2020-11-10,0.00646995816289787
2020-11-11,-0.00532303278754586
2020-11-12,-0.019302240956765
2020-11-13,0.0352633284910553
2020-11-16,0.0542810051356573
2020-11-17,0.0328467547750446
2020-11-18,-0.0225647068961312
2020-11-19,0.00833823305813884
2020-11-20,0.0479777302184403
2020-11-23,0.0976976991514055
2020-11-24,0.086954427629192
2020-11-25,0.0176896369773169
2020-11-26,-0.0713347042317922
2020-11-27,-0.0532467420430816
2020-11-30,0.0445495359524087
2020-12-01,-0.0558305451163787
2020-12-02,0.0358265511022944
2020-12-03,0.0158474335874567
2020-12-04,-0.0758083406659986
2020-12-07,-0.00763097169989683
2020-12-08,-0.0619440730091202
2020-12-09,0.0285617089915156
2020-12-10,-0.0357540604715724
2020-12-11,-0.0252505391128306
2020-12-14,0.0107695529625421
2020-12-15,-0.00763029646145229
2020-12-16,0.0617755436492605
2020-12-17,-0.0159887616891328
2020-12-18,0.0294040948926438
2020-12-21,-0.0532054682940055
2020-12-22,0.0306182664228397
2020-12-23,-0.12164527214724
2020-12-24,0.0794182725757361
2020-12-25,0.0346410883257059
2020-12-28,0.0466621280996586
2020-12-29,-0.0135818204811305
2020-12-30,-0.000860593628567019
2020-12-31,0.00272090759436737
2021-01-01,0.00621171405003806
2021-01-04,0.00916036899125214
2021-01-05,0.0450916213007957
2021-01-06,0.140477215032076
2021-01-07,0.00367008923891335
2021-01-08,-0.00947358976818205
2021-01-11,-0.110998839808511
2021-01-12,-0.00879997941657739
2021-01-13,0.084733010612539
2021-01-14,0.0206234968284159
2021-01-15,0.015250763977572
2021-01-18,0.0373601858493581
2021-01-19,-0.0171652145151553
2021-01-20,0.0201085173159011
2021-01-21,-0.132343603777674
2021-01-22,0.0700802603376066
2021-01-25,-0.0318809050968875
2021-01-26,0.0298999974218634
2021-01-27,-0.0741263074644643
2021-01-28,0.184235017574717
2021-01-29,0.0411300187289953
2021-02-01,0.0416020054921062
2021-02-02,0.0400737213122925
2021-02-03,0.104868610486133
2021-02-04,-0.00368996705807841
2021-02-05,0.126231643975109
2021-02-08,0.109694994708198
2021-02-09,0.131197028924612
2021-02-10,0.0340742157166656
2021-02-11,0.13565300168455
2021-02-12,0.0745807571727903
2021-02-15,-0.0219121691776485
2021-02-16,0.0097182938530115
2021-02-17,0.0414743145626324
2021-02-18,0.0623357614550788
2021-02-19,0.0392356654392265
2021-02-22,-0.0590448226993957
2021-02-23,-0.141860405034874
2021-02-24,0.0686806782240287
2021-02-25,-0.05854526174197
2021-02-26,-0.00291766251206392
2021-03-01,0.109744856279763
2021-03-02,-0.0108522402430118
2021-03-03,0.0682914347158659
2021-03-04,-0.00143589646440784
2021-03-05,0.0217383828750315
2021-03-08,0.0586969440568124
2021-03-09,0.0826958066737556
2021-03-10,-0.0130403115375982
2021-03-11,0.0505559487559261
2021-03-12,0.0301858200534604
2021-03-15,0.00726842769038255
2021-03-16,0.0237384442815683
2021-03-17,0.029154582441212
2021-03-18,-0.00820702205782598
2021-03-19,0.0539782677805138
2021-03-22,-0.0361609401192896
2021-03-23,0.0155365980207067
2021-03-24,-0.0481374100447124
2021-03-25,-0.0120960562177901
2021-03-26,0.0920369036379841
2021-03-29,0.0855145883097582
2021-03-30,0.035329375746467
2021-03-31,0.0185008586981202
2021-04-01,0.00782965239339881
2021-04-02,0.0322897470674639
2021-04-05,0.0785285198242774
2021-04-06,-0.0121680835544248
2021-04-07,-0.0695448369701004
2021-04-08,0.0973958517402004
2021-04-09,0.0178316282820086
2021-04-12,-0.0192925122898344
2021-04-13,0.0375621335780223
2021-04-14,0.00712326425733316
2021-04-15,0.0542931651287297
2021-04-16,0.0193753268648381
2021-04-19,-0.0708547997749125
2021-04-20,0.0291627205715649
2021-04-21,-0.0416185851137372
2021-04-22,-0.0929198870302666
2021-04-23,-0.0111853681371169
2021-04-26,0.160432456659797
2021-04-27,0.0822887639258789
2021-04-28,-0.0161335677787895
2021-04-29,-0.00124283791248824
2021-04-30,0.0693582444414225
2021-05-03,0.0332391102909387
2021-05-04,-0.0804155180174315
2021-05-05,0.11787969241563
2021-05-06,0.024855549883899
2021-05-07,0.00713558354770279
2021-05-10,-0.0965252393400513
2021-05-11,0.0720373300740177
2021-05-12,-0.158759615818315
2021-05-13,0.0357592637885921
2021-05-14,0.0574909823171658
2021-05-17,-0.099783051196798
2021-05-18,0.0472713404589097
2021-05-19,-0.324517278839325
2021-05-20,0.204856475387533
2021-05-21,-0.174086464692333
2021-05-24,0.364346859748166
2021-05-25,0.0306858111022814
2021-05-26,0.0851152761812188
2021-05-27,-0.0529753840632233
2021-05-28,-0.104934058254363
2021-05-31,0.0342605102982555
2021-06-01,0.00917760093444514
2021-06-02,0.0160372127466987
2021-06-03,0.0495483096949051
2021-06-04,-0.0705426355570621
2021-06-07,-0.0587301548083756
2021-06-08,0.0254039344972782
2021-06-09,0.0304218724044998
2021-06-10,-0.0352312823726301
2021-06-11,-0.0761065892556295
2021-06-14,0.00218308407927146
2021-06-15,-0.0118139629270925
2021-06-16,-0.0220498649380708
2021-06-17,0.0116991634348854
2021-06-18,-0.0347174773593561
2021-06-21,-0.154166555824872
2021-06-22,-0.00275195608266499
2021-06-23,0.0119639608259154
2021-06-24,0.00296592054398701
2021-06-25,-0.0251976041269312
2021-06-28,0.0117925251710012
2021-06-29,-0.000396866455076128
2021-06-30,-0.00237493776530398
2021-07-01,-0.0383390582471399
2021-07-02,-0.00223572411763895
2021-07-05,-0.0213356663862122
2021-07-06,0.026176740261524
2021-07-07,-0.0065247457900974
2021-07-08,-0.0416256618616237
2021-07-09,0.0104336804387702
2021-07-12,-0.0361547677266891
2021-07-13,0.00626802336079193
2021-07-14,-0.00256007493642739
2021-07-15,-0.0324764632020392
2021-07-16,-0.0523574732716766
2021-07-19,-0.0178620585929638
2021-07-20,-0.0183152517664849
2021-07-21,0.0182367327807545
2021-07-22,0.0181724647122693
2021-07-23,0.023941791257299
2021-07-26,-0.0258053905561862
2021-07-27,0.0420084832943367
2021-07-28,-0.00832467376695514
2021-07-29,0.0203515329526794
2021-07-30,0.0195810626648931
2021-08-02,0.018228773334593
2021-08-03,-0.0206332536808637
2021-08-04,0.033881630310849
2021-08-05,0.0188605343775267
2021-08-06,0.0336024861093378
2021-08-09,0.0354704702415767
2021-08-10,0.0652461941763202
2021-08-11,0.0716245282864972
2021-08-12,-0.016397376529384
2021-08-13,0.0977754451112729
2021-08-16,-0.0292839795914848
2021-08-17,-0.0557755848583538
2021-08-18,0.00166889480911167
2021-08-19,0.0699800030501017
2021-08-20,0.0366446258923775
2021-08-23,0.0327584173143926
2021-08-24,-0.0697267039186668
2021-08-25,0.0427888536817913
2021-08-26,-0.0763174152484016
2021-08-27,0.0672620138691685
2021-08-30,-0.0252530019245751
2021-08-31,0.0270514215582775
2021-09-01,0.058179085923764
2021-09-02,0.00460027793245216
2021-09-03,0.0320445918744385
2021-09-06,0.013666720476465
2021-09-07,-0.180543417884492
2021-09-08,0.0172295105928761
2021-09-09,0.0492141716852393
2021-09-10,-0.0472174740740861
2021-09-13,-0.0427820565453579
2021-09-14,0.0340963604478864
2021-09-15,0.0399741510403159
2021-09-16,-0.0166906987884201
2021-09-17,-0.0282053441293358
2021-09-20,-0.127440551454609
2021-09-21,-0.0223410795223273
2021-09-22,0.0850294544281434
2021-09-23,0.0673538444223031
2021-09-24,-0.0319116674064164
2021-09-27,-0.0364548304749458
2021-09-28,-0.0602479766620495
2021-09-29,0.0213772170304557
2021-09-30,0.0292977087337374
2021-10-01,0.058755207706124
2021-10-04,-0.0209514825919007
2021-10-05,0.0588151217871802
2021-10-06,0.00738713719299078
2021-10-07,0.00335533822859066
2021-10-08,0.0148017273425904
2021-10-11,0.00377898318062061
2021-10-12,-0.0140143440410467
2021-10-13,0.0347359201096148
2021-10-14,0.0121930547285115
2021-10-15,-0.000415940340888633
2021-10-18,-0.00142278212927932
2021-10-19,0.00849224629788015
2021-10-20,0.0441129567668741
2021-10-21,-0.0316153798029726
2021-10-22,0.00863774981913046
2021-10-25,0.0339051002236904
2021-10-26,-0.00164213357471134
2021-10-27,-0.099869389600954
2021-10-28,0.0550106629090154
2021-10-29,0.0395175498782171
2021-11-01,0.00798680411311512
2021-11-02,0.0496176005193754
2021-11-03,0.00103169137209228
2021-11-04,-0.0108407866596067
2021-11-05,-0.005747807742585
2021-11-08,0.0316548527614957
2021-11-09,0.00939712337478225
2021-11-10,-0.0350834977105283
2021-11-11,0.0354018199109786
2021-11-12,-0.00726269358958061
2021-11-15,-0.0118289142117282
2021-11-16,-0.069184039839755
2021-11-17,0.0150788867928576
2021-11-18,-0.0975847139730186
2021-11-19,0.0679139196935577
2021-11-22,-0.0473710543843771
2021-11-23,0.0357752364237649
2021-11-24,0.014366018752905
2021-11-25,0.0421552586084549
2021-11-26,-0.0931436393057381
2021-11-29,0.0113150989494292
2021-11-30,-0.0253068639343311
2021-12-01,0.0130293209461442
2021-12-02,-0.00401537922979066
2021-12-03,0.0141174070275122
2021-12-06,0.043138082632717
2021-12-07,-0.0192395546165126
2021-12-08,0.0287312902891015
2021-12-09,-0.0893724519247203
2021-12-10,-0.0102233149278357
2021-12-13,-0.0955678381163097
2021-12-14,0.0277346124335706
2021-12-15,-0.00639474749167486
2021-12-16,0.0685483982142293
2021-12-17,-0.00960175055259674
2021-12-20,0.00920045446227834
2021-12-21,0.0290778874991656
2021-12-22,-0.0044634040802947
2021-12-23,0.0478771786388635
2021-12-24,-0.00315163552637565
2021-12-27,0.0105164745403727
2021-12-28,-0.0798271670352553
2021-12-29,0.0051641109914179
2021-12-30,0.0073994271062093
2021-12-31,-0.00174998802814913
2022-01-03,0.00160008147393909
2022-01-04,-0.0100222991903235
2022-01-05,-0.074404856201172
2022-01-06,0.0248868410634045
2022-01-07,-0.058842279936305
2022-01-10,-0.0266350706044793
2022-01-11,0.0199956306790358
2022-01-12,0.0383217443377654
2022-01-13,-0.0346658927747594
2022-01-14,0.0314245801645045
2022-01-17,-0.0526186777427008
2022-01-18,-0.0135080281538151
2022-01-19,-0.0552167456502487
2022-01-20,-0.0221993965771917
2022-01-21,-0.0724051344236678
2022-01-24,0.0069145943682225
2022-01-25,0.00965960480556557
2022-01-26,-0.0294427289743524
2022-01-27,0.00254143333991035
2022-01-28,-0.0255168233849846
2022-01-31,0.043058248542321
2022-02-01,-0.0258087966000639
2022-02-02,-0.00276512169151705
2022-02-03,0.0125629406052635
2022-02-04,-0.0354338381865387
2022-02-07,0.00973676179233773
2022-02-08,-0.0147967280880721
2022-02-09,0.00714632261815554
2022-02-10,-0.0408995644925168
2022-02-11,-0.0368002243128054
2022-02-14,0.0113597721724287
2022-02-15,0.0467735127552171
2022-02-16,-0.00669036876592622
2022-02-17,-0.0472693146760368
2022-02-18,-0.0237213344282267
2022-02-21,0.0123482034377733
2022-02-22,-0.0374437406434684
2022-02-23,0.0353059353421866
2022-02-24,-0.00580445843791069
2022-02-25,-0.0236596396862305
2022-02-28,-0.00489722938263097
2022-03-01,0.00822945791259028
2022-03-02,-0.010917537280091
2022-03-03,-0.000897147148571485
2022-03-04,-0.0434608799714699
2022-03-07,0.0354454748453378
2022-03-08,-0.00502144711825988
2022-03-09,-0.00142938864720148
2022-03-10,-0.0270393046315693
2022-03-11,-0.0316253866922969
2022-03-14,0.0341806301798651
2022-03-15,-0.0335026408047434
2022-03-16,0.00793432249149122
2022-03-17,-0.0060733075045405
2022-03-18,0.0892828377801897
2022-03-21,0.00149274359802584
2022-03-22,0.0107348857651843
2022-03-23,0.00164044778132588
2022-03-24,0.00989203412211666
2022-03-25,-0.0157859857683886
2022-03-28,-0.011736398847901
2022-03-29,0.0381648257678229
2022-03-30,0.0308680194141541
2022-03-31,-0.0160807226324624
2022-04-01,0.0359799083658017
2022-04-04,-0.0234358256194607
2022-04-05,-0.0330352956382329
2022-04-06,-0.103820880790543
2022-04-07,0.0563388352516185
2022-04-08,-0.0408541705651344
2022-04-11,-0.0737790659303288
2022-04-12,0.00522541423195462
2022-04-13,-0.00698708527265174
2022-04-14,-0.00993988094368467
2022-04-15,-0.00838823793242609
2022-04-18,0.0201069976197491
2022-04-19,0.0013804223121506
2022-04-20,-0.0106588282667999
2022-04-21,-0.0464371206955977
2022-04-22,-0.00120220295635559
2022-04-25,0.00256178055200675
2022-04-26,-0.0678096899882065
2022-04-27,0.0188193790962823
2022-04-28,0.000309275748467186
2022-04-29,-0.0247764122824751
2022-05-02,-0.0112131049395029
2022-05-03,-0.0102675919765463
2022-05-04,0.0024319442108061
2022-05-05,-0.0237226421698498
2022-05-06,0.0223866997880297
2022-05-09,0.147580784246068
2022-05-10,-0.0326517779801614
2022-05-11,0.0700454406480385
2022-05-12,-0.0456856690654449
2022-05-13,-0.0989358318213578
2022-05-16,0.0484895847382611
2022-05-17,-0.0228331343679582
2022-05-18,0.0717319248404854
2022-05-19,-0.0449998832870913
2022-05-20,0.0199841851896303
2022-05-23,0.023894619829241
2022-05-24,-0.02405843285499
2022-05-25,0.0171740122320973
2022-05-26,0.0147647382139338
2022-05-27,0.00530353028522508
2022-05-30,-0.043574855200222
2022-05-31,-0.0142262292938312
2022-06-01,-0.00162382585896669
2022-06-02,-0.0145841494687453
2022-06-03,0.0493996176813784
2022-06-06,0.0234440412167862
2022-06-07,0.0681082379766631
2022-06-08,0.00729312629941479
2022-06-09,0.0190219573080011
2022-06-10,0.00485657722805132
2022-06-13,0.0198867790432147
2022-06-14,-0.0138766028902997
2022-06-15,-0.0437314521793236
2022-06-16,0.074651795324078
2022-06-17,-0.00232486600421357
2022-06-20,-0.0168668802889425
2022-06-21,-0.000419793384904758
2022-06-22,0.0633836796090487
2022-06-23,-0.0731600261148019
2022-06-24,-0.0397317792648846
2022-06-27,-0.026406909232538
2022-06-28,0.0153642516920638
2022-06-29,0.0277885644830875
2022-06-30,-0.0383809306763303
2022-07-01,-0.00251482544979657
2022-07-04,-0.0307850795038023
2022-07-05,-0.00482857030018394
2022-07-06,-0.00675547401246876
2022-07-07,-0.0456886199465335
2022-07-08,0.000136234851519241
2022-07-11,0.0092826576335948
2022-07-12,-0.0100472927459926
2022-07-13,-0.0342007227591195
2022-07-14,-0.0576789238805262
2022-07-15,0.00370349039685307
2022-07-18,0.0315479596836954
2022-07-19,-0.0246662733405312
2022-07-20,-0.0672889004028856
2022-07-21,0.0817913807023802
2022-07-22,-0.01648815261554
2022-07-25,-0.0813157303803048
2022-07-26,0.00500421947537203
2022-07-27,0.0291383559884389
2022-07-28,0.0533359848765702
2022-07-29,0.0925418001398359
2022-08-01,0.0228353932487682
2022-08-02,-0.0287072718491785
2022-08-03,-0.00799993105126654
2022-08-04,-0.00898659525316155
2022-08-05,0.0377582687566998
2022-08-08,-0.0029087920025369
2022-08-09,-0.0314018909177149
2022-08-10,0.0316829881348697
2022-08-11,-0.00549561513238703
2022-08-12,0.0170965093040095
2022-08-15,-0.00697186266864651
2022-08-16,0.00368318570423711
2022-08-17,-0.0449180299290162
2022-08-18,0.00915708646839351
2022-08-19,-0.0630347491106572
2022-08-22,0.0344483218420995
2022-08-23,-0.0212836527284496
2022-08-24,-0.0128622268637259
2022-08-25,-0.0231431675204032
2022-08-26,-0.0900176417544227
2022-08-29,-0.0374721242398434
2022-08-30,-0.0583417666348286
2022-08-31,0.0183967798233936
2022-09-01,-0.0102021819071373
2022-09-02,0.0117795973562093
2022-09-05,-0.00399371897264516
2022-09-06,-0.0621324240111615
2022-09-07,0.0444312205936424
2022-09-08,-0.0100571390111224
2022-09-09,0.0797022312202934
2022-09-12,-0.00127867928541044
2022-09-13,-0.0603856888008526
2022-09-14,0.0132420489757293
2022-09-15,-0.0596357431806235
2022-09-16,-0.0257090662463054
2022-09-19,-0.0248671150607889
2022-09-20,-0.0417830459840841
2022-09-21,0.00936100697029287
2022-09-22,0.0256821153608294
2022-09-23,-0.00259720302929553
2022-09-26,-0.0317828138609466
2022-09-27,0.0000687553738385027
2022-09-28,-0.00787705449121057
2022-09-29,0.0029030675743521
2022-09-30,-0.00723799307425985
2022-10-03,-0.0109069806001837
2022-10-04,-0.0320841848346604
2022-10-05,0.0011314150726354
2022-10-06,-0.014449322887411
2022-10-07,-0.0138059283677062
2022-10-10,-0.0348685116569878
2022-10-11,-0.00724662576657694
2022-10-12,-0.0131863441503855
2022-10-13,0.011527562901007
2022-10-14,0.00374830468064887
2022-10-17,-0.0133946706780379
2022-10-18,0.00487564754514387
2022-10-19,-0.0390535770164265
2022-10-20,-0.021776253232827
2022-10-21,-0.00555087421641647
2022-10-24,0.00360003202229288
2022-10-25,-0.0167201868705735
2022-10-26,0.0149801780534472
2022-10-27,-0.0194662832688683
2022-10-28,0.020833429572216
2022-10-31,0.0166987294769722
2022-11-01,0.00154690023724565
2022-11-02,0.0298985279514433
2022-11-03,0.0366070820394822
2022-11-04,0.0431178755716369
2022-11-07,-0.000996662779070607
2022-11-08,-0.152937647642107
2022-11-09,-0.157823557455714
2022-11-10,0.0577771966088783
2022-11-11,0.0184379770206158
2022-11-14,0.0359585605470938
2022-11-15,-0.017481714570013
2022-11-16,0.0335738876423917
2022-11-17,0.0128016321901859
2022-11-18,0.0245732720785187
2022-11-21,-0.00962046782483172
2022-11-22,-0.0300764187689771
2022-11-23,-0.0122604414219859
2022-11-24,-0.00842517992730558
2022-11-25,-0.00510796683023659
2022-11-28,-0.00228385741207987
2022-11-29,-0.012394698014974
2022-11-30,0.0320227187404818
2022-12-01,-0.00102704435332374
2022-12-02,0.010044944044865
2022-12-05,-0.0199099736575052
2022-12-06,0.00673372693146199
2022-12-07,-0.014936197161594
2022-12-08,0.0115360168036781
2022-12-09,0.0338877608860175
2022-12-12,-0.0390552775991524
2022-12-13,-0.00476301531571345
2022-12-14,0.00148334257962366
2022-12-15,-0.00535921863495483
2022-12-16,-0.0865945684108832
2022-12-19,-0.00376513803872829
2022-12-20,-0.0142555382243656
2022-12-21,0.0143881917599233
2022-12-22,0.0054115161566784
2022-12-23,-0.0126553969094493
2022-12-26,0.00947547073376446
2022-12-27,-0.0168079496475973
2022-12-28,-0.0141407027132273
2022-12-29,-0.00594192761450633
2022-12-30,-0.0175723019643199
2023-01-02,-0.000894129550498024
2023-01-03,-0.00181704415609097
2023-01-04,0.0100862495525021
2023-01-05,-0.0101467104177159
2023-01-06,0.0173837931435756
2023-01-09,0.0118861799491465
2023-01-10,0.0387532885383703
2023-01-11,0.00436500810472396
2023-01-12,0.0221332770989158
2023-01-13,0.0472824229090603
2023-01-16,0.000332708094408545
2023-01-17,0.00315229037784565
2023-01-18,-0.0590798599229758
2023-01-19,0.0260556182947167
2023-01-20,0.0725697203092835
2023-01-23,0.0258552732970173
2023-01-24,-0.0315415040802551
2023-01-25,0.0331233437926384
2023-01-26,0.0196109313815589
2023-01-27,0.021881564170115
2023-01-30,-0.0611622506836658
2023-01-31,0.0239466238696
2023-02-01,0.0354268212360636
2023-02-02,0.00237979313269566
2023-02-03,0.0324054381318676
2023-02-06,-0.0013073490066803
2023-02-07,0.0740941873363238
2023-02-08,-0.0235010892578265
2023-02-09,-0.0955977570992699
2023-02-10,0.0116347491318924
2023-02-13,-0.0316771810152526
2023-02-14,0.0401802636197454
2023-02-15,0.0770282331141801
2023-02-16,-0.0333212253252855
2023-02-17,0.0644099005415725
2023-02-20,0.0647475704898438
2023-02-21,-0.015973033812943
2023-02-22,-0.0137648435279461
2023-02-23,0.00369839188365253
2023-02-24,-0.0514913674924695
2023-02-27,-0.00296988234700292
2023-02-28,-0.0325791927178535
2023-03-01,0.051365746167831
2023-03-02,-0.0289142761967478
2023-03-03,-0.0629335995316955
2023-03-06,0.0040825508513485
2023-03-07,-0.0341614637661717
2023-03-08,-0.0706210635889344
2023-03-09,-0.0607164557873233
2023-03-10,0.0328048137728889
2023-03-13,0.0830834625823377
2023-03-14,0.0420229946094212
2023-03-15,-0.0582961217561135
2023-03-16,0.0213135767319156
2023-03-17,0.0917142185261708
2023-03-20,-0.0395469441512248
2023-03-21,0.0143970939752311
2023-03-22,-0.0440653744027632
2023-03-23,0.0453115303800505
2023-03-24,-0.0399929242383883
2023-03-27,-0.0510167111922256
2023-03-28,0.0207624867035112
2023-03-29,0.0312525650762104
2023-03-30,-0.0144558928012931
2023-03-31,0.0228541817082296
2023-04-03,0.00149606361446642
2023-04-04,0.0191240341721602
2023-04-05,0.0105288567977974
2023-04-06,-0.00764804131307627
2023-04-07,-0.00477117037746748
2023-04-10,0.0198814625341628
2023-04-11,-0.00622904812832304
2023-04-12,-0.0171374526771987
2023-04-13,0.0224405300627902
2023-04-14,0.0262254993475262
2023-04-17,-0.0172321727975838
2023-04-18,0.0296213341958883
2023-04-19,-0.0817019252848728
2023-04-20,-0.0265016365567781
2023-04-21,-0.047174206845424
2023-04-24,-0.00561472824534872
2023-04-25,0.0180304125144586
2023-04-26,-0.00634449105017498
2023-04-27,0.016670364800026
2023-04-28,-0.018624514787499
2023-05-01,-0.0212029044349322
2023-05-02,0.0132905615660198
2023-05-03,0.0124624276350812
2023-05-04,-0.0143488787625286
2023-05-05,0.0135614424118261
2023-05-08,-0.0551368697510964
2023-05-09,-0.0164805929878992
2023-05-10,-0.0027894496749879
2023-05-11,-0.0211616574447194
2023-05-12,0.00660684626343191
2023-05-15,-0.0058305385054405
2023-05-16,-0.00540163393957551
2023-05-17,0.0163436618394096
2023-05-18,-0.0164481339652074
2023-05-19,0.00594090077392819
2023-05-22,0.0115921609302881
2023-05-23,0.0261546880835429
2023-05-24,-0.00283642956488999
2023-05-25,-0.0105354745263676
2023-05-26,-0.000803765009537071
2023-05-29,0.000494151198313032
2023-05-30,0.0154634436061785
2023-05-31,-0.0333705514824276
2023-06-01,0.00257169426608969
2023-06-02,0.0188341884758202
2023-06-05,-0.0756183692553246
2023-06-06,0.0365949461538114
2023-06-07,-0.0548130232374003
2023-06-08,0.00418285290646405
2023-06-09,-0.00641776081194122
2023-06-12,0.00904018501723647
2023-06-13,-0.0250654598668149
2023-06-14,-0.0012997806368447
2023-06-15,0.00629595658869894
2023-06-16,-0.000332161113442798
2023-06-19,0.0210570874911073
2023-06-20,0.0237705095254915
2023-06-21,0.0332895941273496
2023-06-22,-0.00932199897680696
2023-06-23,0.0230595613316679
2023-06-26,-0.0192852547824979
2023-06-27,0.0194712731277251
2023-06-28,-0.039396215526554
2023-06-29,0.0138601132893258
2023-06-30,0.0250002142449685
2023-07-03,0.0333366998419277
2023-07-04,-0.0160134550566638
2023-07-05,-0.0183505212875935
2023-07-06,-0.0366671347726481
2023-07-07,0.010578421282321
2023-07-10,-0.0103557073359092
2023-07-11,-0.00504545602412628
2023-07-12,-0.00895044859565456
2023-07-13,0.0356635005079057
2023-07-14,-0.0255830431432678
2023-07-17,0.00558906365160965
2023-07-18,-0.0265974159242719
2023-07-19,0.0101128491903938
2023-07-20,0.0157509312860895
2023-07-21,-0.0261452200321997
2023-07-24,-0.0402263910081135
2023-07-25,0.00305814043031057
2023-07-26,0.0271911620868633
2023-07-27,-0.0066040547114168
2023-07-28,0.0134515133262961
2023-07-31,-0.0133593028490956
2023-08-01,0.0000770107053466857
2023-08-02,-0.0197662676562646
2023-08-03,-0.00592305576330431
2023-08-04,0.000188723451054455
2023-08-07,-0.0115695418947657
2023-08-08,-0.0122084660699667
2023-08-09,0.00270300775707885
2023-08-10,0.0142299678085459
2023-08-11,0.00721134969123359
2023-08-14,0.00579888722397184
2023-08-15,-0.0504922534627073
2023-08-16,-0.0362121342470714
2023-08-17,-0.0609321415945915
2023-08-18,0.0303717085960749
2023-08-21,0.0206693886013796
2023-08-22,-0.00723331800710775
2023-08-23,0.0166226047042107
2023-08-24,-0.0258577402689599
2023-08-25,-0.0316661697737657
2023-08-28,-0.00448067390932945
2023-08-29,0.0195931003692826
2023-08-30,0.00209860344435898
2023-08-31,-0.00874225379122059
2023-09-01,0.0100767492324284
2023-09-04,-0.0186303482895418
2023-09-05,-0.00786659891650329
2023-09-06,0.00267952485612789
2023-09-07,0.0276091165418608
2023-09-08,-0.0156136820338506
2023-09-11,-0.0187507945796455
2023-09-12,0.0000224893406261232
2023-09-13,0.0246427341984805
2023-09-14,0.00394030721515973
2023-09-15,0.0612508247461568
2023-09-18,0.00828775936527994
2023-09-19,0.0406310176828046
2023-09-20,0.0144359326329233
2023-09-21,-0.0340529921903434
2023-09-22,0.024783064397617
2023-09-25,0.00753140239514717
2023-09-26,0.0326689491557631
2023-09-27,0.0041510094208966
2023-09-28,0.00447252919392777
2023-09-29,0.0000387852563008432
2023-10-02,-0.0299125383195693
2023-10-03,-0.0322609387666786
2023-10-04,-0.00530283031486097
2023-10-05,-0.00559760118073867
2023-10-06,0.0359534229090402
2023-10-09,-0.0273227719731854
2023-10-10,-0.0127676356144495
2023-10-11,0.000608280471391162
2023-10-12,-0.0150264551797446
2023-10-13,0.000769151617394863
2023-10-16,0.0048139147746789
2023-10-17,-0.00651427837115632
2023-10-18,-0.024693566608452
2023-10-19,-0.0090842062959606
2023-10-20,0.0461568846199293
2023-10-23,0.0517454573519404
2023-10-24,0.0233682105330028
2023-10-25,0.0166935092238514
2023-10-26,-0.00349298567381386
2023-10-27,-0.0101014396916391
2023-10-30,0.0121931069935774
2023-10-31,-0.0136412535833694
2023-11-01,0.0364362884849179
2023-11-02,-0.0127407261965608
2023-11-03,0.00761119482895436
2023-11-06,0.0335362158972835
2023-11-07,-0.0129506884463027
2023-11-08,0.0279672575300111
2023-11-09,0.00487556839643788
2023-11-10,0.038380449612619
2023-11-13,-0.0490158760878402
2023-11-14,-0.00721624410073815
2023-11-15,0.05710456531617
2023-11-16,-0.0384866560137438
2023-11-17,0.00231406170448702
2023-11-20,-0.00350362969474752
2023-11-21,-0.0901951158697093
2023-11-22,0.0861263104147843
2023-11-23,0.0114585456291409
2023-11-24,0.0182949975478199
2023-11-27,-0.0268221258644409
2023-11-28,0.0175430756045733
2023-11-29,-0.00852110021310831
2023-11-30,0.00547831855889845
2023-12-01,0.0170081001311483
2023-12-04,0.033420305592558
2023-12-05,0.0223170619288365
2023-12-06,-0.0100517995369962
2023-12-07,0.0244892156894603
2023-12-08,0.0420084483544055
2023-12-11,-0.0471962521506531
2023-12-12,0.0149807963878343
2023-12-13,0.018615878753204
2023-12-14,0.022187611505937
2023-12-15,-0.0389507910359901
2023-12-18,0.00336127681514559
2023-12-19,-0.00023077105395467
2023-12-20,0.0443220529188723
2023-12-21,0.0331425902943391
2023-12-22,0.0193959415798177
2023-12-25,0.0445088155431504
2023-12-26,0.00883759146820146
2023-12-27,0.0104666229624166
2023-12-28,-0.03508842692815
2023-12-29,-0.00697684518773817
2024-01-01,0.0440902959778439
2024-01-02,-0.00638310635748258
2024-01-03,-0.0694947877957972
2024-01-04,0.0235980011203036
2024-01-05,-0.0288028119586355
2024-01-08,0.0554823817870296
2024-01-09,-0.044884950626248
2024-01-10,0.076903712122257
2024-01-11,0.0207626076190533
2024-01-12,-0.0416026710032276
2024-01-15,0.0155741430359671
2024-01-16,0.0236984510340226
2024-01-17,-0.00869208737202092
2024-01-18,-0.0505590269195117
2024-01-19,0.0119990275761086
2024-01-22,-0.0621662862825839
2024-01-23,-0.0134872695492452
2024-01-24,0.00742985689917321
2024-01-25,-0.0113760382458859
2024-01-26,0.0403450936196507
2024-01-29,0.0313836483355741
2024-01-30,-0.0155778594605921
2024-01-31,-0.0333604277344919
2024-02-01,0.0103762756661519
2024-02-02,0.0141032091407861
2024-02-05,0.0087510438524608
2024-02-06,0.00222088337447834
2024-02-07,0.0213104877029129
2024-02-08,0.00724574399801801
2024-02-09,0.0423033420700509
2024-02-12,0.0324445374419968
2024-02-13,0.00384686987769413
2024-02-14,0.035850523322158
2024-02-15,0.0292515665894271
2024-02-16,0.0114348360560002
2024-02-19,0.0180102969914262
2024-02-20,-0.0115604873473132
2024-02-21,-0.0171241288708733
2024-02-22,0.0162030411164229
2024-02-23,0.000502065983994418
2024-02-26,0.0300818957849559
2024-02-27,0.0149244694386265
2024-02-28,0.0142759743776101
2024-02-29,0.0165703286450942
2024-03-01,0.0605252895042037
2024-03-04,0.0155879548138971
2024-03-05,-0.0661363117636438
2024-03-06,0.0760355825029698
2024-03-07,0.039256296245959
2024-03-08,0.0102687447432483
2024-03-11,0.0455033606606957
2024-03-12,0.0191036814408689
2024-03-13,0.028561624219395
2024-03-14,-0.0188995554314007
2024-03-15,-0.0427016507967672
2024-03-18,-0.045499259653925
2024-03-19,-0.0863796698288602
2024-03-20,0.0949527944652714
2024-03-21,0.00285367166084606
2024-03-22,-0.00956724983069547
2024-03-25,0.0470791803375628
2024-03-26,0.0235892216237396
2024-03-27,-0.023526067858049
2024-03-28,0.025724176599249
2024-03-29,-0.00680176197733437
2024-04-01,-0.0432823629982518
2024-04-02,-0.0728133545206452
2024-04-03,-0.00338154922134647
2024-04-04,0.0363654256150895
2024-04-05,-0.0192911801039213
2024-04-08,0.0301007690656909
2024-04-09,-0.0444843189924914
2024-04-10,0.00452734131955745
2024-04-11,-0.0149137368113428
2024-04-12,-0.150770384802279
2024-04-15,-0.021555874523598
2024-04-16,-0.0110401769951035
2024-04-17,-0.0458719569916425
2024-04-18,0.0376651544601855
2024-04-19,-0.00977636351306234
2024-04-22,0.0278312864741276
2024-04-23,-0.00807479533397407
2024-04-24,-0.0368497245494767
2024-04-25,0.00215683552331632
2024-04-26,-0.0120689792690192
2024-04-29,-0.0145976917518355
2024-04-30,-0.0690881111703759
2024-05-01,-0.00854358736797157
2024-05-02,0.0115614185821039
2024-05-03,0.0393450602961826
2024-05-06,-0.0136548491392021
2024-05-07,-0.012211955819002
2024-05-08,-0.0197255586716794
2024-05-09,0.0383123191560838
2024-05-10,-0.0350964473750006
2024-05-13,-0.0201857482679901
2024-05-14,-0.0343413689010402
2024-05-15,0.0745646262606181
2024-05-16,-0.00754650562740341
2024-05-17,0.0252679299099825
2024-05-20,0.0722298490796072
2024-05-21,-0.00218427756717838
2024-05-22,-0.012591072910968
2024-05-23,-0.0182239209703041
2024-05-24,0.0107811357827435
2024-05-27,0.0240845391610335
2024-05-28,-0.0125786285810518
2024-05-29,-0.00830607445899432
2024-05-30,-0.00646749026108745
2024-05-31,0.00424251240046521
2024-06-03,0.00930611159204032
2024-06-04,0.0213730758603607
2024-06-05,0.0177109753388887
2024-06-06,-0.00884303955092961
2024-06-07,-0.0770654864381067
2024-06-10,-0.0253666525783778
2024-06-11,-0.059488842644018
2024-06-12,0.024441392692835
2024-06-13,-0.0404858068269208
2024-06-14,-0.0257744800098397
2024-06-17,-0.0589184415943299
2024-06-18,-0.0306674637749244
2024-06-19,-0.00949949679963337
2024-06-20,-0.0229385718362908
2024-06-21,-0.00830231243412769
2024-06-24,0.00157079426495148
2024-06-25,0.00887359998083843
2024-06-26,-0.0133310669670434
2024-06-27,0.00408504871325593
2024-06-28,-0.0396319684937033
2024-07-01,-0.0191190245640213
2024-07-02,-0.0167101632046995
2024-07-03,-0.0345379269442832
2024-07-04,-0.0764558759134369
2024-07-05,0.020724804790184
2024-07-08,0.0284781556227353
2024-07-09,0.0386444608039712
2024-07-10,0.00431906691908863
2024-07-11,-0.00886093377543421
2024-07-12,-0.00741079453556195
2024-07-15,0.0461916863483679
2024-07-16,-0.00641330002754876
2024-07-17,-0.00210300027120511
2024-07-18,-0.0140367716644768
2024-07-19,0.0285134929333336
2024-07-22,-0.0486090307073841
2024-07-23,-0.0233094468290232
2024-07-24,-0.013668652328269
2024-07-25,-0.020583835726217
2024-07-26,0.0290235749485903
2024-07-29,0.00916778634222461
2024-07-30,-0.0291486494658767
2024-07-31,-0.0240180959590464
2024-08-01,0.00815126663040988
2024-08-02,-0.0604378815156528
2024-08-05,-0.0446830609272893
2024-08-06,0.0122297009399388
2024-08-07,-0.00972918823375711
2024-08-08,0.0497165850257136
2024-08-09,-0.00447164010493392
2024-08-12,0.00594398497496058
2024-08-13,-0.0113519811282856
2024-08-14,0.00921205751111407
2024-08-15,-0.0244592602520185
2024-08-16,0.0508438876054653
2024-08-19,-0.0128301569076391
2024-08-20,0.0382773547914419
2024-08-21,0.00597781722291792
2024-08-22,0.0399646167064997
2024-08-23,0.0595754096247849
2024-08-26,-0.0514058972318914
2024-08-27,-0.047465371049846
2024-08-28,-0.0290569316640137
2024-08-29,0.0284904741703111
2024-08-30,-0.00846743784181348
2024-09-02,0.0252145651421193
2024-09-03,-0.0406984038004451
2024-09-04,-0.00182897958735731
2024-09-05,-0.0147184305647491
2024-09-06,-0.0374527339375653
2024-09-09,0.0262295868474724
2024-09-10,0.000110921458953491
2024-09-11,-0.0194271407876026
2024-09-12,0.0122262132449223
2024-09-13,0.00323718301728002
2024-09-16,-0.0361412818994362
2024-09-17,0.0286553915225787
2024-09-18,0.0261813602499825
2024-09-19,0.00940613610777233
2024-09-20,0.0224066041162581
2024-09-23,0.0212228348848543
2024-09-24,0.0219720940797331
2024-09-25,-0.0183762026148802
2024-09-26,0.0308629860265993
2024-09-27,0.0205038628952952
2024-09-30,-0.0539237524287541
2024-10-01,-0.0650965303436604
2024-10-02,-0.0127113053141588
2024-10-03,-0.0294095054674356
2024-10-04,0.0689414311143486
2024-10-07,0.0248146891845387
2024-10-08,-0.0283444244034793
2024-10-09,-0.0358133772646302
2024-10-10,-0.00626533504086125
2024-10-11,0.0252267693352432
2024-10-14,0.0344604267682184
2024-10-15,-0.0128126577409293
2024-10-16,-0.0112370973743971
2024-10-17,-0.0125542696299139
2024-10-18,0.0221881321166312
2024-10-21,-0.0297599566087138
2024-10-22,-0.00415221304445287
2024-10-23,-0.0429248169572079
2024-10-24,0.00859415959649934
2024-10-25,-0.070662974354458
2024-10-28,-0.000542953571143588
2024-10-29,0.0272935429773446
2024-10-30,0.000455863284498039
2024-10-31,-0.0446460099732008
2024-11-01,-0.0112140053327259
2024-11-04,0.0269216407234721
2024-11-05,0.0209858510705
2024-11-06,0.0721507911521551
2024-11-07,0.0126729798420777
2024-11-08,0.00861405971674999
2024-11-11,0.0501682220716263
2024-11-12,-0.0413888729818686
2024-11-13,-0.0326720895551983
2024-11-14,-0.0305419525503613
2024-11-15,-0.00258478218029948
2024-11-18,0.06898467337026
2024-11-19,-0.0217480401015601
2024-11-20,-0.041941345637731
2024-11-21,0.0603446107483846
2024-11-22,0.0450512189645906
2024-11-25,-0.0224275104032886
2024-11-26,-0.00470174667162704
2024-11-27,0.0624664548098145
2024-11-28,-0.00142800963003876
2024-11-29,0.0334091630132872
2024-12-02,0.0340970656901944
2024-12-03,0.0934695347134698
2024-12-04,0.02182593967858
2024-12-05,-0.0115031593901712
2024-12-06,0.0408648617162553
2024-12-09,-0.171532195029417
2024-12-10,-0.0283955486117847
2024-12-11,0.082348559042767
2024-12-12,0.0407702757125971
2024-12-13,0.00914271099340755
2024-12-16,-0.0344769398751122
2024-12-17,-0.0499826243833438
2024-12-18,-0.0953149995059948
2024-12-19,-0.0719722043722158
2024-12-20,0.042978351952971
2024-12-23,0.0589968432247181
2024-12-24,0.038627428097309
2024-12-25,-0.0012348476706792
2024-12-26,-0.0528783297746009
2024-12-27,0.0172357276334379
2024-12-30,-0.0231795187444591
2024-12-31,-0.00986173706585767
2025-01-01,0.0219385928050335
2025-01-02,0.0235767494373501
2025-01-03,0.042484454718895
2025-01-06,0.0110078465113466
2025-01-07,-0.101575012525875
2025-01-08,-0.0214213305973217
2025-01-09,-0.0130980518198396
2025-01-10,0.00120453710911995
2025-01-13,-0.0366349412579943
2025-01-14,0.0365862790562892
2025-01-15,0.0608743077963115
2025-01-16,-0.0200908184963756
2025-01-17,0.0500822932953544
2025-01-20,0.0152686126085485
2025-01-21,0.0269879818408823
2025-01-22,-0.0219077713561756
2025-01-23,-0.000274637722514464
2025-01-24,-0.0152930338515638
2025-01-27,-0.0148954666264187
2025-01-28,-0.0411759865298924
2025-01-29,0.0290383241694427
2025-01-30,0.0524038145308102
2025-01-31,-0.00639851326890021
2025-02-03,0.0719563254217287
2025-02-04,-0.0514483925804115
2025-02-05,-0.031984910513827
2025-02-06,-0.0254245387627673
2025-02-07,-0.00462585148531635
2025-02-10,0.0352588655053499
2025-02-11,-0.0104057539144939
2025-02-12,0.0432850286982373
2025-02-13,-0.0363110451447814
2025-02-14,0.0236999365574888
2025-02-17,-0.0130116826707519
2025-02-18,-0.0283817083502627
2025-02-19,-0.00419071245415969
2025-02-20,0.0174480231115032
2025-02-21,-0.0167230033756576
2025-02-24,-0.0566383969532902
2025-02-25,0.0376908912735303
2025-02-26,0.0203061956280659
2025-02-27,-0.00909683214489705
2025-02-28,-0.0073720798115435
2025-03-03,-0.087477779632111
2025-03-04,0.000824682274896434
2025-03-05,-0.00260133196085005
2025-03-06,-0.0114593087667673
2025-03-07,-0.0227462215109303
2025-03-10,-0.0116875326231294
2025-03-11,0.0509097936374883
2025-03-12,-0.0190185500587397
2025-03-13,-0.0138371747526798
2025-03-14,0.028406245246753
2025-03-17,0.0102417383980704
2025-03-18,0.0136759331134526
2025-03-19,0.00669603489465759
2025-03-20,0.00789178308815749
2025-03-21,0.00375415002979589
2025-03-24,0.00397849042020797
2025-03-25,-0.000487913916387593
2025-03-26,-0.0122775449806766
2025-03-27,0.00918802621465511
2025-03-28,-0.0304264327488463
2025-03-31,-0.00604459815044685
2025-04-01,-0.0465808656940562
2025-04-02,-0.0367555922978681
2025-04-03,0.071700703528786
2025-04-04,-0.00986187256433715
2025-04-07,0.01947787482512
2025-04-08,-0.148351418380613
2025-04-09,0.0382615615484596
2025-04-10,-0.0278678000636082
2025-04-11,0.01636100204934
2025-04-14,-0.0126892576700412
2025-04-15,-0.00134649710260054
2025-04-16,0.0343722772986689
2025-04-17,-0.0285780710739839
2025-04-18,-0.0175723582741572
2025-04-21,-0.00758642146574577
2025-04-22,0.0239150165758408
2025-04-23,-0.00529686425681475
2025-04-24,0.0178390656319963
2025-04-25,0.0221761133289118
2025-04-28,0.0193299629554245
2025-04-29,-0.0287544109629687
2025-04-30,0.0660244492497162
2025-05-01,-0.0143525712489317
2025-05-02,0.00783889934389591
2025-05-05,-0.00531280158918856
2025-05-06,-0.0167130455160394
2025-05-07,-0.00551172286669438
2025-05-08,0.051546687789639
2025-05-09,0.0301520435426712
2025-05-12,0.00472219743801142
2025-05-13,0.0314181022326521
2025-05-14,-0.0391104755510001
2025-05-15,-0.0615513303490536
2025-05-16,-0.0035444489269727
2025-05-19,-0.00681603779411819
2025-05-20,0.0152886227095708
2025-05-21,0.0128905453374888
2025-05-22,0.0393438690507639
2025-05-23,-0.0518277226797509
2025-05-26,0.00498100623825356
2025-05-27,0.0230615966345751
2025-05-28,-0.00565218663938217
2025-05-29,-0.00275954602451676
2025-05-30,-0.077109875985612
2025-06-02,0.00147473305933659
2025-06-03,0.00512076317968114
2025-06-04,-0.0108951090888604
2025-06-05,-0.058792136051201
2025-06-06,-0.0125730830396036
2025-06-09,0.050573872578076
2025-06-10,0.0260775391939535
2025-06-11,-0.0361289580199464
2025-06-12,-0.0447957351313722
2025-06-13,-0.017203761261147
2025-06-16,0.013701436473203
2025-06-17,-0.0405693311083377
2025-06-18,0.00670792163646123
2025-06-19,-0.00202773379667094
2025-06-20,-0.0195589087767084
2025-06-23,0.0591267428189915
2025-06-24,0.00866285487431956
2025-06-25,0.00742370454867398
2025-06-26,-0.0132607400746094
2025-06-27,0.0151488558483911
2025-06-30,-0.0119266328435546
2025-07-01,-0.0252212379800725
2025-07-02,0.025539838274205
2025-07-03,0.00023406237067952
2025-07-04,-0.0189659835925259
2025-07-07,-0.00936742691006193
2025-07-08,0.00891853762175653
2025-07-09,0.0158347143213459
2025-07-10,0.046324026876667
2025-07-11,0.00384053826436816
2025-07-14,0.00729771991953594
2025-07-15,0.0209176031256855
2025-07-16,0.0260118915449827
2025-07-17,0.0136459388136316
2025-07-18,-0.00711117614915218
2025-07-21,0.0193756920202241
2025-07-22,-0.00675552604775892
2025-07-23,-0.0682747313914286
2025-07-24,-0.0139842863884503
2025-07-25,0.0167740761475493
2025-07-28,-0.0536048019117642
2025-07-29,-0.015141534005493
2025-07-30,-0.0170664405169561
2025-07-31,-0.024115662291307
2025-08-01,-0.0415552593720206
2025-08-04,0.0390808498122118
2025-08-05,-0.034930942737113
2025-08-06,0.0139594228463099
2025-08-07,0.0419278876985321
2025-08-08,0.028614244115692
2025-08-11,-0.0402700382317183
2025-08-12,0.0462610375150181
2025-08-13,0.0285209293189707
2025-08-14,-0.079576847740564
2025-08-15,0.00902647198238168
2025-08-18,-0.0332642630446363
2025-08-19,-0.0392928650007401
2025-08-20,0.0317644453826618
2025-08-21,-0.0198525703890067
2025-08-22,0.0716297155393993
2025-08-25,-0.0720089645985153
2025-08-26,0.0210560417807826
2025-08-27,0.00089657968192422
2025-08-28,0.00024455185640982
2025-08-29,-0.0411489098793865
2025-09-01,-0.0398477411579857
2025-09-02,0.023905833704742
2025-09-03,0.00850501401167182
2025-09-04,-0.0248876580455053
2025-09-05,0.00719182921290866
2025-09-08,0.00702073788406771
2025-09-09,0.000567026410320623
2025-09-10,0.0109501418281552
2025-09-11,0.00908035552683007
2025-09-12,0.0202074619501295
2025-09-15,-0.0446512929352885
2025-09-16,0.0152139423877475
2025-09-17,0.0229903496166022
2025-09-18,0.00644484051109359
2025-09-19,-0.0300625469795319
2025-09-22,-0.0702076424033307
2025-09-23,0.00122168287402976
2025-09-24,0.0126125074410355
2025-09-25,-0.0529155332308144
2025-09-26,0.082684876857234
2025-09-29,0.00167770776579233
2025-09-30,-0.0249146028526409
2025-10-01,0.0202615184118486
2025-10-02,0.0321785697352878
2025-10-03,0.0107567978621755
2025-10-06,0.0297684693401787
2025-10-07,-0.0359121845827663
2025-10-08,0.0157909089791514
2025-10-09,-0.0185604339598992
2025-10-10,-0.199194247355946
2025-10-13,0.0463258359405749
2025-10-14,-0.0331568479550016
2025-10-15,-0.0508275549996177
2025-10-16,-0.026690142326421
2025-10-17,-0.00538838724683858
2025-10-20,0.000850568056692913
2025-10-21,-0.0390041436076637
2025-10-22,-0.0389194261133796
2025-10-23,0.0178625490101552
2025-10-24,0.00399963097322511
2025-10-27,-0.0282149830357023
2025-10-28,-0.0222712359832864
2025-10-29,-0.00494001312203636
2025-10-30,-0.0323223297445624
2025-10-31,0.0444152518300403
2025-11-03,-0.00665477181269673
2025-11-04,0.0690910404302052
2025-11-05,0.0511088357764054
2025-11-06,-0.0160753730939756
2025-11-07,0.0471231914838323
2025-11-10,-0.0186999248073758
2025-11-11,-0.0507156373558649
2025-11-12,-0.00100210857756253
2025-11-13,-0.0414982844053632
2025-11-14,-0.0199371270738079
2025-11-17,-0.0313269344649508
2025-11-18,-0.00828248218486772
2025-11-19,-0.0210502764556583
2025-11-20,-0.0161548007130704
2025-11-21,-0.112092001217971
2025-11-24,0.00243189116682097
2025-11-25,-0.00269030806142946
2025-11-26,0.01934804918264
2025-11-27,-0.00177195426482969
2025-11-28,0.000392519067465305
2025-12-01,-0.037446176119407
2025-12-02,0.00302184797709224
2025-12-03,0.00274811368020325
2025-12-04,-0.0155069930656732
2025-12-05,-0.0302151576672672
2025-12-08,0.00906319767977128
2025-12-09,0.0359422834934022
2025-12-10,0.000236209042565295
2025-12-11,-0.0108409554004819
2025-12-12,-0.0171371287160508
2025-12-15,-0.038938431357955
2025-12-16,-0.00370602042932143
2025-12-17,-0.0282718378740918
2025-12-18,0.00618259317680029
2025-12-19,0.0294730112549344
2025-12-22,-0.0130311998504386
2025-12-23,-0.0150909082871878
2025-12-24,-0.00115038808518921
2025-12-25,0.0855321203128079
2025-12-26,0.0026683016677512
2025-12-29,-0.00897797071533995
2025-12-30,-0.00196620116204713
2025-12-31,-0.0138541781950855
2026-01-01,-0.00348384037889154
2026-01-02,0.0041111914641555
2026-01-05,0.0111154264352958
2026-01-06,-0.00152563443573199
2026-01-07,-0.0343851249294778
2026-01-08,-0.00250188349398467
2026-01-09,-0.00225418621399548
2026-01-12,0.00927192995752091
2026-01-13,0.0171993276349558
2026-01-14,0.00531232257366714
2026-01-15,-0.00942653095724978
2026-01-16,0.0248515145357534
2026-01-19,-0.0220282320112734
2026-01-20,-0.0414187421719897
2026-01-21,0.0381184827773965
2026-01-22,-0.00176523000363438
2026-01-23,0.00396146983377531
2026-01-26,0.0346989631345066
2026-01-27,0.0036903658816316
2026-01-28,-0.0231216874687405
2026-01-29,-0.0336133248357767
2026-01-30,-0.0277394052485316
2026-02-02,-0.0109029933745123
2026-02-03,0.00128006263519482
2026-02-04,0.00393901940158091
2026-02-05,-0.0628232871864835
2026-02-06,0.0332601249504452
2026-02-09,-0.00207402620275713
2026-02-10,-0.0123880686579306
2026-02-11,0.00637260847679922
2026-02-12,-0.0254577057096914
2026-02-13,0.00813213825225366
2026-02-16,0.00371535023126867
2026-02-17,-0.017430528589998
2026-02-18,-0.0285159231907881
2026-02-19,0.00935530362320752
2026-02-20,0.0154771519328328
2026-02-23,-0.0219694799127439
2026-02-24,-0.00114083686257976
2026-02-25,0.00868113126984382
2026-02-26,-0.0061784628300451
2026-02-27,-0.0143975918836514
2026-03-02,0.0227891870007357
2026-03-03,-0.0294078398143963
2026-03-04,0.0167956841631866
2026-03-05,-0.0135520244682233
2026-03-06,-0.0122992356814783
2026-03-09,0.0288445456127747
2026-03-10,-0.00309519257373677
2026-03-11,0.0228095626830448
2026-03-12,-0.0279442876602848
2026-03-13,0.0263141136772757
2026-03-16,0.0175712535147969
2026-03-17,-0.0205938592980331
2026-03-18,-0.0255486918624545
2026-03-19,-0.0238961256627418
2026-03-20,-0.016428410725201
2026-03-23,0.0395220491155291
2026-03-24,0.0214626668324025
2026-03-25,-0.000477811811571659
2026-03-26,-0.023603024164918
2026-03-27,-0.014925456312646
2026-03-30,0.0466449740290697
2026-03-31,-0.00185674416317731
2026-04-01,0.0558605509756457
2026-04-02,-0.0237782056026615
2026-04-03,0.0200196883152299
2026-04-06,-0.0216774240559275
2026-04-07,0.000484060286831227
2026-04-08,-0.0222289199167986
2026-04-09,0.0200309510024193
2026-04-10,0.00465581681365583
2026-04-13,0.0133185443033712
2026-04-14,-0.00581467271729478
2026-04-15,0.0258368326573363
2026-04-16,-0.00774378818577011
2026-04-17,0.00221957350228582
2026-04-20,0.0235979011280443
2026-04-21,-0.0223872027074012
2026-04-22,-0.00120490850481927
2026-04-23,0.00616609927006892
2026-04-24,-0.00454553975832171
2026-04-27,-0.0119026408822839
2026-04-28,0.000770578383643469
2026-04-29,-0.0201668400872467
2026-04-30,0.00135071532588306
2026-05-01,0.0184263344713091
2026-05-04,0.00974642997725036
2026-05-05,0.0347036163033662
2026-05-06,-0.00106502406703549
2026-05-07,0.0239778069806993
2026-05-08,0.032004507257433
2026-05-11,-0.00797853147631978
2026-05-12,-0.0254195688201489
2026-05-13,-0.0366564040715804
2026-05-14,0.00991668886494692
2026-05-15,-0.0468205844587356
2026-05-18,-0.0010528915526235
2026-05-19,-0.0149013149834061
2026-05-20,0.0197078161615002
2026-05-21,0.0121791145051023
2026-05-22,-0.0514689066308381
2026-05-25,0.0226054439069445
2026-05-26,0.00190967845661087
2026-05-27,-0.0380160448817672
2026-05-28,-0.0383285951373068
2026-05-29,0.0217194786021865
